date,open,high,low,close,volume
2016-05-12,25.639999,26.969999,25.49,26.67,6437000
2016-05-13,26.91,28.200001,26.6,28.200001,884100
2016-05-16,28.51,29.15,27.690001,28.700001,313600
2016-05-17,28.4,28.530001,27.34,27.959999,157100
2016-05-18,28.25,29.42,27.844999,29.280001,232500
2016-05-19,29.780001,29.99,28.495001,28.52,135000
2016-05-20,28.6,29.040001,28.275,29,115000
2016-05-23,29.049999,29.885,28.73,29.15,291500
2016-05-24,29.17,29.5,28.9,28.940001,177000
2016-05-25,28.75,29,28.360001,28.360001,107600
2016-05-26,28.129999,28.92,27.690001,27.73,233500
2016-05-27,27.780001,28.299999,27.5,27.92,101600
2016-05-31,27.75,28.549999,27.450001,28.129999,125200
2016-06-01,28,28.280001,27.9,28,66200
2016-06-02,27.870001,29.049999,27.719999,28,211200
2016-06-03,28,28.469999,27.57,28.110001,181500
2016-06-06,29.110001,29.110001,28.23,28.33,267900
2016-06-07,28.23,28.84,28.205,28.459999,131500
2016-06-08,28.360001,28.68,28.309999,28.43,111800
2016-06-09,28.280001,28.559999,27.969999,28.35,196300
2016-06-10,28.27,28.49,27.969999,28.15,151900
2016-06-13,28.129999,28.41,27.605,28.26,247200
2016-06-14,28.110001,28.440001,27.280001,27.940001,160100
2016-06-15,27.91,28.459999,27.822001,28.360001,180900
2016-06-16,28.190001,28.549999,27.75,28.200001,138300
2016-06-17,28.23,28.360001,27.16,27.290001,428400
2016-06-20,27.9,29.379999,27.504999,29.290001,315000
2016-06-21,29.23,30.99,28.709999,30.84,560300
2016-06-22,29.93,31.68,29.58,31.58,797900
2016-06-23,32,33.900002,31.445,33.720001,497800
2016-06-24,32.689999,35,32.380001,33.66,1620300
2016-06-27,33.48,34.240002,32.779999,32.990002,333200
2016-06-28,33.599998,35,33.57,34.790001,214100
2016-06-29,35.02,35.290001,33.18,33.98,231600
2016-06-30,33.779999,34.369999,33.361,33.990002,205400
2016-07-01,34,35.900002,34,35.169998,200100
2016-07-05,35.009998,36.189999,34.419998,35.950001,196000
2016-07-06,35.849998,37.889999,35.256001,35.459999,514800
2016-07-07,35.849998,35.849998,34.41,34.779999,274700
2016-07-08,34.939999,36.900002,34.939999,36.740002,153600
2016-07-11,36.75,37.580002,36.549999,36.84,136500
2016-07-12,36.970001,37.77,36.919998,37.369999,188000
2016-07-13,37.509998,37.560001,36.830002,37.029999,132400
2016-07-14,37.240002,37.490002,35.380001,35.599998,191900
2016-07-15,35.790001,36.799999,35.75,36.419998,105100
2016-07-18,36.240002,38.5,36.220001,38.310001,161900
2016-07-19,38.009998,38.380001,37.570999,37.860001,112400
2016-07-20,37.82,38.439999,37.16,37.27,154200
2016-07-21,37.279999,37.380001,36.75,37.310001,155800
2016-07-22,37.200001,37.59,36.689999,37.18,148200
2016-07-25,37.25,40.549999,37.25,39.27,519900
2016-07-26,39.490002,40.299,38.720001,38.959999,265400
2016-07-27,38.869999,39.139999,38.599998,38.759998,221900
2016-07-28,38.880001,39.150002,38.580002,38.93,66600
2016-07-29,39.07,40.52,38.25,38.84,199300
2016-08-01,38.900002,39.080002,37.619999,38.740002,114300
2016-08-02,38.98,38.98,37.775002,38.029999,110600
2016-08-03,37.950001,39.400002,37.950001,38.43,108900
2016-08-04,38.389999,38.622002,37.18,37.400002,108800
2016-08-05,37.5,37.999001,37.291,37.580002,134700
2016-08-08,37.490002,37.490002,36.105,36.849998,207900
2016-08-09,37,37.459999,35.93,37.16,105200
2016-08-10,37.299999,38.07,36.389999,37.84,80400
2016-08-11,37.84,38.43,37.59,38.34,46600
2016-08-12,38.419998,39.025002,38.32,38.669998,130700
2016-08-15,38.880001,39.48,38.220001,38.490002,191000
2016-08-16,38.5,38.740002,37.810001,38.380001,124100
2016-08-17,37.369999,37.369999,33.66,36.18,1085400
2016-08-18,36.150002,37.689999,36.150002,37.41,706600
2016-08-19,37.220001,38.889999,36.901001,38.23,444000
2016-08-22,38.189999,40.209999,37.939999,39.75,286400
2016-08-23,39.779999,40.810001,39.630001,40.560001,176900
2016-08-24,40.450001,40.450001,39.509998,39.68,335900
2016-08-25,39.549999,39.549999,38.560001,38.810001,254400
2016-08-26,39.02,39.02,37.91,38.299999,225700
2016-08-29,38.380001,38.810001,37.970001,38.380001,154200
2016-08-30,38.259998,38.57,37.900002,38.259998,155900
2016-08-31,38.139999,38.400002,37.700001,38.240002,112100
2016-09-01,38.279999,38.450001,37.779999,37.939999,102800
2016-09-02,38.080002,38.48,37.549999,37.950001,262000
2016-09-06,38.060001,39.610001,37.669998,38.16,307800
2016-09-07,38.759998,39.080002,36.73,39.02,299200
2016-09-08,38.84,40.544998,38.830002,40.189999,408200
2016-09-09,39.990002,39.990002,36.369999,36.52,485100
2016-09-12,36.299999,36.849998,34.790001,36.720001,615300
2016-09-13,36.799999,38.049999,36.799999,37.970001,301600
2016-09-14,38.02,38.419998,37.459999,38.150002,156300
2016-09-15,38.299999,39.369999,37.610001,39.200001,260500
2016-09-16,39.130001,40.450001,38.040001,39.509998,1194100
2016-09-19,39.869999,40.970001,39.139999,40.240002,333100
2016-09-20,40.400002,40.450001,38.654999,38.869999,262500
2016-09-21,39.029999,39.492001,38.040001,38.810001,217100
2016-09-22,39.209999,39.27,36.939999,37.220001,310000
2016-09-23,37.189999,37.605,36.619999,37.02,190600
2016-09-26,36.779999,37.169998,36.285,36.349998,200900
2016-09-27,36.34,36.77,35.700001,36.110001,292400
2016-09-28,36.139999,36.310001,35.57,35.91,306100
2016-09-29,35.900002,36.049999,35.330002,35.68,256300
2016-09-30,35.57,36.209999,35.400002,35.93,233500
2016-10-03,35.959999,36.299999,35.5,36.18,193200
2016-10-04,36.310001,36.860001,36.09,36.849998,174500
2016-10-05,37,37.004002,36.310001,36.59,182800
2016-10-06,36.380001,36.759998,35.91,36.150002,389200
2016-10-07,36.189999,36.34,35.52,36.25,153100
2016-10-10,36.369999,36.759998,36.290001,36.650002,187100
2016-10-11,36.400002,36.459999,35.82,36.02,291600
2016-10-12,35.900002,36.41,35.84,36.360001,134100
2016-10-13,36.080002,36.080002,34.41,34.610001,273400
2016-10-14,34.73,35.439999,34.610001,34.779999,196500
2016-10-17,34.689999,34.720001,33.630001,33.669998,130700
2016-10-18,33.93,34.009998,32.34,32.389999,255200
2016-10-19,32.34,32.669998,31.290001,32.32,617300
2016-10-20,32.290001,32.384998,31.85,31.959999,257000
2016-10-21,31.719999,32.25,31.639999,31.75,149400
2016-10-24,31.940001,32.549999,31.834999,32.119999,179900
2016-10-25,32.02,32.259998,31.52,31.74,236200
2016-10-26,31.68,31.75,31.219999,31.24,124300
2016-10-27,31.389999,31.389999,30.15,30.34,193000
2016-10-28,30.24,31.02,30.24,30.77,143200
2016-10-31,30.809999,31.190001,30.540001,31.18,198600
2016-11-01,31.16,31.323999,30.48,30.51,104000
2016-11-02,30.48,30.76,30.280001,30.280001,165000
2016-11-03,30.34,30.450001,29.860001,29.98,119900
2016-11-04,30.09,30.26,29.76,29.82,193900
2016-11-07,30.17,30.52,29.85,30.51,204400
2016-11-08,29.049999,30.57,26.6,29.91,1657900
2016-11-09,29.309999,33.299999,28.921,32.310001,427300
2016-11-10,32.400002,32.474998,30.370001,30.65,286300
2016-11-11,30.51,32.040001,30.290001,32.029999,289900
2016-11-14,32.23,35.049999,32.07,34.299999,404600
2016-11-15,34.52,36.189999,34.27,35.240002,410000
2016-11-16,34.48,34.93,33.630001,34.709999,290400
2016-11-17,34.77,36.119999,34.77,35.330002,273000
2016-11-18,35.200001,35.32,34.540001,35.009998,333600
2016-11-21,35.130001,35.48,33.66,34.41,304700
2016-11-22,34.610001,36,34.455002,35.98,399300
2016-11-23,36,36.549999,35.689999,35.75,277300
2016-11-25,35.950001,36.395,35.110001,35.599998,219400
2016-11-28,35.48,35.549999,34.5,35.07,375700
2016-11-29,33.5,34.299999,32.91,33.740002,1413800
2016-11-30,33.77,33.889999,32.810001,33.5,6240400
2016-12-01,33.470001,33.740002,32.25,32.299999,1258200
2016-12-02,32.369999,32.599998,30.870001,32.060001,1019700
2016-12-05,32.169998,33.490002,31.950001,33.18,1001300
2016-12-06,33.439999,33.439999,31.84,32.439999,659400
2016-12-07,32.419998,33.290001,32.25,33.02,418900
2016-12-08,33.400002,33.849998,33.080002,33.509998,481000
2016-12-09,33.549999,33.919998,33,33.41,754200
2016-12-12,33.349998,33.82,32.580002,32.799999,298800
2016-12-13,32.91,32.91,32.080002,32.220001,364000
2016-12-14,32.18,32.369999,31.68,31.719999,350100
2016-12-15,31.889999,33.169998,31.52,33.169998,433400
2016-12-16,33.09,33.689999,32.814999,33.669998,552500
2016-12-19,33.68,35.439999,33.32,35.009998,492500
2016-12-20,35.25,35.650002,34.560001,35.360001,683900
2016-12-21,35.439999,35.5,34.66,35.209999,247900
2016-12-22,35.32,35.599998,34.665001,35.27,220000
2016-12-23,35.27,35.529999,34.380001,35,227000
2016-12-27,35.169998,35.77,35.139999,35.5,210900
2016-12-28,35.630001,35.630001,34.599998,34.91,474600
2016-12-29,35.009998,35.150002,34.599998,35.029999,275600
2016-12-30,35.25,35.25,34.240002,34.73,212200
2017-01-03,35.139999,36.379002,34.689999,35.720001,642900
2017-01-04,35.860001,36.990002,35.380001,36.77,480500
2017-01-05,36.689999,36.889999,36.040001,36.450001,529100
2017-01-06,36.34,36.68,35.400002,36.5,413500
2017-01-09,36.560001,36.669998,35.810001,36.560001,379200
2017-01-10,36.5,36.560001,36.049999,36.560001,348600
2017-01-11,36.490002,37.139999,36.110001,36.889999,276900
2017-01-12,36.919998,36.919998,36.049999,36.380001,354700
2017-01-13,36.540001,36.810001,35.98,36.080002,364000
2017-01-17,36.09,36.279999,35.68,36.240002,155400
2017-01-18,36.200001,36.689999,35.985001,36.549999,197700
2017-01-19,36.57,37.099998,36.380001,36.849998,218800
2017-01-20,36.939999,37.349998,36.630001,37.259998,298300
2017-01-23,37.27,37.400002,36.060001,37.09,225900
2017-01-24,37.32,37.529999,36.900002,37.380001,345300
2017-01-25,37.639999,37.970001,37.400002,37.82,265200
2017-01-26,37.889999,38.040001,37.700001,37.810001,281100
2017-01-27,37.830002,37.959999,37.669998,37.830002,107800
2017-01-30,37.560001,38.139999,37.158001,38.02,330400
2017-01-31,37.860001,38.459999,37.709999,38.419998,247300
2017-02-01,38.490002,39.139999,37.790001,38.080002,352200
2017-02-02,38.110001,38.400002,37.950001,38.119999,173500
2017-02-03,38.380001,38.52,37.860001,38.169998,120900
2017-02-06,38.23,38.75,37.98,38.18,141000
2017-02-07,38.25,38.439999,38.009998,38.43,124300
2017-02-08,38.279999,38.360001,37.619999,38.02,267800
2017-02-09,38.130001,38.389999,37.75,37.970001,267600
2017-02-10,38.139999,38.990002,37.889999,38.720001,240900
2017-02-13,38.98,39.41,38.419998,38.580002,114100
2017-02-14,38.59,39.119999,37.970001,38.860001,341700
2017-02-15,38.790001,38.790001,38.189999,38.59,268600
2017-02-16,38.540001,38.919998,38.459999,38.860001,136600
2017-02-17,38.84,39.02,38.48,38.73,83900
2017-02-21,38.900002,39.560001,38.900002,39.360001,182100
2017-02-22,39.299999,39.990002,39.220001,39.48,291400
2017-02-23,39.59,39.75,39.25,39.529999,219800
2017-02-24,39.18,39.560001,38.950001,39.290001,292500
2017-02-27,39.139999,39.849998,39.139999,39.57,291100
2017-02-28,39.389999,39.5,38.950001,39.209999,343100
2017-03-01,39.68,40.75,39.389999,39.799999,302800
2017-03-02,39.709999,39.779999,39.040001,39.419998,250700
2017-03-03,39.419998,40.040001,39.419998,39.939999,281400
2017-03-06,39.720001,40.450001,39.720001,39.830002,247600
2017-03-07,39.939999,40.445,39.240002,39.380001,534000
2017-03-08,39.470001,40.25,39.250999,39.889999,163000
2017-03-09,39.880001,40.009998,39.57,39.759998,221200
2017-03-10,40.009998,40.130001,39.529999,40.060001,259900
2017-03-13,40.060001,40.790001,39.990002,40.669998,595000
2017-03-14,40.73,40.98,39.965,40.950001,448700
2017-03-15,41.049999,44.419998,41,43.900002,594700
2017-03-16,44.450001,44.994999,44.029999,44.93,462700
2017-03-17,45,45.869999,44.5,45.32,1086800
2017-03-20,45.400002,46.080002,45.110001,45.5,506800
2017-03-21,45.790001,45.790001,44.59,44.84,444000
2017-03-22,45.099998,46.740002,45,46.630001,393100
2017-03-23,46.810001,47.490002,46.455002,46.700001,573600
2017-03-24,46.98,47.41,46.775002,46.849998,391500
2017-03-27,46.349998,46.970001,45.700001,46.740002,233700
2017-03-28,46.59,47.450001,46.5,47.169998,161700
2017-03-29,47.279999,47.424999,46.779999,46.889999,222200
2017-03-30,46.91,47.59,46.619999,47.549999,235800
2017-03-31,47.48,48.68,47.345001,48.41,370100
2017-04-03,47.77,48.5,47.450001,48.380001,431300
2017-04-04,48.34,49.07,48.313,49,261500
2017-04-05,49.34,50.040001,48.380001,48.389999,250900
2017-04-06,48.41,49.610001,48.029999,49.59,173700
2017-04-07,49.450001,49.669998,49.150002,49.169998,129500
2017-04-10,49.16,49.369999,48.900002,49.099998,98500
2017-04-11,48.990002,49.278,48.417999,48.700001,194600
2017-04-12,48.619999,48.700001,47.09,47.119999,325800
2017-04-13,46.959999,47.169998,46.169998,46.240002,362200
2017-04-17,46.150002,47.049999,46,47.040001,416400
2017-04-18,46.830002,47.900002,46.43,46.639999,313400
2017-04-19,47,48.130001,46.883999,48.080002,226100
2017-04-20,48.18,48.810001,47.77,47.880001,153800
2017-04-21,47.860001,48.349998,47.441002,48.290001,155500
2017-04-24,49,49.360001,48.509998,48.599998,304000
2017-04-25,47.59,48.23,46.540001,48.200001,957900
2017-04-26,47.82,48.16,47.299999,47.5,6184800
2017-04-27,47.549999,48.639999,47.5,48.009998,1189800
2017-04-28,48.279999,48.509998,47.5,47.810001,583000
2017-05-01,48.099998,48.790001,47.825001,48.52,491800
2017-05-02,48.549999,48.619999,47.77,48.080002,351500
2017-05-03,47.950001,48.790001,47.084999,48.59,500500
2017-05-04,48.689999,48.700001,47.959999,48.630001,486000
2017-05-05,48.889999,49.509998,48.380001,49.400002,812800
2017-05-08,49.310001,49.450001,49.02,49.419998,246500
2017-05-09,49.490002,49.5,48.830002,49.43,340200
2017-05-10,49.889999,51.105,48.57,50.080002,847800
2017-05-11,50.09,50.490002,49.610001,50.060001,481000
2017-05-12,49.869999,49.869999,47.41,49.02,972600
2017-05-15,49.240002,49.34,48.700001,48.889999,405400
2017-05-16,48.720001,49.509998,48.23,49.369999,905800
2017-05-17,48.939999,49.080002,47.68,48.009998,633700
2017-05-18,47.790001,49.505001,47.419998,48.869999,415500
2017-05-19,48.990002,50.110001,48.990002,49.52,543800
2017-05-22,49.709999,50.040001,49.330002,50.040001,408700
2017-05-23,50.099998,51.169998,50.099998,50.68,319500
2017-05-24,50.709999,51.16,50.23,50.34,323600
2017-05-25,50.57,52.279999,50.27,51.93,474800
2017-05-26,51.900002,52.505001,51.5,52,290300
2017-05-30,52.330002,52.490002,51.540001,51.59,569100
2017-05-31,51.599998,53.18,51.189999,53.18,531000
2017-06-01,53.349998,53.349998,52.400002,52.66,765000
2017-06-02,52.82,53.52,52.779999,53.049999,310100
2017-06-05,53.119999,53.25,52.539001,52.68,263700
2017-06-06,52.400002,52.669998,51.330002,51.369999,474300
2017-06-07,51.41,51.505001,50.779999,51.41,448700
2017-06-08,51.279999,52.060001,51.174999,51.77,510100
2017-06-09,51.959999,52.279999,50.25,50.720001,542900
2017-06-12,50.5,50.5,48.909,49.830002,977000
2017-06-13,49.77,50.919998,49.48,50.330002,676500
2017-06-14,50.349998,50.709999,49.880001,50.630001,363600
2017-06-15,50.130001,50.540001,49.860001,50.220001,311500
2017-06-16,50.07,50.259998,49.32,49.740002,522900
2017-06-19,50.02,50.950001,49.599998,50.799999,933200
2017-06-20,50.740002,51.119999,50.310001,51.119999,540800
2017-06-21,51.200001,51.634998,50.73,51.279999,423600
2017-06-22,51.279999,52.02,50.68,51.75,488200
2017-06-23,51.779999,52.740002,51.369999,52.16,2860800
2017-06-26,52.18,52.650002,51.880001,52.02,450000
2017-06-27,52.02,52.279999,51.145,51.240002,480400
2017-06-28,51.529999,52.169998,51.299999,51.91,419900
2017-06-29,51.830002,51.939999,51.119999,51.439999,382600
2017-06-30,51.48,52.599998,51.150002,52.060001,318200
2017-07-03,52.209999,52.310001,51.549999,52.09,192100
2017-07-05,52.07,53.68,51.967999,53.5,361300
2017-07-06,53.119999,53.439999,52.560001,53.049999,464200
2017-07-07,52.91,53.57,52.68,53.5,506500
2017-07-10,53.400002,53.529999,52.59,52.610001,414800
2017-07-11,52.459999,53.049999,52.25,52.869999,332200
2017-07-12,53.16,53.595001,53.09,53.330002,452800
2017-07-13,53.25,53.52,52.740002,52.860001,472500
2017-07-14,52.630001,52.785,52.220001,52.529999,661200
2017-07-17,52.529999,52.970001,52.279999,52.580002,333000
2017-07-18,52.369999,52.599998,51.470001,51.709999,519100
2017-07-19,51.790001,52.119999,50.939999,51.209999,668500
2017-07-20,51.669998,52.709999,51,51.799999,806800
2017-07-21,51.900002,52.790001,51.32,52.619999,1624600
2017-07-24,52.799999,53.73,52.709999,53.450001,908000
2017-07-25,53.669998,53.869999,52.849998,52.880001,409400
2017-07-26,53.009998,53.485001,52.75,53.099998,561900
2017-07-27,53.25,53.32,51.57,51.82,637800
2017-07-28,51.59,52.57,51.27,52.470001,535300
2017-07-31,52.580002,52.75,51.955002,52.5,371700
2017-08-01,52.75,52.98,52.18,52.540001,441700
2017-08-02,52.549999,52.75,51.93,52.040001,319700
2017-08-03,52.259998,52.66,51.75,52.139999,247700
2017-08-04,52.400002,52.720001,52.029999,52.689999,334300
2017-08-07,52.779999,52.939999,52.509998,52.779999,308700
2017-08-08,52.759998,53.029999,52.310001,52.560001,432300
2017-08-09,52.02,52.810001,51.419998,52.310001,524000
2017-08-10,52.209999,52.419998,50.939999,50.970001,439500
2017-08-11,50.490002,51.669998,50.130001,50.880001,730000
2017-08-14,51.400002,51.990002,51.389999,51.41,552200
2017-08-15,51.509998,51.509998,50.41,50.970001,553100
2017-08-16,51.049999,51.400002,50.880001,51.259998,336200
2017-08-17,51.080002,51.349998,50.57,50.57,323800
2017-08-18,50.240002,50.48,49.34,49.34,620100
2017-08-21,49.330002,49.591,48.445,48.93,287600
2017-08-22,49.060001,49.560001,49.055,49.389999,192100
2017-08-23,49.119999,49.619999,48.799999,49.169998,341300
2017-08-24,49.380001,49.77,48.490002,48.529999,251000
2017-08-25,48.66,48.77,48.310001,48.400002,278600
2017-08-28,48.580002,49.16,48.189999,49.049999,210000
2017-08-29,48.66,49.23,48.52,49,196100
2017-08-30,48.93,49.950001,48.91,49.689999,594700
2017-08-31,49.75,50.360001,49.650002,50.240002,529700
2017-09-01,50.380001,50.990002,50.27,50.849998,341800
2017-09-05,50.869999,51.48,50.57,51.16,421800
2017-09-06,51.450001,51.450001,50.91,51.119999,232700
2017-09-07,51.110001,51.68,50.990002,51.630001,240100
2017-09-08,51.560001,51.889999,51.450001,51.669998,244000
2017-09-11,51.990002,52.450001,51.77,52.099998,261400
2017-09-12,52.150002,52.400002,51.970001,52.200001,178100
2017-09-13,52.040001,52.639999,51.73,52.450001,218300
2017-09-14,52.389999,53.240002,52.060001,52.700001,262600
2017-09-15,52.759998,53.174999,52.41,53.029999,520200
2017-09-18,53.169998,53.724998,52.919998,53.669998,409600
2017-09-19,53.619999,55.049999,53.41,54.84,448400
2017-09-20,54.810001,56.23,54.810001,56.02,469600
2017-09-21,56.139999,57.23,55.939999,56.330002,378000
2017-09-22,56.220001,56.59,56,56.029999,285400
2017-09-25,56.049999,56.529999,55.610001,55.950001,388800
2017-09-26,56.029999,56.605,55.740002,56.240002,360700
2017-09-27,56.41,58.080002,56.369999,57.470001,401400
2017-09-28,57.220001,57.959999,57.09,57.389999,354500
2017-09-29,57.32,58.119999,57.32,58.099998,194800
2017-10-02,58.240002,59.165001,58.240002,58.950001,425700
2017-10-03,59.02,60.119999,58.939999,60.02,462600
2017-10-04,60.509998,62.060001,60.080002,61.689999,637400
2017-10-05,61.700001,62.189999,61.400002,61.610001,243500
2017-10-06,61.439999,62.48,61.09,62.450001,264100
2017-10-09,62.450001,62.630001,61.759998,62.189999,323500
2017-10-10,62.400002,62.580002,61.73,62.130001,285900
2017-10-11,61.98,62.485001,61.669998,62.279999,183100
2017-10-12,62.130001,63.09,62.009998,62.799999,144700
2017-10-13,62.919998,62.98,62.130001,62.290001,250800
2017-10-16,62.689999,62.799999,62.349998,62.57,273900
2017-10-17,62.599998,62.845001,61.560001,61.919998,380700
2017-10-18,62.040001,62.52,61.27,62.389999,218900
2017-10-19,62.150002,62.259998,61.139999,61.790001,355400
2017-10-20,62,62.689999,61.52,62.599998,342200
2017-10-23,62.369999,63,61.939999,62.91,161800
2017-10-24,63.080002,63.900002,62.77,62.889999,246300
2017-10-25,62.959999,63.07,62.150002,62.540001,185400
2017-10-26,62.990002,62.990002,62.580002,62.860001,286700
2017-10-27,62.790001,63.5,62.5,63.41,166500
2017-10-30,63.290001,63.290001,62.669998,62.73,243700
2017-10-31,63.009998,63.715,63,63.509998,310500
2017-11-01,63.599998,64.230003,62.869999,63.419998,376200
2017-11-02,63.459999,64.669998,63.279999,64.360001,297300
2017-11-03,64.470001,64.559998,63.200001,63.580002,309800
2017-11-06,63.720001,64.529999,63.459999,64.010002,400500
2017-11-07,64.120003,64.150002,63.529999,64,374700
2017-11-08,61,62.560001,60.080002,62.439999,896400
2017-11-09,62.5,64.989998,62.18,63.509998,349900
2017-11-10,63.470001,66.955002,63.470001,66.730003,623600
2017-11-13,66.370003,68.93,66.199997,68.639999,468800
2017-11-14,68.480003,70.559998,68.389999,69.589996,744100
2017-11-15,69.220001,69.910004,68.239998,68.360001,465700
2017-11-16,68.57,69.709999,68.394997,69,291400
2017-11-17,68.790001,71.199997,68.510002,71.199997,400300
2017-11-20,71.199997,72.790001,71.160004,71.949997,279100
2017-11-21,72,72.440002,71.25,72.25,325900
2017-11-22,72.190002,73.160004,71.629997,71.629997,319300
2017-11-24,71.739998,72.269997,71.489998,71.910004,65900
2017-11-27,71.989998,72.010002,70.419998,70.830002,326400
2017-11-28,71.209999,72.970001,70.730003,72.839996,552500
2017-11-29,72.839996,73.349998,72.510002,73.139999,281700
2017-11-30,73.599998,74.800003,73.279999,74.779999,322200
2017-12-01,75,75.519997,73.709999,75,409800
2017-12-04,75.129997,75.660004,74.220001,74.349998,510500
2017-12-05,74.290001,74.848,71.370003,71.919998,413600
2017-12-06,71.550003,71.745003,70.57,70.620003,381100
2017-12-07,70.510002,71.32,70.510002,70.970001,382800
2017-12-08,71.5,71.639999,70.639999,70.779999,245200
2017-12-11,71.150002,71.349998,70.57,71.129997,212000
2017-12-12,71.339996,71.800003,70.459999,70.650002,326400
2017-12-13,71.050003,72.129997,70.870003,71.010002,180300
2017-12-14,70.940002,71.610001,69.779999,69.800003,148800
2017-12-15,70.32,72.099998,69.800003,71.82,509500
2017-12-18,72.290001,72.766998,71.339996,72.309998,222200
2017-12-19,72.519997,72.834999,71.879997,72.129997,114300
2017-12-20,72.150002,74.389999,72.150002,74.370003,220300
2017-12-21,74.25,74.599998,73.75,74.099998,397400
2017-12-22,74.089996,74.800003,73.43,74.339996,354600
2017-12-26,74.279999,75.940002,74.279999,75.93,180100
2017-12-27,75.940002,77.07,75.925003,76.160004,188500
2017-12-28,76.300003,76.75,76.010002,76.559998,187100
2017-12-29,76.739998,77.309998,76.459999,76.699997,319000
2018-01-02,77,77.400002,76.190002,76.279999,215800
2018-01-03,76.190002,76.285004,73.580002,73.620003,308500
2018-01-04,73.620003,73.629997,72.440002,73.269997,295500
2018-01-05,73.540001,73.919998,72.010002,72.919998,228000
2018-01-08,72.839996,73.75,72.25,72.300003,535800
2018-01-09,72.57,73.050003,71.870003,71.900002,315600
2018-01-10,71.610001,71.739998,70.510002,70.900002,261900
2018-01-11,70.839996,71.464996,70.339996,71.400002,227700
2018-01-12,71.489998,72.331001,71.300003,71.480003,179800
2018-01-16,71.379997,71.970001,70.959999,71.18,319400
2018-01-17,71.120003,72.739998,71.120003,72.269997,271500
2018-01-18,72.059998,72.980003,71.239998,71.400002,198800
2018-01-19,71.209999,73.900002,71.209999,73.330002,327300
2018-01-22,73.589996,74.739998,73.154999,74.730003,367300
2018-01-23,73.860001,74.330002,71.330002,72.660004,631900
2018-01-24,73.010002,74.919998,72.839996,73.370003,342200
2018-01-25,73.739998,74.760002,73.555,74.639999,227700
2018-01-26,76.790001,79.510002,76.055,78.849998,501500
2018-01-29,78.75,79.510002,78.18,78.669998,320800
2018-01-30,78,78.440002,77.080002,77.730003,212500
2018-01-31,78.300003,78.858002,76.110001,76.160004,211100
2018-02-01,76.050003,76.839996,75.07,75.32,273300
2018-02-02,74.940002,75.480003,73.870003,74.220001,245800
2018-02-05,73.300003,74.620003,71.989998,72.110001,246900
2018-02-06,70.589996,73.370003,69.07,72.800003,338800
2018-02-07,72.540001,73.754997,72.379997,73.080002,159400
2018-02-08,73.32,73.32,71.669998,71.68,375000
2018-02-09,72.379997,73.099998,68.669998,72.529999,300700
2018-02-12,72.879997,75.120003,72.57,74.510002,215800
2018-02-13,74.230003,75.040001,73.110001,74.93,304100
2018-02-14,74.57,77.510002,74.050003,77.040001,191300
2018-02-15,77.669998,78.269997,76.459999,78.110001,185600
2018-02-16,77.839996,79.919998,77.510002,78.739998,226600
2018-02-20,78,80.555,73.269997,73.440002,391400
2018-02-21,74.290001,75.114998,71.57,71.800003,495900
2018-02-22,72.019997,72.459999,70.339996,72.220001,366700
2018-02-23,72.400002,74.019997,72.309998,74.019997,199400
2018-02-26,74.620003,74.900002,73.535004,74.459999,185700
2018-02-27,72.860001,73.639999,71.010002,71.400002,333200
2018-02-28,71.660004,71.660004,68.720001,68.839996,493300
2018-03-01,68.900002,69.639999,67.120003,68.449997,367100
2018-03-02,68.309998,70.120003,67.029999,69.889999,243100
2018-03-05,69.410004,71.919998,68.940002,71.400002,215400
2018-03-06,71.779999,72.739998,71.379997,72.139999,306000
2018-03-07,71.540001,73.720001,71.540001,73.339996,350600
2018-03-08,73.379997,73.459999,71.790001,72.720001,256500
2018-03-09,73.129997,74.300003,72.959999,73.309998,247600
2018-03-12,73.400002,74.660004,73.400002,73.730003,176900
2018-03-13,74.220001,75.129997,73.510002,74.199997,143100
2018-03-14,74.459999,75.489998,74.449997,74.93,167400
2018-03-15,75.18,75.18,72.389999,73,188000
2018-03-16,73,74.580002,72.629997,74.010002,239100
2018-03-19,73.93,73.949997,72.760002,73.760002,183400
2018-03-20,73.949997,75.480003,73.949997,75.230003,124200
2018-03-21,75.389999,77.019997,74.790001,75.980003,331500
2018-03-22,75.220001,75.709999,73.349998,73.449997,179800
2018-03-23,73.75,73.870003,72.610001,72.75,275700
2018-03-26,74.330002,76.360001,73.669998,76.309998,513400
2018-03-27,76.330002,76.839996,74.589996,74.980003,331400
2018-03-28,75.150002,75.150002,72.139999,73.489998,349400
2018-03-29,74.32,77.489998,74.050003,77.040001,395400
2018-04-02,76.449997,76.970001,73.110001,73.660004,232700
2018-04-03,74.32,74.919998,73.459999,74.57,214900
2018-04-04,73.269997,77.089996,73.190002,76.779999,219500
2018-04-05,77.25,78.709999,77.089996,77.82,228600
2018-04-06,77.660004,78.720001,76.43,77.400002,340100
2018-04-09,78.139999,78.339996,76.739998,76.870003,216100
2018-04-10,78.220001,78.220001,76.739998,77.199997,244400
2018-04-11,76.370003,77.139999,75.849998,76.18,177500
2018-04-12,76.400002,77.480003,75.480003,76.769997,223800
2018-04-13,77.230003,77.459999,76.120003,77.279999,259000
2018-04-16,77.879997,78.720001,77.629997,78.269997,180000
2018-04-17,79.050003,79.714996,78.358002,79.360001,196200
2018-04-18,79.82,79.82,77.750999,78.610001,235600
2018-04-19,78.239998,78.760002,76.650002,77.449997,278900
2018-04-20,77.110001,77.324997,75.489998,75.620003,315700
2018-04-23,75.910004,76.43,73.93,74.089996,230600
2018-04-24,73.419998,74.349998,71.739998,72.169998,362600
2018-04-25,71.790001,71.790001,68.769997,69.190002,421200
2018-04-26,69.809998,69.809998,67.760002,68.800003,350400
2018-04-27,68.910004,69.360001,68.309998,68.940002,231900
2018-04-30,69.110001,69.370003,68.25,68.5,169200
2018-05-01,68.269997,69.110001,67.650002,68.769997,490000
2018-05-02,68.959999,73.480003,68.959999,71.440002,1252400
2018-05-03,71.279999,74.25,71.279999,73.07,489300
2018-05-04,72.410004,73.879997,71.629997,73.669998,362700
2018-05-07,73.970001,74.669998,73.07,73.900002,466000
2018-05-08,73.68,74.910004,73.25,73.699997,186300
2018-05-09,73.870003,74.599998,73.059998,74.419998,217700
2018-05-10,74.970001,75.919998,73.989998,75.720001,182000
2018-05-11,75.870003,77.239998,75.760002,77.160004,186500
2018-05-14,77.230003,77.949997,76.800003,77.480003,202200
2018-05-15,77.050003,77.598999,76.279999,77.010002,227500
2018-05-16,77.099998,79.169998,76.510002,78.93,362400
2018-05-17,78.959999,81.639999,78.529999,80.669998,525600
2018-05-18,80.980003,81.290001,80.050003,80.800003,496400
2018-05-21,80.830002,81.220001,79.809998,79.940002,159500
2018-05-22,80.260002,80.260002,76.790001,77.029999,325700
2018-05-23,76.650002,78.010002,75.699997,76.370003,399300
2018-05-24,76.309998,76.900002,75.599998,75.949997,227700
2018-05-25,75.889999,76.379997,74.559998,74.699997,193900
2018-05-29,74.059998,74.800003,73.139999,73.599998,379400
2018-05-30,74.349998,76.43,74.040001,74.339996,369100
2018-05-31,74.620003,75.870003,74.190002,75.650002,313400
2018-06-01,76.120003,79.449997,76.120003,78.43,376100
2018-06-04,79.199997,79.319,78.059998,78.900002,175100
2018-06-05,78.870003,80.239998,78.410004,79.389999,273400
2018-06-06,79.519997,81.230003,79.169998,81.139999,224800
2018-06-07,81.639999,84.379997,81.639999,83.720001,558500
2018-06-08,83.720001,86.764999,83.720001,86.580002,404800
2018-06-11,86.589996,87.68,86.5,87.160004,424000
2018-06-12,87.519997,89.209999,86.489998,89.099998,396800
2018-06-13,89.480003,90.279999,87.93,88.040001,611700
2018-06-14,88.32,89.970001,88.32,89.889999,284200
2018-06-15,89.300003,91.360001,88.839996,90.519997,459200
2018-06-18,90.040001,91.940002,90.040001,91.849998,316200
2018-06-19,91.110001,92.370003,90.879997,92.360001,289400
2018-06-20,91.989998,95.489998,91.989998,94.519997,702300
2018-06-21,94.5,94.739998,91.800003,92.029999,681300
2018-06-22,92.489998,92.720001,88.18,89.589996,1030600
2018-06-25,89.07,89.07,86.68,87.620003,294700
2018-06-26,87.720001,88.470001,87.059998,87.75,262700
2018-06-27,87.940002,88.669998,86.93,86.949997,358600
2018-06-28,86.919998,87.010002,82.68,83.730003,909700
2018-06-29,84.18,84.75,82.760002,83.970001,338500
2018-07-02,83.269997,85.199997,83.269997,84.699997,334700
2018-07-03,83.800003,83.959999,80.230003,80.889999,462600
2018-07-05,81.129997,81.779999,79.5,81.620003,652500
2018-07-06,81.550003,83.860001,80.5,83.410004,376900
2018-07-09,84.57,85.43,83.010002,83.379997,349800
2018-07-10,84.040001,84.878998,82.462997,83.849998,222700
2018-07-11,83,83.940002,82.18,82.690002,220700
2018-07-12,83.400002,85.349998,82.18,85.300003,327500
2018-07-13,85.330002,87.389999,84.839996,86.099998,189300
2018-07-16,85.879997,86.714996,85.160004,85.57,261600
2018-07-17,85.540001,88.010002,85.239998,87.860001,304600
2018-07-18,88.339996,91.510002,88.18,90.300003,333000
2018-07-19,89.760002,92.809998,89.535004,92.709999,232400
2018-07-20,92.580002,93.849998,91.410004,93.099998,253000
2018-07-23,93.059998,93.25,90.489998,90.589996,406700
2018-07-24,91.360001,91.550003,88.559998,88.610001,299000
2018-07-25,87.660004,88.559998,87.269997,87.699997,424600
2018-07-26,87.580002,88.550003,86.880997,87.720001,254200
2018-07-27,88.139999,88.690002,86.900002,88.07,408400
2018-07-30,88.529999,88.849998,85.129997,85.809998,424000
2018-07-31,86.110001,89.875,85,89.160004,656800
2018-08-01,83.300003,85.419998,80.629997,83.860001,1218800
2018-08-02,83.5,89.489998,83.5,89.129997,468700
2018-08-03,89.089996,90.379997,88.800003,89.860001,405400
2018-08-06,90.470001,92.959999,89.510002,91.839996,342900
2018-08-07,92.040001,93.459999,91.529999,93.220001,236800
2018-08-08,93.029999,93.910004,92.089996,93.029999,230500
2018-08-09,93.129997,95.040001,92.82,93.120003,525300
2018-08-10,92.540001,93.260002,91.410004,91.959999,297400
2018-08-13,92,92,88.07,88.970001,484400
2018-08-14,89.050003,90.532997,88.410004,89.690002,422000
2018-08-15,89.209999,89.230003,86.959999,88.32,353900
2018-08-16,88.949997,89.669998,87.720001,88.610001,189700
2018-08-17,88.339996,89.339996,88.010002,88.949997,195600
2018-08-20,89.360001,89.989998,88.25,89.25,574300
2018-08-21,89.779999,90.489998,89.050003,90.339996,590300
2018-08-22,90.010002,91.5,89.989998,90.550003,287200
2018-08-23,90.360001,90.489998,88.650002,89.529999,249100
2018-08-24,89.230003,91,89.050003,89.940002,280000
2018-08-27,90.75,90.75,89.25,89.82,258300
2018-08-28,89.5,90.540001,89.150002,90.470001,503400
2018-08-29,90.889999,91.110001,89.650002,90.849998,206800
2018-08-30,90.989998,91.370003,90.209999,90.809998,222800
2018-08-31,90.43,91.190002,89.199997,90.370003,163500
2018-09-04,90.300003,90.449997,88.738998,90.059998,315900
2018-09-05,89.790001,90.349998,87.519997,89.980003,296600
2018-09-06,90.050003,90.870003,89.699997,89.839996,245200
2018-09-07,89.529999,90.279999,88.43,90.120003,330600
2018-09-10,90.239998,93.684998,90.139999,92.669998,539000
2018-09-11,92.669998,93.330002,92.273003,92.599998,315300
2018-09-12,92.580002,93.290001,90.940002,91.970001,184400
2018-09-13,92.18,93.040001,90.5,90.739998,175000
2018-09-14,90.650002,92.264999,90.589996,90.870003,188800
2018-09-17,90.800003,91.120003,87.769997,87.910004,325200
2018-09-18,87.910004,88.449997,86.889999,87.75,346900
2018-09-19,87.019997,87.790001,83.82,84.830002,343700
2018-09-20,84.800003,84.900002,80.849998,81.730003,707200
2018-09-21,81.449997,82.919998,80.550003,81.199997,515800
2018-09-24,81.110001,81.110001,78.839996,80.410004,601500
2018-09-25,80.769997,83.345001,80.440002,82.610001,500600
2018-09-26,82.470001,82.470001,78.220001,79.370003,477200
2018-09-27,79.260002,79.474998,75.464996,75.860001,833500
2018-09-28,75.339996,77.760002,74.349998,75.339996,614600
2018-10-01,75.949997,76.449997,72.599998,73.169998,517900
2018-10-02,75.309998,75.309998,73.389999,73.459999,591000
2018-10-03,73.68,73.68,70.769997,71.5,810400
2018-10-04,70.93,71.190002,68.43,71.080002,771800
2018-10-05,71.089996,72.050003,69.489998,71.190002,461800
2018-10-08,70.690002,71.129997,68.889999,70.720001,420800
2018-10-09,70.300003,70.57,67.639999,67.669998,809700
2018-10-10,67.550003,68.050003,65.5,66.239998,898500
2018-10-11,66.860001,69.07,65.610001,65.620003,1090400
2018-10-12,67.370003,69.989998,66.68,69.690002,1215600
2018-10-15,69.25,73.300003,68.690002,71.940002,1192400
2018-10-16,71.82,72.565002,70.339996,72.360001,639200
2018-10-17,72,72.389999,69.885002,70.940002,666200
2018-10-18,70.339996,70.959999,68.910004,69.93,642300
2018-10-19,70.099998,70.5,66.172997,67,494600
2018-10-22,67.139999,67.809998,65.169998,67.25,459100
2018-10-23,66.209999,68.730003,65.449997,68.050003,502000
2018-10-24,67.889999,68.68,63.900002,64.010002,500200
2018-10-25,64.709999,66.230003,63.939999,64.080002,652100
2018-10-26,63.029999,63.029999,58.700001,62.310001,1109100
2018-10-29,63.130001,65.260002,61.450001,62.41,636900
2018-10-30,62.48,63.720001,60.860001,63,978800
2018-10-31,62.220001,70.220001,60.349998,68.040001,1625100
2018-11-01,67.580002,70.089996,64.809998,67.519997,794000
2018-11-02,68.18,69.879997,67.650002,68.010002,508500
2018-11-05,68.230003,68.529999,65.839996,66.440002,330800
2018-11-06,66.349998,67.949997,65.940002,66.690002,476700
2018-11-07,67.379997,68,66.089996,66.610001,541300
2018-11-08,66.489998,66.699997,63.990002,64.730003,602800
2018-11-09,64.419998,65.839996,62.419998,62.91,531700
2018-11-12,62.73,63.560001,60.82,62.220001,571400
2018-11-13,62.5,64.709999,62.5,64.550003,446600
2018-11-14,65,65,63.5,63.73,443000
2018-11-15,63.52,64.690002,62.459999,64.199997,423900
2018-11-16,63.849998,64.050003,62.150002,63.110001,370900
2018-11-19,62.98,64.040001,61.439999,61.790001,374200
2018-11-20,60.869999,60.900002,57.299999,58.349998,710100
2018-11-21,58.119999,59.865002,57.810001,58.490002,835500
2018-11-23,57.799999,59.27,57.27,57.830002,251600
2018-11-26,58.290001,59.419998,56.439999,57,652900
2018-11-27,56.529999,59.029999,55.77,56.900002,731600
2018-11-28,57.220001,58.91,55.68,58.759998,886500
2018-11-29,58.57,60.77,58.110001,60.029999,513800
2018-11-30,59.759998,61.849998,59.560001,61.639999,487100
2018-12-03,62.57,63.59,61.150002,63.27,503300
2018-12-04,62.880001,63.52,59.139999,59.41,735600
2018-12-06,58.43,61.915001,57.894001,61.59,491300
2018-12-07,61.630001,62.07,60.150002,60.720001,717400
2018-12-10,60.68,61.049999,57.279999,58.040001,588600
2018-12-11,59.330002,60.25,56.869999,57.419998,393900
2018-12-12,57.779999,58.599998,55.540001,55.669998,488400
2018-12-13,55.939999,56.939999,54.599998,54.709999,627100
2018-12-14,54.16,55.459999,53.669998,54.490002,541300
2018-12-17,54.380001,57.305,53.424999,55.77,577200
2018-12-18,55.799999,56.779999,55.130001,56.09,443900
2018-12-19,55.970001,57.18,54.599998,55.119999,419700
2018-12-20,54.759998,55.619999,52.673,53.080002,403400
2018-12-21,53.209999,54.830002,52.805,52.950001,616700
2018-12-24,52.75,52.990002,50.029999,50.790001,292100
2018-12-26,51.27,53.779999,50.669998,53.669998,303500
2018-12-27,52.700001,54.110001,52.130001,54.049999,271000
2018-12-28,54.34,56.349998,53.959999,55.59,319600
2018-12-31,55.849998,55.889999,54.849998,55.27,381900
2019-01-02,54.490002,56.23,53.5,55.419998,341300
2019-01-03,55.009998,55.040001,52.23,52.349998,294100
2019-01-04,53.310001,54.639999,52.169998,54.470001,379200
2019-01-07,54.360001,56.639999,53.75,55.919998,339300
2019-01-08,56.43,56.540001,54.439999,55.779999,306400
2019-01-09,56.220001,59.484001,55.889999,58.919998,409700
2019-01-10,58.110001,59.119999,57,59.110001,350600
2019-01-11,58.150002,59.310001,57.900002,58.470001,252700
2019-01-14,58.25,58.25,56.32,57.209999,372000
2019-01-15,55.849998,55.849998,52.07,53.049999,790600
2019-01-16,52.82,53.374001,52.209999,53.310001,618400
2019-01-17,53.290001,55.720001,52.59,54.77,358300
2019-01-18,55.169998,57.950001,55.099998,57.009998,451500
2019-01-22,56.439999,57.669998,54.860001,55.16,356800
2019-01-23,55.82,56.560001,54.490002,55.34,272700
2019-01-24,55.59,56.200001,55.139999,55.279999,325300
2019-01-25,55.669998,57.060001,55.669998,55.959999,400600
2019-01-28,55.290001,57.869999,54.77,56.790001,349800
2019-01-29,56.82,58.349998,56.490002,58.029999,257300
2019-01-30,58.48,58.48,52.5,53.959999,917200
2019-01-31,52.529999,53.470001,51.470001,53.299999,1237900
2019-02-01,53.419998,53.91,45.32,47.529999,2332600
2019-02-04,48.41,52.485001,47.810001,51.490002,1049200
2019-02-05,51.07,52.470001,50.599998,52.419998,590300
2019-02-06,52.080002,52.43,51.005001,51.59,344000
2019-02-07,51.23,52.389999,51.099998,51.849998,338200
2019-02-08,51.450001,51.645,50.27,51,313700
2019-02-11,51.200001,52.549999,51.200001,52.509998,216300
2019-02-12,53.029999,55.099998,52.580002,54.41,365200
2019-02-13,54.849998,55.369999,53.835999,54.84,434400
2019-02-14,54.82,54.82,53.325001,53.93,394900
2019-02-15,54.48,56.549999,53.525002,55.07,923900
2019-02-19,56.650002,58.229,53,55.060001,1036400
2019-02-20,54.5,55.880001,53.970001,54.25,693200
2019-02-21,54.419998,56.130001,53.970001,55.970001,571700
2019-02-22,56.380001,56.650002,54.895,55.259998,448300
2019-02-25,55.080002,56.169998,55.063,55.709999,446400
2019-02-26,55.599998,55.720001,54.549999,55.450001,374500
2019-02-27,55.150002,55.5,53.880001,54.82,334600
2019-02-28,55.130001,55.529999,53.490002,53.709999,339600
2019-03-01,54.610001,54.849998,53.560001,54.619999,410200
2019-03-04,54.689999,54.880001,53.049999,53.650002,345700
2019-03-05,53.669998,53.939999,52.169998,52.619999,271600
2019-03-06,52.549999,53.360001,51.290001,51.75,280200
2019-03-07,51.810001,52.514999,50.75,51.77,288300
2019-03-08,51.349998,51.959999,50.540001,50.939999,265100
2019-03-11,50.98,52.650002,49.650002,52.259998,558900
2019-03-12,52.43,54.040001,51.450001,53.759998,329200
2019-03-13,53.93,54.025002,52.619999,53.060001,339300
2019-03-14,52.91,54.23,52.5,54.150002,479500
2019-03-15,54.32,55.5,54.02,54.669998,996600
2019-03-18,54.650002,55.43,53.59,55.299999,434800
2019-03-19,55.639999,56.540001,55.5,56.18,833200
2019-03-20,55.98,56.240002,54.369999,55.450001,725500
2019-03-21,55.23,57.830002,54.779999,57.049999,452500
2019-03-22,56.59,57.625,54.889999,55.299999,454700
2019-03-25,55.18,56.330002,54.490002,56.049999,371500
2019-03-26,56.52,57.110001,55.700001,56.860001,375000
2019-03-27,57.02,57.845001,56.509998,56.57,486800
2019-03-28,56.540001,57.224998,55.195,56.169998,292500
2019-03-29,56.48,57.279999,56.169998,57.150002,365100
2019-04-01,57.720001,58.639999,57.334999,58.639999,361900
2019-04-02,58.400002,58.400002,56.029999,57.150002,328800
2019-04-03,57.529999,58.23,56.990002,57.650002,152100
2019-04-04,57.860001,59.57,57.259998,59.310001,261000
2019-04-05,59.459999,60.860001,59.439999,60.77,229000
2019-04-08,60.560001,61.23,59.759998,60.150002,227300
2019-04-09,60.040001,60.040001,57.639999,57.790001,293500
2019-04-10,57.799999,59.630001,56.509998,59.400002,357600
2019-04-11,59.709999,61.25,59.709999,61.099998,325300
2019-04-12,61.73,63.290001,61.68,61.77,532900
2019-04-15,61.630001,63.32,61.34,62.93,286400
2019-04-16,63.52,63.889999,61.959999,62.419998,248400
2019-04-17,63.009998,64.629997,62.799999,64.610001,526600
2019-04-18,64.720001,66.040001,63.830002,65.120003,290600
2019-04-22,64.779999,65.349998,63.619999,63.889999,228800
2019-04-23,63.830002,66.489998,63.189999,66.300003,403600
2019-04-24,66.379997,67.760002,65.779999,66.059998,265800
2019-04-25,65.82,66.120003,64.239998,65.779999,378500
2019-04-26,65.68,68.07,65.379997,67.910004,239400
2019-04-29,67.690002,68.650002,67.379997,67.900002,384600
2019-04-30,67.75,67.779999,66.330002,67.300003,893800
2019-05-01,64.550003,65.995003,60.115002,61.009998,1183800
2019-05-02,62.009998,62.220001,58.755001,59.66,584700
2019-05-03,60.560001,63.709999,59.849998,63.48,566500
2019-05-06,61.759998,65.43,61.049999,64.419998,742900
2019-05-07,63.57,65.974998,63.57,64.400002,445500
2019-05-08,64.190002,65.629997,61.720001,62.709999,365200
2019-05-09,62,64.690002,61.360001,64.169998,201400
2019-05-10,64.059998,64.959999,62.279999,64.699997,206600
2019-05-13,63.18,63.68,61.32,62.27,261400
2019-05-14,62.919998,64.669998,62.439999,64.489998,400200
2019-05-15,63.860001,66.379997,63.490002,66.099998,477500
2019-05-16,66.18,67.839996,66.18,66.760002,248300
2019-05-17,66.150002,66.889999,64.790001,65.379997,251400
2019-05-20,65,65.644997,64.144997,65.410004,197200
2019-05-21,65.919998,67.175003,65.230003,66.489998,288600
2019-05-22,65.970001,66.466003,63.91,64.389999,281200
2019-05-23,63.450001,64.900002,62.549999,64.529999,266000
2019-05-24,64.940002,65.290001,64.050003,65,314200
2019-05-28,65.360001,67,65.230003,66.660004,358000
2019-05-29,65.980003,67.040001,65.480003,66.029999,590500
2019-05-30,66.099998,67.040001,64.580002,65.150002,426200
2019-05-31,63.950001,65.419998,63.709999,64.870003,312400
2019-06-03,64.800003,65.43,64.080002,65.18,382400
2019-06-04,66.139999,67.139999,65.830002,67,212000
2019-06-05,67.260002,67.889999,66.410004,67.470001,324200
2019-06-06,67.279999,68.699997,66.940002,68.370003,549000
2019-06-07,68.75,69.124001,67.739998,68.720001,316100
2019-06-10,69,70.919998,68.82,69.629997,320900
2019-06-11,70.360001,70.410004,65.940002,66.099998,673400
2019-06-12,66.230003,66.764999,64.510002,65.470001,272400
2019-06-13,65.809998,67.989998,65.5,67.019997,328600
2019-06-14,66.809998,66.809998,64.239998,65.139999,256300
2019-06-17,65.18,66.040001,64,65.239998,252200
2019-06-18,65.849998,67.43,65.849998,66.959999,262700
2019-06-19,66.980003,68.809998,66.290001,68.599998,387500
2019-06-20,69.529999,69.779999,66.989998,68.059998,304400
2019-06-21,67.540001,67.774002,66.764999,67.25,301800
2019-06-24,67.400002,67.540001,66.199997,66.900002,225100
2019-06-25,69.410004,70.220001,68,68.709999,656400
2019-06-26,69.220001,69.470001,67.599998,67.800003,447100
2019-06-27,68.099998,68.919998,67.504997,68.919998,368700
2019-06-28,69.18,69.989998,68.910004,69.300003,540800
2019-07-01,70.099998,70.610001,68.860001,69.879997,239900
2019-07-02,69.809998,69.809998,67.739998,68.779999,253300
2019-07-03,68.970001,69.769997,68.370003,69.5,167100
2019-07-05,69.209999,69.769997,68.580002,69.5,214600
2019-07-08,69.18,69.470001,67.919998,68,254200
2019-07-09,67.330002,67.910004,65.690002,67.089996,308800
2019-07-10,67.32,67.459999,65.620003,66.379997,281300
2019-07-11,66.309998,67.519997,65.480003,66.610001,214900
2019-07-12,66.699997,69.040001,66.699997,68.459999,245200
2019-07-15,68.860001,68.940002,67.269997,68.709999,287500
2019-07-16,68.709999,69.93,68.07,69.349998,294100
2019-07-17,68.949997,70,68.900002,69.029999,359500
2019-07-18,68.769997,69.290001,67.379997,68.760002,295100
2019-07-19,68.629997,69.410004,67.690002,67.760002,248900
2019-07-22,67.760002,67.919998,65.599998,65.800003,279900
2019-07-23,66.269997,66.959999,65.25,66.800003,292000
2019-07-24,66.5,71.160004,66.190002,70.760002,349500
2019-07-25,70.669998,73.239998,70.410004,72.379997,310600
2019-07-26,72.57,74.285004,71.82,73.110001,332900
2019-07-29,72.900002,73,68.449997,68.580002,374900
2019-07-30,68.139999,69.925003,67.5,68.75,474400
2019-07-31,66.879997,78.690002,66.879997,73.870003,1395400
2019-08-01,74.010002,75.014,71.809998,72.110001,494700
2019-08-02,71.830002,73.910004,70.68,73.389999,299100
2019-08-05,72.330002,74,69.959999,71.190002,369900
2019-08-06,71.769997,75.080002,71.769997,74.239998,515300
2019-08-07,71.629997,75.589996,69.709999,74.739998,553500
2019-08-08,75.510002,77.489998,75.099998,77.010002,304300
2019-08-09,76.470001,77.800003,74.980003,76.190002,297500
2019-08-12,75.879997,77.989998,75.25,76.290001,331500
2019-08-13,76.050003,77.714996,75.445,76.480003,296700
2019-08-14,75.160004,76.010002,72.519997,72.709999,356000
2019-08-15,73.389999,73.800003,72.160004,73.489998,314400
2019-08-16,73.980003,75.169998,73.980003,74.290001,178100
2019-08-19,75.5,75.925003,74.75,75.220001,247400
2019-08-20,75.07,75.889999,73.980003,74.879997,194500
2019-08-21,75.800003,77.989998,75.580002,75.870003,260400
2019-08-22,76.099998,77.610001,75.589996,77.059998,216700
2019-08-23,76.510002,77.839996,74.709999,75.07,229600
2019-08-26,75.989998,76.760002,75.169998,76.18,161400
2019-08-27,76.75,77.650002,75.32,75.559998,391600
2019-08-28,75.419998,76.639999,74.459999,76.300003,174900
2019-08-29,76.870003,78.929001,76.830002,78.169998,194900
2019-08-30,78.339996,78.989998,77.410004,78.199997,161600
2019-09-03,77.580002,78.279999,74.550003,74.839996,266500
2019-09-04,75.529999,76.07,74.464996,74.639999,238000
2019-09-05,75.379997,78.080002,75.080002,76.559998,178100
2019-09-06,76.519997,77.940002,76.129997,77.029999,150600
2019-09-09,77.489998,79.290001,77.160004,78.32,196100
2019-09-10,78.160004,78.160004,75.809998,76.620003,276100
2019-09-11,77.400002,79.779999,76.150002,79.300003,290900
2019-09-12,79.5,80.760002,78.089996,78.379997,329100
2019-09-13,79.239998,79.93,78.260002,79.059998,279800
2019-09-16,78.589996,80.559998,78.089996,78.32,245900
2019-09-17,77.669998,79.57,77.669998,79.32,146100
2019-09-18,79.089996,81.410004,78.389999,79.879997,229900
2019-09-19,79.949997,80.339996,77.449997,77.809998,419000
2019-09-20,77.610001,77.82,73.800003,74.480003,532300
2019-09-23,73.809998,74.209999,72.885002,73.589996,224500
2019-09-24,73.519997,73.870003,71.290001,73.18,397400
2019-09-25,73.559998,76.095001,72.830002,75.209999,247900
2019-09-26,74.970001,75.68,74.029999,74.489998,234200
2019-09-27,75.010002,75.120003,72.410004,72.889999,309900
2019-09-30,72.739998,74.790001,72,74.019997,449300
2019-10-01,74.660004,75.550003,72.089996,72.25,258600
2019-10-02,71.68,72.5,70.220001,71.559998,394300
2019-10-03,71.199997,71.860001,69.419998,70.959999,342500
2019-10-04,71.510002,72.199997,70.489998,71.379997,265500
2019-10-07,71.269997,72.919998,70.629997,72.080002,254300
2019-10-08,71.080002,72.040001,70.32,70.660004,266300
2019-10-09,71.660004,72.099998,70.150002,71.309998,308200
2019-10-10,71.480003,72.910004,71.480003,71.730003,199200
2019-10-11,73.400002,75.559998,72.610001,74.360001,249600
2019-10-14,74.18,75.459999,73.760002,74.18,178700
2019-10-15,74.470001,75.550003,74.010002,75.5,182800
2019-10-16,75.120003,76.43,75.059998,75.720001,174300
2019-10-17,76.139999,78.93,76.010002,78.510002,344000
2019-10-18,78.029999,79.389999,78.029999,78.639999,269500
2019-10-21,79.419998,80.18,78.339996,78.459999,191700
2019-10-22,78.660004,80.309998,77.309998,79.970001,201100
2019-10-23,79.989998,80.860001,79.150002,79.839996,247300
2019-10-24,80.239998,80.650002,78.010002,79.330002,232200
2019-10-25,79.290001,80.589996,78.769997,79.919998,230000
2019-10-28,80.489998,81.095001,79.989998,80.809998,275200
2019-10-29,80.309998,83.629997,80.150002,80.190002,625100
2019-10-30,82.75,89.889999,82.75,87.589996,1364000
2019-10-31,87.889999,90.209999,87.258003,88.059998,557600
2019-11-01,88.18,91.254997,87.849998,89.550003,410600
2019-11-04,90,90.474998,88.400002,89.25,286600
2019-11-05,90.739998,91.790001,89.010002,89.879997,413900
2019-11-06,89.839996,91.730003,89.07,90.940002,264100
2019-11-07,91.709999,92.32,90.379997,90.879997,290100
2019-11-08,90.769997,91.815002,90.639999,91.059998,403900
2019-11-11,90.419998,92.300003,90.419998,92.18,217200
2019-11-12,92.230003,92.389999,90.894997,91.480003,212800
2019-11-13,90.370003,91.75,89.625,91.449997,211000
2019-11-14,91.269997,92.610001,90.32,90.699997,253000
2019-11-15,91.379997,91.379997,89.110001,90.18,272900
2019-11-18,89.440002,92.360001,89.440002,91.18,372400
2019-11-19,91.610001,92.189003,90.029999,90.110001,204500
2019-11-20,89.510002,91.410004,88.32,88.699997,420700
2019-11-21,88.559998,88.589996,84,86.699997,621800
2019-11-22,87.110001,87.110001,85.139999,87.050003,486900
2019-11-25,87.510002,90.970001,87.353996,89.839996,439700
2019-11-26,89.730003,91.290001,89.421997,90.230003,153300
2019-11-27,90.93,91.449997,90.07,90.209999,175700
2019-11-29,89.550003,91.089996,88.330002,88.760002,137900
2019-12-02,88.889999,89.470001,87.690002,87.739998,202700
2019-12-03,86.559998,88.224998,85.980003,88.099998,158200
2019-12-04,88.470001,89.025002,87.510002,87.599998,111900
2019-12-05,88.099998,89.540001,87.394997,88.190002,174400
2019-12-06,89.5,90.129997,89.004997,89.290001,150300
2019-12-09,88.889999,89.096001,86.910004,87.059998,225200
2019-12-10,86.849998,86.900002,84.690002,86.349998,277700
2019-12-11,86.93,87.540001,85.849998,87.489998,212200
2019-12-12,87.879997,89.870003,86.455002,87.470001,229500
2019-12-13,87.029999,89.849998,86.440002,88.980003,282400
2019-12-16,89.660004,89.870003,88.099998,88.190002,302300
2019-12-17,89.139999,90.209999,86.989998,89.519997,287400
2019-12-18,89.699997,90,85.75,88.279999,405900
2019-12-19,88.410004,88.709999,86.290001,86.760002,338300
2019-12-20,87.269997,90.860001,87.269997,90.650002,480600
2019-12-23,90.82,91.449997,89.769997,90.07,291500
2019-12-24,90.540001,90.809998,89.709999,90.769997,138900
2019-12-26,90.93,91,89.879997,90.589996,111700
2019-12-27,91.010002,91.580002,90.269997,90.459999,126500
2019-12-30,90.589996,91.089996,89.830002,90.260002,136700
2019-12-31,89.879997,91.389999,89.879997,90.650002,192700
2020-01-02,91.190002,91.459999,89.290001,90.629997,366700
2020-01-03,89.279999,89.779999,87.404999,87.849998,339100
2020-01-06,87.480003,89.019997,86.639999,87.339996,301000
2020-01-07,87.07,89.410004,86.959999,88.889999,350400
2020-01-08,89.110001,90.690002,88.370003,88.75,244400
2020-01-09,89.269997,90.830002,88.82,90.599998,416600
2020-01-10,90.470001,91.489998,90.089996,90.980003,229900
2020-01-13,91.129997,92.709999,90.816002,92.059998,209000
2020-01-14,91.720001,93.639999,91.139999,92.589996,226400
2020-01-15,92.330002,95.139999,92.029999,94.82,297900
2020-01-16,95.68,97,95.050003,95.849998,186100
2020-01-17,96.790001,96.989998,94.589996,94.669998,207600
2020-01-21,94.169998,95.945,93.389999,95.629997,313300
2020-01-22,96.059998,97.230003,93.455002,94.089996,211800
2020-01-23,93.940002,95.099998,92.699997,93.849998,300600
2020-01-24,94.330002,94.419998,92.608002,94.010002,138800
2020-01-27,92.43,97.199997,92.220001,96.639999,462100
2020-01-28,97.260002,99.474998,96.25,96.330002,392000
2020-01-29,96.699997,101.629997,96.669998,100.739998,513200
2020-01-30,99.75,103.760002,98.489998,99.440002,437600
2020-01-31,98.610001,99.044998,95.400002,96.550003,268100
2020-02-03,97.269997,98.934998,97.110001,98.639999,289300
2020-02-04,100.050003,101.239998,99.339996,100.459999,389300
2020-02-05,101.900002,102.605003,100.879997,101.629997,303000
2020-02-06,101.809998,102.452003,100.93,101.32,290800
2020-02-07,100.769997,100.980003,98.459999,98.93,173200
2020-02-10,98.699997,99.955002,98.290001,99.32,325500
2020-02-11,99.739998,102.360001,99.139999,101.980003,232000
2020-02-12,102.239998,104.25,101.230003,103.739998,196800
2020-02-13,103.32,105.5,103.184998,104.150002,290300
2020-02-14,104.150002,106.32,102.720001,105.709999,474900
2020-02-18,110.290001,119.419998,107,115.290001,1060000
2020-02-19,115.730003,116.940002,113.940002,114.169998,550400
2020-02-20,113.870003,117.330002,112.440002,117.190002,537200
2020-02-21,116.959999,117.220001,111.580002,112.269997,694800
2020-02-24,108.779999,111.919998,108.066002,110.550003,263400
2020-02-25,111.199997,111.385002,103.889999,104.029999,361000
2020-02-26,104.910004,105.699997,99.449997,99.830002,513400
2020-02-27,97.830002,103.779999,96.43,99.910004,508100
2020-02-28,96.519997,99.620003,93.349998,99.25,508900
2020-03-02,99.860001,100.040001,96.690002,99.489998,374000
2020-03-03,99.400002,104.720001,99.400002,103.18,402000
2020-03-04,104.830002,108.510002,104.5,108.239998,362000
2020-03-05,105.809998,108.25,104.800003,105.260002,452800
2020-03-06,101.650002,103.470001,96.550003,99.480003,454200
2020-03-09,94.220001,94.220001,85.754997,86.260002,640500
2020-03-10,89.089996,90.860001,86.699997,90.800003,818400
2020-03-11,88.18,90.019997,84.410004,86.879997,652500
2020-03-12,80.290001,82.620003,75.220001,77.25,613200
2020-03-13,82.800003,83.610001,69.605003,75,714400
2020-03-16,60.110001,65.290001,56.880001,57.360001,980200
2020-03-17,58.360001,64.830002,53.290001,62.48,1099400
2020-03-18,58.560001,62.540001,56.080002,61.099998,864300
2020-03-19,61.09,66.120003,57.459999,65.980003,695200
2020-03-20,66.529999,67.014999,57.209999,58.16,725300
2020-03-23,58.049999,60.889999,54.223,57.189999,480500
2020-03-24,60.93,66.510002,60.040001,65.970001,592600
2020-03-25,65.860001,71.580002,62.799999,69.120003,1082200
2020-03-26,70.800003,75.879997,70.535004,74.089996,758600
2020-03-27,70.650002,73.110001,66.980003,70.120003,542200
2020-03-30,70,75.620003,68.400002,73.800003,388400
2020-03-31,72.610001,74.82,71.900002,73.620003,480000
2020-04-01,70.419998,72.739998,66.165001,68.339996,430000
2020-04-02,67.230003,70.660004,66.68,69.830002,534600
2020-04-03,68.260002,69.485001,60,61.459999,403400
2020-04-06,61.970001,68.010002,61.919998,65.660004,457000
2020-04-07,68.309998,71.489998,65.07,65.849998,742100
2020-04-08,67.610001,73.555,65.629997,73.010002,502400
2020-04-09,75.07,79.963997,73.883003,76.919998,469400
2020-04-13,76.209999,76.209999,72.32,74.239998,272100
2020-04-14,76.68,79.709999,75.323997,77.32,425300
2020-04-15,73.610001,75.809998,72.065002,73.830002,294600
2020-04-16,73.769997,73.769997,68.644997,71.269997,366100
2020-04-17,73.849998,76.794998,72.290001,76.410004,405900
2020-04-20,73.519997,76.5,70.875,71.709999,279100
2020-04-21,69.169998,70.190002,66.014999,68.349998,340300
2020-04-22,70.540001,73.504997,68.620003,72.870003,476700
2020-04-23,73.559998,77.919998,71.353996,73.610001,457900
2020-04-24,73.839996,78.635002,72.879997,77.459999,359100
2020-04-27,78.550003,83.629997,78.269997,83.080002,510300
2020-04-28,86.199997,89.790001,84.559998,86.440002,483500
2020-04-29,90,99.290001,88.5,96.739998,1039800
2020-04-30,95.25,95.660004,86.68,88.629997,565900
2020-05-01,85.080002,86.959999,83.309998,86.150002,437500
2020-05-04,84.470001,86.334999,83.269997,84.559998,386500
2020-05-05,85.75,92.300003,85.75,92.059998,475400
2020-05-06,91.779999,93.029999,89.050003,90.610001,278400
2020-05-07,92.660004,93.370003,88.68,89.309998,231700
2020-05-08,91.57,91.980003,88.830002,90,347200
2020-05-11,88.5,91.730003,85.904999,91.010002,332400
2020-05-12,90.589996,91.93,88.199997,88.269997,233100
2020-05-13,87.349998,88.150002,83.610001,85.5,398300
2020-05-14,82.510002,86.254997,80.550003,86.160004,294000
2020-05-15,86.169998,88.779999,85.309998,88.75,208300
2020-05-18,94.290001,98.669998,94.290001,96.150002,429300
2020-05-19,95.080002,97.019997,93.339996,93.360001,340100
2020-05-20,95.629997,97.139999,92.160004,92.550003,376400
2020-05-21,92.550003,96.32,91.760002,94.989998,436000
2020-05-22,95.239998,97.220001,94.290001,97,284300
2020-05-26,101.669998,102.019997,98.919998,99.139999,341200
2020-05-27,101.440002,105.610001,98.949997,105.370003,368800
2020-05-28,106.800003,109.949997,105.650002,105.889999,506700
2020-05-29,104.980003,107.57,104,106.309998,538500
2020-06-01,106.43,109.515999,105.790001,106.029999,599100
2020-06-02,107.07,109.900002,106.470001,109.410004,374300
2020-06-03,111.220001,114.300003,110.370003,111.129997,399600
2020-06-04,110.150002,111.25,108.305,109.779999,271900
2020-06-05,114.949997,115.5,109.410004,110,389600
2020-06-08,111.309998,116.336998,110.75,114.059998,318200
2020-06-09,112.010002,114.679001,110.690002,112.339996,488100
2020-06-10,114.489998,115.43,112.839996,113.800003,277900
2020-06-11,109.580002,110.379997,104.290001,104.68,369800
2020-06-12,108.82,109.400002,100.739998,105.169998,303000
2020-06-15,102.029999,110.32,100.769997,109.620003,244200
2020-06-16,113.529999,114.470001,108.550003,112.5,235000
2020-06-17,112.5,113.839996,111.330002,111.709999,166700
2020-06-18,110.529999,112.330002,107.959999,109.980003,341200
2020-06-19,111.209999,111.966003,108.580002,109.709999,400900
2020-06-22,109.449997,113.07,108.57,112.540001,225300
2020-06-23,114.720001,114.989998,111.949997,112.93,170600
2020-06-24,112.5,113.410004,107.760002,108.260002,313000
2020-06-25,107.360001,108.07,104.470001,108,305000
2020-06-26,107.68,108.485001,103.599998,104.18,556900
2020-06-29,105.440002,109.900002,104.220001,109.410004,366200
2020-06-30,108.620003,114.849998,108.620003,113.970001,263400
2020-07-01,115,115,110.68,111.129997,271300
2020-07-02,113.239998,113.75,109.080002,110.150002,343100
2020-07-06,113.040001,114.529999,111.739998,112.68,191000
2020-07-07,111.209999,113.223999,110.108002,110.580002,213800
2020-07-08,105.57,108.120003,104.040001,107.730003,482100
2020-07-09,108.190002,108.190002,104.75,106.599998,251200
2020-07-10,106.019997,109.18,105.870003,108.110001,252900
2020-07-13,109.830002,112.349998,107.989998,108.220001,223000
2020-07-14,108.160004,112.489998,106.489998,112.339996,229600
2020-07-15,114.739998,117.099998,113.18,116.190002,275800
2020-07-16,116.650002,118.114998,115.010002,116.620003,226000
2020-07-17,116.779999,119.260002,116.690002,118.300003,218100
2020-07-20,117.449997,122.029999,117.449997,121.089996,251200
2020-07-21,122.300003,123.230003,118.07,118.790001,269300
2020-07-22,118.150002,122.269997,117.900002,119.5,160800
2020-07-23,119.199997,124.970001,118.989998,120.330002,247000
2020-07-24,119.959999,122.870003,117.751999,121.519997,234400
2020-07-27,121.75,125.730003,120.720001,125.25,259000
2020-07-28,124.129997,124.919998,119.43,120.349998,466900
2020-07-29,122.019997,131.25,121.077003,126.779999,804400
2020-07-30,124.25,124.399002,119.983002,122.93,398900
2020-07-31,123.25,128.029999,123.029999,128.029999,340800
2020-08-03,129.800003,132.320007,127.150002,131.940002,302700
2020-08-04,122.839996,122.879997,117.651001,119.419998,1612900
2020-08-05,121.110001,123.730003,120,121.769997,732600
2020-08-06,121.800003,123.849998,121.75,122.989998,679500
2020-08-07,123.290001,124.574997,121.059998,122.830002,582100
2020-08-10,122.949997,124.580002,120.519997,122.449997,311800
2020-08-11,123,125.68,121.610001,122.93,420400
2020-08-12,124.099998,127.568001,122.839996,126.360001,243600
2020-08-13,126.620003,128.460007,125.410004,126.290001,232200
2020-08-14,125.470001,126.559998,125.193001,126.239998,150000
2020-08-17,126.059998,129.059998,126.059998,128.050003,267700
2020-08-18,128.050003,129.460007,126.989998,128.130005,235800
2020-08-19,128.770004,129.679993,124.779999,124.889999,378700
2020-08-20,123.57,126.264999,121.660004,122.330002,272400
2020-08-21,121.300003,124.980003,121.235001,123.769997,265400
2020-08-24,125.419998,125.419998,119.389999,123.419998,337600
2020-08-25,124.959999,124.959999,121.110001,122.580002,230400
2020-08-26,122.080002,124.904999,121.650002,124.349998,171100
2020-08-27,125.339996,126.684998,123.970001,125.169998,162100
2020-08-28,125.330002,127.290001,124.695,126.339996,241600
2020-08-31,125.910004,127.599998,124.57,125.050003,245400
2020-09-01,124.900002,130.350006,124.699997,130.130005,228900
2020-09-02,130.259995,130.970001,127.900002,129.050003,283100
2020-09-03,128.5,128.5,120.32,122.089996,261900
2020-09-04,123.949997,123.989998,114.434998,118.800003,213500
2020-09-08,116.360001,119.214996,114.150002,115.050003,281900
2020-09-09,116.330002,119.370003,115.910004,118.18,268300
2020-09-10,118.809998,119.18,113.199997,113.849998,315500
2020-09-11,114.720001,115.269997,110.540001,112.379997,248600
2020-09-14,113.940002,114.735001,111,113.970001,278300
2020-09-15,117.940002,118.870003,116.029999,118.730003,336500
2020-09-16,119.580002,121.209999,116.955002,117.779999,345800
2020-09-17,115.290001,117.720001,113.910004,115.239998,211100
2020-09-18,116.480003,116.723,111.989998,114.349998,554400
2020-09-21,112.040001,113.379997,110.410004,112.32,275000
2020-09-22,113.209999,119.43,111.660004,119.150002,302600
2020-09-23,118.82,119.980003,113.870003,114.269997,185100
2020-09-24,114.580002,118.014999,112.889999,116.510002,189500
2020-09-25,116.650002,118.870003,114.959999,118.309998,167600
2020-09-28,120.300003,122.254997,119.709999,120.459999,187900
2020-09-29,121.620003,122.75,120.230003,121.43,123200
2020-09-30,122.57,124.709999,121.477997,121.949997,234800
2020-10-01,122.650002,124.989998,120.550003,124.75,210100
2020-10-02,122.57,127.175003,121.580002,126.32,192300
2020-10-05,127.269997,129.75,126.510002,129.080002,270200
2020-10-06,130.080002,130.830002,126.584999,126.809998,285700
2020-10-07,128.960007,129.820007,127.769997,127.830002,311800
2020-10-08,129.070007,132.044998,126.470001,129.720001,235300
2020-10-09,131,131.039993,128.889999,130.830002,201500
2020-10-12,131.5,136.389999,131.5,135.979996,185500
2020-10-13,134.509995,137.460007,133.839996,136.039993,155300
2020-10-14,137.320007,137.729996,132.199997,133.259995,178700
2020-10-15,131.630005,136.300003,131.369995,134.960007,184700
2020-10-16,134.800003,136.970001,134.369995,135.740005,145800
2020-10-19,135.970001,137.550003,133.179993,133.460007,125300
2020-10-20,134.350006,137.259995,134.350006,135.130005,158800
2020-10-21,134.910004,136.270004,128.179993,128.410004,180400
2020-10-22,129.330002,129.720001,124.139999,124.639999,227000
2020-10-23,125.669998,126.790001,123.720001,125.470001,213300
2020-10-26,123.370003,124.199997,121.705002,124,226300
2020-10-27,123.57,124.720001,121.68,123.489998,233300
2020-10-28,120.050003,128.630005,115.309998,126.580002,438800
2020-10-29,126.639999,126.639999,121.099998,124.470001,369200
2020-10-30,123.599998,124.915001,117.900002,119.489998,213300
2020-11-02,120.75,127.120003,120.75,126.18,260100
2020-11-03,129.070007,131.990005,127.940002,131.100006,224600
2020-11-04,129.940002,135.940002,129.399994,135.220001,205100
2020-11-05,137.070007,141.080002,135.164993,135.929993,215700
2020-11-06,136.429993,142.100006,133.339996,140.690002,357700
2020-11-09,143.539993,147.880005,123.720001,123.730003,400500
2020-11-10,124.949997,131.460007,123.489998,127.879997,513900
2020-11-11,128.479996,132.179993,126.839996,131.399994,261200
2020-11-12,130.289993,132.229996,128.399994,130.740005,192700
2020-11-13,131.399994,134.460007,131.375,132.619995,150500
2020-11-16,134.910004,135.339996,131.009995,135.279999,276600
2020-11-17,135.229996,138.014999,132.800003,137.020004,276200
2020-11-18,137.339996,137.529999,133.479996,135.490005,354800
2020-11-19,135.809998,140.610001,134.169998,140.059998,167200
2020-11-20,139.139999,139.660004,135.830002,137.539993,252900
2020-11-23,138.679993,141.240005,137.25,138.75,220300
2020-11-24,139.720001,139.720001,134.479996,135.479996,316400
2020-11-25,135.479996,135.610001,131.649994,133.960007,212200
2020-11-27,133.440002,138.410004,133.440002,137.860001,179100
2020-11-30,137.910004,139,134.529999,138.100006,315600
2020-12-01,140,140,136.210007,137.539993,222900
2020-12-02,137.529999,137.529999,131.139999,132.100006,293100
2020-12-03,132.059998,133.960007,130.820007,132.25,313400
2020-12-04,131.520004,135.339996,131.520004,134.350006,220300
2020-12-07,134.110001,140.149994,133.179993,139.660004,210400
2020-12-08,139.429993,144.630005,138.050003,144.610001,288800
2020-12-09,146.149994,148.164993,144.389999,145.25,294900
2020-12-10,143.830002,145,139.75,141.470001,241500
2020-12-11,140.619995,144.5,140.619995,142,249300
2020-12-14,143.559998,144.160004,139.949997,143.490005,375600
2020-12-15,145.270004,148.860001,144.410004,148.440002,212000
2020-12-16,149.539993,150.270004,145.705002,149.259995,288300
2020-12-17,149.970001,151.759995,148.600006,150.850006,242400
2020-12-18,151.360001,154.979996,151.001007,153.960007,487400
2020-12-21,150.839996,156.880005,150.175003,155.929993,223200
2020-12-22,156.820007,159.220001,156.550003,157.5,182800
2020-12-23,157.929993,159.610001,155.669998,157.220001,191600
2020-12-24,158.460007,159.110001,156.565002,159.110001,84000
2020-12-28,161.399994,161.880997,156.509995,156.630005,213900
2020-12-29,156.949997,159.339996,153.440002,157.070007,151200
2020-12-30,156.839996,160.25,155.860001,158.130005,159500
2020-12-31,156.990005,159.389999,155.020004,158.630005,208100
2021-01-04,160,161.649994,150.440002,151.850006,240600
2021-01-05,152.520004,156.910004,152.520004,155.039993,194500
2021-01-06,157.990005,163.119995,156,161.039993,276700
2021-01-07,161.779999,166.399994,161.317001,165.479996,212800
2021-01-08,166.710007,170.539993,165.729996,169.220001,193400
2021-01-11,167.539993,174.320007,166.759995,172.119995,276100
2021-01-12,172.460007,175.75,170.860001,173.580002,230800
2021-01-13,172.339996,173.395004,167.779999,168.210007,240300
2021-01-14,170.259995,175.154999,169,172.649994,278100
2021-01-15,171.160004,173.794998,164.610001,165.399994,996800
2021-01-19,167.179993,169.294998,162.320007,163.419998,914400
2021-01-20,164.630005,165.639999,162.279999,165.210007,416300
2021-01-21,167.600006,175.289993,166.779999,172.830002,324200
2021-01-22,171.190002,177.089996,170.604004,176.869995,179700
2021-01-25,176.350006,179.039993,168.020004,169.350006,351600
2021-01-26,170.419998,171.100006,165.100006,165.550003,333500
2021-01-27,161,164.229996,157.509995,159.089996,533500
2021-01-28,162.5,164.070007,158.960007,158.990005,482500
2021-01-29,159.220001,160.932999,154.320007,157.679993,284800
2021-02-01,159.720001,162.979996,157.809998,160.990005,323700
2021-02-02,162.910004,166.25,160.360001,165.899994,278600
2021-02-03,164.809998,166.649994,158.820007,162.369995,204100
2021-02-04,162.220001,164.960007,160.910004,163.229996,529100
2021-02-05,165.210007,168.580002,162.539993,167.410004,231000
2021-02-08,169.179993,173.020004,166.149994,166.990005,219700
2021-02-09,165.690002,170.330002,163.690002,169.669998,266300
2021-02-10,171,172.710007,166.740005,169.610001,514000
2021-02-11,170.589996,172.169998,164.593002,166.149994,217400
2021-02-12,165.479996,167,162.490005,163.639999,302000
2021-02-16,164.119995,166.050003,162.050003,163.449997,311600
2021-02-17,161.009995,164.889999,160,162.940002,322200
2021-02-18,162.899994,163.160004,157.160004,157.539993,311100
2021-02-19,158.449997,164.600006,158.449997,161.520004,198100
2021-02-22,159.479996,160.580002,155.270004,157.550003,274900
2021-02-23,156.539993,156.539993,149.964996,152.960007,387700
2021-02-24,157.089996,165.024994,150.070007,163.710007,610000
2021-02-25,162.259995,163.869995,152.889999,155.779999,663700
2021-02-26,157.649994,163.139999,157.649994,158.509995,329300
2021-03-01,160,164.580002,159.389999,163.979996,240000
2021-03-02,164.350006,164.350006,159.490005,160.100006,186600
2021-03-03,159.649994,162.050003,156.389999,156.449997,189000
2021-03-04,155.5,156.720001,149.389999,151.889999,301700
2021-03-05,155.119995,158.5,147.595001,158.5,313700
2021-03-08,160.100006,163.830002,158.289993,160.419998,208500
2021-03-09,164.770004,168.839996,163.75,165.089996,232700
2021-03-10,165.479996,173.100006,165.479996,170.600006,268700
2021-03-11,172.470001,175.449997,171.690002,174.820007,262600
2021-03-12,172.429993,176.929993,172.330002,176.449997,236100
2021-03-15,175.610001,181.529999,174.460007,181.529999,208500
2021-03-16,181.860001,181.981995,175.975006,176.479996,271900
2021-03-17,175.279999,180.25,172.720001,179.050003,248700
2021-03-18,177.869995,179.350006,172.919998,173.789993,239500
2021-03-19,173.490005,176.589996,170.669998,175.160004,522400
2021-03-22,175.490005,175.490005,170.184998,172.820007,255600
2021-03-23,171.809998,174.089996,164.210007,165.149994,316200
2021-03-24,167.25,169.610001,166,166.059998,189300
2021-03-25,165.070007,170.979996,162.160004,170.309998,169200
2021-03-26,172.539993,177.789993,171.990005,177.770004,211700
2021-03-29,178.460007,180.710007,170.880005,171.429993,253700
2021-03-30,171.429993,174.479996,169.059998,172.5,225800
2021-03-31,175.210007,177.699997,170.630005,170.740005,425800
2021-04-01,171.860001,174.690002,170.490005,173.639999,294100
2021-04-05,176.509995,177.130005,171.949997,176.850006,198900
2021-04-06,177.869995,179.550003,174.320007,174.869995,506700
2021-04-07,175.350006,175.350006,170.164993,170.539993,187400
2021-04-08,171.539993,177.199997,169.649994,176.470001,182800
2021-04-09,175.960007,181.520004,175.960007,181.240005,186600
2021-04-12,181.619995,184.369995,179.75,181.589996,168700
2021-04-13,181.100006,182.350006,175.240005,177,267400
2021-04-14,177.649994,178.229996,176,177,200700
2021-04-15,178.199997,179.419998,175.690002,177.080002,311100
2021-04-16,178.720001,183.020004,175.800003,182.320007,239000
2021-04-19,181.289993,182.160004,176.429993,177.779999,218600
2021-04-20,177.429993,179.020004,170.979996,173.100006,159600
2021-04-21,172.539993,175.759995,171.429993,174.649994,228300
2021-04-22,175.779999,179.419998,174.600006,175.809998,205300
2021-04-23,177.339996,182.880005,176.539001,181.759995,189200
2021-04-26,183.619995,185.154999,181.5,185.070007,235300
2021-04-27,185.509995,189.190002,183.889999,188.559998,687900
2021-04-28,188.429993,188.699997,185.339996,186.089996,396200
2021-04-29,188.149994,188.520004,185.039993,187.25,197900
2021-04-30,184.910004,186.770004,178.309998,179.380005,237200
2021-05-03,180.910004,185.949997,180.910004,184.020004,183500
2021-05-04,183.479996,186.669998,182.300003,185.729996,584400
2021-05-05,186.710007,194.940002,183.699997,193.5,516800
2021-05-06,195.350006,195.919998,191.050003,193.240005,596500
2021-05-07,193.440002,203.5,192.059998,202.979996,467900
2021-05-10,203.100006,206.259995,200.809998,201.389999,340600
2021-05-11,195.940002,200.330002,188.270004,190.460007,379300
2021-05-12,188.259995,190.199997,171.240005,172.240005,495200
2021-05-13,172.449997,174.679993,165.25,170.559998,531000
2021-05-14,172.169998,176.740005,170.5,176.080002,271800
2021-05-17,173.580002,174.270004,164.710007,167.259995,550400
2021-05-18,170.699997,173.869995,168.570007,172.509995,723100
2021-05-19,170.539993,174.339996,170.070007,174.210007,307100
2021-05-20,173.880005,176.399994,173.009995,175.220001,277000
2021-05-21,176.809998,178,173.649994,174.309998,355500
2021-05-24,175.679993,177.679993,174.559998,176.070007,125800
2021-05-25,177.110001,177.990005,173.470001,173.770004,284000
2021-05-26,174.229996,175.320007,168.699997,169.660004,394000
2021-05-27,171.940002,174.479996,170.050003,170.740005,329500
2021-05-28,172.410004,172.679993,170.550003,172.039993,242800
2021-06-01,173.429993,173.720001,169.380005,172.119995,371400
2021-06-02,172.960007,172.960007,166.050003,169.639999,731900
2021-06-03,168.770004,168.770004,165.380005,165.789993,403000
2021-06-04,165.970001,165.970001,161.100006,161.850006,324400
2021-06-07,161.259995,165.300003,161.009995,164.509995,358100
2021-06-08,165.300003,167.509995,163.660004,166.529999,228300
2021-06-09,166.699997,167.240005,162.25,163.25,421000
2021-06-10,164.669998,164.669998,160.820007,160.919998,250700
2021-06-11,161.649994,162.309998,160.130005,161.660004,248900
2021-06-14,161.800003,164.369995,160.720001,164.369995,234400
2021-06-15,165.300003,166.830002,161.449997,162.820007,569600
2021-06-16,162.240005,163.354996,157.729996,161.270004,454100
2021-06-17,160.860001,163.470001,156.350006,162.240005,681800
2021-06-18,159.110001,165.940002,159.110001,165.399994,683100
2021-06-21,167.479996,170.479996,166.220001,170.410004,441800
2021-06-22,170.740005,172.395004,167.860001,172.229996,413400
2021-06-23,173.039993,174.335007,171.410004,173.039993,515000
2021-06-24,174.350006,174.350006,168.160004,168.369995,551000
2021-06-25,168.369995,169.686005,164.740005,168.059998,5533000
2021-06-28,168.860001,170.630005,167.419998,168.050003,380200
2021-06-29,168.179993,171.740005,167.759995,170.990005,542000
2021-06-30,170.830002,172.339996,166.570007,169.259995,538000
2021-07-01,170.210007,174.330002,169.354996,173.220001,271200
2021-07-02,174.059998,175,169.589996,170.270004,457100
2021-07-06,170.529999,171.990005,168.300003,171.389999,343000
2021-07-07,172.509995,174.970001,171.179993,172.779999,242900
2021-07-08,169.429993,175.039993,168.820007,172.720001,399800
2021-07-09,174.179993,177.350006,174.179993,175.039993,329800
2021-07-12,176.789993,177.550003,173.869995,176.559998,339500
2021-07-13,174.800003,175.770004,171.279999,171.300003,192200
2021-07-14,171.509995,172.050003,165.820007,165.990005,321600
2021-07-15,164.899994,167.75,163.830002,166.110001,250700
2021-07-16,167.529999,168.970001,165.839996,167.050003,267900
2021-07-19,164.130005,168.539993,162.070007,166.330002,217800
2021-07-20,167.410004,173.729996,166.520004,172.699997,259700
2021-07-21,172.839996,175.779999,172.839996,175.589996,167000
2021-07-22,176.279999,176.830002,174.029999,174.449997,144700
2021-07-23,174.869995,178.289993,174.009995,177.940002,148600
2021-07-26,177.429993,178.990005,173.934998,174.130005,165500
2021-07-27,173.179993,174.184998,171,173.929993,104200
2021-07-28,174.270004,174.845001,171.634995,172.729996,143100
2021-07-29,173.660004,177.315002,173.404999,175.610001,172500
2021-07-30,173.809998,177.759995,173.770004,174.779999,175400
2021-08-02,174.809998,176.509995,169.460007,169.610001,181500
2021-08-03,170.070007,173.130005,168.800003,171.600006,326700
2021-08-04,171.949997,185.134995,170.589996,184.729996,541500
2021-08-05,186.520004,190.479996,185.050003,188.729996,463400
2021-08-06,189.910004,191.729996,187.009995,190.979996,327600
2021-08-09,191.570007,194.139999,189.600006,191.029999,202200
2021-08-10,190.550003,195.410004,190.199997,194.100006,204700
2021-08-11,193.789993,197.160004,193.699997,197.100006,174100
2021-08-12,197.199997,198.490005,196.460007,197.839996,184000
2021-08-13,198.059998,199.804993,195.910004,199.649994,273800
2021-08-16,199.175003,200,195.070007,197.300003,260300
2021-08-17,195.25,196.580002,187.25,188.75,240500
2021-08-18,189.75,190.720001,186.690002,187.979996,213300
2021-08-19,185.460007,189.369995,185.460007,187.850006,135800
2021-08-20,187.550003,192.789993,187.550003,191.169998,119600
2021-08-23,191.509995,193.669998,191.509995,191.639999,139300
2021-08-24,191.050003,196.815002,191.050003,196.050003,113200
2021-08-25,196.789993,198.244995,195.75,196.630005,125600
2021-08-26,197.119995,197.589996,194.669998,195.009995,109300
2021-08-27,194.669998,201.869995,194.669998,200.229996,140200
2021-08-30,201.839996,204.210007,200.496002,202.279999,143100
2021-08-31,202.899994,203.059998,198.630005,200.100006,187600
2021-09-01,199.410004,199.990005,194.860001,199.339996,179700
2021-09-02,200.419998,203.679993,199.649994,202.520004,153100
2021-09-03,201.380005,203.225006,199.759995,202.350006,76200
2021-09-07,202.350006,204.679993,200.854996,201.220001,138000
2021-09-08,201.679993,203.087006,199.270004,202.830002,127700
2021-09-09,202.220001,205.654999,201.210007,204.610001,150800
2021-09-10,206,210.179993,205.479996,207.809998,238500
