date,open,high,low,close,volume
2019-07-10,25.120001,25.16,25.040001,25.115999,170000
2019-07-11,25.049999,25.110001,24.99,25.110001,385700
2019-07-12,25.15,25.219999,25.15,25.219999,229600
2019-07-15,25.16,25.200001,25.16,25.166,292600
2019-07-16,25.035,25.129999,25.035,25.124001,167100
2019-07-17,25.129999,25.129999,24.940001,24.981001,106300
2019-07-18,25.059999,25.07,24.975,25.07,18400
2019-07-19,25.120001,25.18,25.110001,25.110001,106900
2019-07-22,25.040001,25.110001,25.040001,25.084,27200
2019-07-23,25.15,25.219999,25.15,25.211,508000
2019-07-24,25.236,25.32,25.236,25.32,28600
2019-07-25,25.285,25.32,25.240999,25.268,255700
2019-07-26,25.379999,25.4,25.379999,25.4,51600
2019-07-29,25.325001,25.389999,25.299,25.299,37700
2019-07-30,25.16,25.24,25.16,25.24,77400
2019-07-31,25.171,25.280001,24.933001,24.933001,29400
2019-08-01,25.030001,25.110001,24.780001,24.780001,57400
2019-08-02,24.700001,24.700001,24.538,24.631001,54200
2019-08-05,24.290001,24.290001,24.194,24.24,42700
2019-08-06,24.379999,24.43,24.198999,24.34,43100
2019-08-07,24.32,24.32,24.094999,24.297001,10900
2019-08-08,24.348,24.530001,24.348,24.530001,10000
2019-08-09,24.385,24.4,24.285,24.4,15100
2019-08-12,24.235001,24.235001,24.07,24.188,2000
2019-08-13,24.415001,24.459999,24.365,24.386999,4700
2019-08-14,24.152,24.17,24.02,24.110001,21800
2019-08-15,24.110001,24.120001,24.02,24.049999,13500
2019-08-16,24.219999,24.219999,24.219999,24.219999,7900
2019-08-19,24.290001,24.459999,24.290001,24.34,4900
2019-08-20,24.347,24.378,24.347,24.360001,15500
2019-08-21,23.65,24.403999,23.65,24.403999,2600
2019-08-22,24.440001,24.5,24.43,24.450001,3400
2019-08-23,24.413,24.413,24.091999,24.091999,3400
2019-08-26,24.209999,24.27,24.167999,24.188999,6000
2019-08-27,24.120001,24.15,24.118999,24.121,1400
2019-08-28,24.26,24.27,24.233999,24.233999,31000
2019-08-29,24.385,24.445,24.370001,24.427999,17200
2019-08-30,24.52,24.52,24.389999,24.472,43200
2019-09-03,24.34,24.379999,24.34,24.358,7900
2019-09-04,24.540001,24.6,24.49,24.549999,12200
2019-09-05,24.889999,24.899,24.74,24.782,13400
2019-09-06,24.82,24.9,24.794001,24.85,6700
2019-09-09,24.83,25.799999,24.83,24.947001,27700
2019-09-10,25.007999,25.02,24.968,25.016001,14900
2019-09-11,25.114,25.18,25.114,25.163,23600
2019-09-12,25.16,25.33,25.16,25.247999,14900
2019-09-13,25.24,25.24,25.222,25.23,700
2019-09-16,25.179001,25.179001,25.146,25.156,2800
2019-09-17,25.02,25.02,24.992001,24.992001,30300
2019-09-18,24.9,24.954,24.9,24.954,100
2019-09-19,25,25.01,24.909,24.909,2000
2019-09-20,25.02,25.02,24.878,24.878,31000
2019-09-23,24.870001,24.92,24.811001,24.857,28000
2019-09-24,24.698,24.733999,24.698,24.73,3600
2019-09-25,24.639999,24.85,24.629999,24.805,30400
2019-09-26,24.76,24.76,24.676001,24.709999,69800
2019-09-27,24.719999,24.73,24.625,24.679001,10600
2019-09-30,24.75,24.75,24.674,24.693001,10500
2019-10-01,24.68,24.68,24.419001,24.540001,32900
2019-10-02,24.275999,24.275999,24.209999,24.23,4100
2019-10-03,24.222,24.309999,24.222,24.309999,17300
2019-10-04,24.336,24.41,24.336,24.41,3500
2019-10-07,24.41,24.41,24.360001,24.360001,10600
2019-10-08,24.23,24.24,24.17,24.190001,11800
2019-10-09,24.219999,24.290001,24.209999,24.290001,10600
2019-10-10,24.419001,24.42,24.370001,24.42,20800
2019-10-11,24.59,24.618,24.540001,24.540001,13300
2019-10-14,24.490999,24.540001,24.490999,24.493999,6500
2019-10-15,24.615,24.65,24.604,24.604,15200
2019-10-16,24.629999,24.629999,24.610001,24.610001,15800
2019-10-17,24.67,24.67,24.66,24.67,6200
2019-10-18,24.669001,24.67,24.638,24.645,11800
2019-10-21,24.73,24.74,24.712999,24.719,11600
2019-10-22,24.724001,24.77,24.721001,24.728001,9900
2019-10-23,24.73,24.780001,24.73,24.777,24900
2019-10-24,24.879999,24.879999,24.731001,24.743,1500
2019-10-25,24.844,24.844,24.837,24.837,300
2019-10-28,24.950001,24.950001,24.92,24.924999,4300
2019-10-29,24.927999,24.927999,24.864,24.864,4900
2019-10-30,24.950001,24.969999,24.950001,24.958,17300
2019-10-31,24.882,24.882,24.882,24.882,0
2019-11-01,25.039,25.063999,25.039,25.063999,500
2019-11-04,25.200001,25.209999,25.164,25.164,7800
2019-11-05,25.129999,25.190001,25.120001,25.138,17100
2019-11-06,25.17,25.174999,25.142,25.142,4000
2019-11-07,25.243999,25.280001,25.18,25.18,4800
2019-11-08,25.184999,25.184999,25.184999,25.184999,0
2019-11-11,25.120001,25.219999,25.120001,25.172001,9100
2019-11-12,25.195,25.219999,25.16,25.181,10300
2019-11-13,25.184999,25.200001,25.16,25.176001,63900
2019-11-14,24.200001,25.200001,24.200001,25.176001,20800
2019-11-15,25.26,25.34,25.26,25.34,57100
2019-11-18,25.295,25.32,25.295,25.296,53600
2019-11-19,25.24,25.25,25.233999,25.233999,26200
2019-11-20,25.139999,25.18,25.1,25.113001,217800
2019-11-21,25.149,25.17,25.120001,25.143999,14500
2019-11-22,25.219999,25.219999,25.195999,25.198999,6100
2019-11-25,25.27,25.337,25.27,25.337,13300
2019-11-26,25.288,25.344,25.282,25.344,25400
2019-11-27,25.42,25.43,25.408001,25.408001,14700
2019-11-29,25.4,25.4,25.337999,25.337999,2300
2019-12-02,25.309999,25.309999,25.238001,25.261999,6800
2019-12-03,25.110001,25.110001,25.049999,25.091999,14500
2019-12-04,25.226,25.27,25.200001,25.23,12200
2019-12-05,25.25,25.25,25.187,25.187,4400
2019-12-06,25.379999,25.41,25.379,25.385,19000
2019-12-09,25.4,25.4,25.32,25.35,12800
2019-12-10,25.360001,25.4,25.326,25.35,6200
2019-12-11,25.43,25.43,25.370001,25.374001,1700
2019-12-12,25.558001,25.566999,25.540001,25.554001,8400
2019-12-13,25.521,25.521999,25.513,25.521999,600
2019-12-16,25.636999,25.67,25.6,25.631001,19000
2019-12-17,25.67,25.700001,25.662001,25.690001,5500
2019-12-18,25.67,25.690001,25.649,25.66,16600
2019-12-19,25.646999,25.709999,25.646999,25.681,13600
2019-12-20,25.767,25.82,25.73,25.784,10200
2019-12-23,26.4,26.4,25.785999,25.823,21000
2019-12-24,25.773001,25.773001,25.773001,25.773001,100
2019-12-26,26.23,26.23,25.822001,25.85,5900
2019-12-27,25.924999,25.924999,25.82,25.91,6400
2019-12-30,25.6,25.6,25.549999,25.57,13500
2019-12-31,25.6,25.607,25.555,25.607,10600
2020-01-02,25.709999,25.709999,25.631001,25.705,10000
2020-01-03,25.620001,25.66,25.59,25.614,14800
2020-01-06,25.309999,25.586,25.309999,25.586,9400
2020-01-07,26.059999,26.059999,25.504999,25.525,7700
2020-01-08,25.643999,25.690001,25.608999,25.608999,11300
2020-01-09,25.629999,25.67,25.620001,25.667,29900
2020-01-10,25.584,25.620001,25.554001,25.573999,25600
2020-01-13,25.632,25.67,25.611,25.657,11600
2020-01-14,25.67,25.690001,25.629999,25.655001,13700
2020-01-15,25.639999,25.639999,25.59,25.615999,13800
2020-01-16,25.707001,25.763,25.707001,25.763,17500
2020-01-17,25.791,25.809999,25.76,25.808001,3200
2020-01-21,25.74,25.75,25.688,25.712,9300
2020-01-22,25.780001,25.780001,25.737,25.754,27900
2020-01-23,25.655001,25.76,25.645,25.733999,68300
2020-01-24,25.690001,25.690001,25.521,25.603001,9200
2020-01-27,25.434999,25.469,25.421,25.421,5600
2020-01-28,25.370001,25.469999,25.370001,25.450001,38800
2020-01-29,25.389999,25.389999,25.315001,25.315001,18500
2020-01-30,25.223,25.223,25.223,25.223,100
2020-01-31,25.075001,25.09,25.049999,25.075001,6600
2020-02-03,25.18,25.18,25.059,25.059,2600
2020-02-04,25.250999,25.253,25.216999,25.216999,3900
2020-02-05,25.319,25.379999,25.315001,25.332001,13400
2020-02-06,25.35,25.402,25.33,25.386999,79500
2020-02-07,25.334999,25.334999,25.27,25.297001,31700
2020-02-10,25.27,25.360001,25.27,25.347,13600
2020-02-11,25.466,25.466,25.43,25.438,12900
2020-02-12,25.521999,25.521999,25.511999,25.511999,300
2020-02-13,25.417999,25.450001,25.389999,25.412001,28500
2020-02-14,25.299999,25.32,25.24,25.313999,42500
2020-02-18,25.190001,25.25,25.110001,25.16,18800
2020-02-19,25.284,25.296,25.25,25.25,2800
2020-02-20,25.135,25.209999,25.135,25.188999,9100
2020-02-21,25.077999,25.110001,25.042,25.082001,13100
2020-02-24,24.77,24.82,24.48,24.745001,110300
2020-02-25,24.51,24.533001,24.4,24.465,26500
2020-02-26,24.52,24.530001,24.399,24.399,12200
2020-02-27,24.25,24.440001,24.040001,24.306999,13000
2020-02-28,23.98,24.32,23.799999,24.191999,26400
2020-03-02,24.285,24.84,24.285,24.67,46100
2020-03-03,24.9,24.91,24.190001,24.200001,106700
2020-03-04,24.469999,24.870001,24.440001,24.863001,186500
2020-03-05,24.379999,24.780001,24.379999,24.780001,47000
2020-03-06,24.34,24.379999,24.09,24.379999,48600
2020-03-09,23.969999,24.26,23.67,23.955999,51300
2020-03-10,23.865999,24.150999,23.780001,24.125999,18800
2020-03-11,23.965,23.98,23.83,23.926001,11400
2020-03-12,23.1,25.219999,22.780001,24.48,45300
2020-03-13,23.35,24.361,23.281,24.361,24500
2020-03-16,24.15,27.059999,22.92,23.99,38500
2020-03-17,22.67,23.25,22.67,23.209,14000
2020-03-18,22.629999,22.83,21.860001,22.549999,13200
2020-03-19,22.700001,22.885,22.568001,22.860001,10100
2020-03-20,22.23,22.42,22,22.42,17700
2020-03-23,21.290001,22.26,21.290001,22.052999,18700
2020-03-24,21.27,22.610001,21.24,22.200001,147100
2020-03-25,22.275,22.530001,22.275,22.368,7200
2020-03-26,22.632999,22.799999,22.57,22.57,132100
2020-03-27,22.570999,22.780001,22.514999,22.65,137500
2020-03-30,22.669001,22.889999,22.559999,22.66,55000
2020-03-31,22.73,24.01,22.617001,24.01,46100
2020-04-01,22.209999,22.6,22.209999,22.48,20400
2020-04-02,22.320999,22.719999,22.18,22.700001,21500
2020-04-03,22.405001,22.462999,22.405001,22.462999,3400
2020-04-06,22.815001,23.120001,22.74,23.120001,9000
2020-04-07,23.299999,23.299999,23.01,23.063,6400
2020-04-08,23.148001,23.48,23.030001,23.26,14600
2020-04-09,23.549999,23.690001,23.395,23.507999,7800
2020-04-13,23.15,23.52,23.15,23.52,11700
2020-04-14,23.59,23.91,23.59,23.747,9500
2020-04-15,23.780001,23.780001,23.648001,23.695,7800
2020-04-16,23.799999,23.870001,23.686001,23.870001,5200
2020-04-17,23.889999,24.030001,23.889999,23.982,8200
2020-04-20,23.92,23.92,23.756001,23.771,6400
2020-04-21,23.379999,23.409,23.299,23.299,4200
2020-04-22,23.65,23.825001,23.6,23.721001,12100
2020-04-23,23.889999,23.889999,23.646,23.646,13100
2020-04-24,23.790001,23.892,23.790001,23.892,9200
2020-04-27,24.08,24.129999,24.01,24.113001,5800
2020-04-28,24.09,24.09,23.931999,23.931999,300
2020-04-29,24.16,24.309999,24.16,24.209999,10100
2020-04-30,24.040001,24.077999,24,24.077999,4900
2020-05-01,23.756001,23.756001,23.67,23.75,9300
2020-05-04,23.656,23.709999,23.639999,23.709999,7300
2020-05-05,24.004,24.110001,23.92,23.959999,54100
2020-05-06,24.35,24.35,23.841,23.841,33000
2020-05-07,23.959999,24.01,23.9,23.9,12900
2020-05-08,24.065001,24.065001,23.98,24.030001,14200
2020-05-11,24.030001,24.1,23.966999,24.049999,12600
2020-05-12,24.014999,24.014999,23.799999,23.799999,73500
2020-05-13,23.809999,23.809999,23.709999,23.790001,16700
2020-05-14,23.489,23.959999,23.489,23.959999,29000
2020-05-15,23.775,23.968,23.775,23.968,14600
2020-05-18,24.139999,24.33,24.139999,24.33,3700
2020-05-19,24.309999,24.309999,24.219999,24.219999,1100
2020-05-20,24.35,24.360001,24.256001,24.32,12300
2020-05-21,24.23,24.23,24.176001,24.202999,7800
2020-05-22,24.219999,24.299999,24.219999,24.299999,43600
2020-05-26,24.379999,24.469999,24.302,24.302,3800
2020-05-27,25.540001,25.540001,24.167999,24.51,4200
2020-05-28,24.6,24.700001,24.549999,24.57,37600
2020-05-29,24.57,24.681999,24.507999,24.681999,1400
2020-06-01,24.556999,24.705,24.556999,24.700001,8200
2020-06-02,24.655001,24.799999,24.653,24.799999,11100
2020-06-03,24.799999,24.85,24.799999,24.84,1800
2020-06-04,24.799999,24.799999,24.68,24.790001,8100
2020-06-05,24.68,25.049999,24.67,24.982,3300
2020-06-08,24.98,24.99,24.903,24.966,27200
2020-06-09,25,25.120001,25,25.110001,10600
2020-06-10,25.15,25.200001,25.045,25.099001,63200
2020-06-11,25.004999,25.049999,24.709999,24.83,35900
2020-06-12,24.82,25.065001,24.68,24.867001,14200
2020-06-15,24.809999,25.040001,24.809999,24.973,14900
2020-06-16,25.309999,25.309999,25.108,25.17,9700
2020-06-17,25.059999,25.24,25.059999,25.142,19400
2020-06-18,24.92,25.219999,24.92,25.138,21600
2020-06-19,25.096001,25.280001,25.096001,25.184999,11600
2020-06-22,24.99,25.18,24.959999,25.174,2800
2020-06-23,25.32,25.341999,25.26,25.26,11100
2020-06-24,25.065001,25.065001,24.9,24.98,12300
2020-06-25,25,25.082001,24.958,25.082001,2000
2020-06-26,24.93,24.93,24.826,24.826,700
2020-06-29,25.02,25.02,24.889999,24.955999,12100
2020-06-30,25.094999,25.370001,25.094999,25.223,2000
2020-07-01,25.280001,25.370001,25.274,25.274,2100
2020-07-02,25.42,25.440001,25.309999,25.309999,69300
2020-07-06,25.42,25.51,25.386999,25.434999,37200
2020-07-07,25.469999,25.52,25.35,25.35,10100
2020-07-08,25.209999,25.43,25.209999,25.43,16100
2020-07-09,25.41,25.43,25.181999,25.289,20600
2020-07-10,25.290001,25.434999,25.290001,25.403999,5200
2020-07-13,25.549999,25.629999,25.327,25.327,4600
2020-07-14,25.52,25.540001,25.450001,25.540001,2500
2020-07-15,25.68,25.75,25.66,25.719999,22400
2020-07-16,25.6,25.65,25.530001,25.641001,9400
2020-07-17,25.719999,25.82,25.66,25.757999,2600
2020-07-20,25.787001,25.940001,25.787001,25.893999,18900
2020-07-21,25.979,26.02,25.895,25.895,194400
2020-07-22,25.860001,26.09,25.83,26.062,41700
2020-07-23,26.120001,26.120001,25.799999,25.837999,9200
2020-07-24,25.802999,25.809999,25.719999,25.766001,6000
2020-07-27,25.799999,25.907,25.784,25.902,5700
2020-07-28,26.049999,26.049999,25.870001,25.9,29800
2020-07-29,25.900999,26.080999,25.900999,26.080999,8300
2020-07-30,25.85,26.02,25.809,25.98,16200
2020-07-31,26.459999,26.459999,25.860001,26.068001,6300
2020-08-03,26.226999,26.290001,26.219999,26.253,19200
2020-08-04,26.204,26.32,26.186001,26.23,83400
2020-08-05,26.370001,26.450001,26.370001,26.402,94600
2020-08-06,26.379999,26.530001,26.299999,26.530001,8700
2020-08-07,26.51,26.57,26.4,26.48,11100
2020-08-10,26.469999,26.559999,26.379999,26.499001,13800
2020-08-11,26.575001,26.575001,26.43,26.43,6300
2020-08-12,26.549999,26.77,26.549999,26.700001,8200
2020-08-13,26.75,26.75,26.639999,26.719999,22700
2020-08-14,26.879999,26.879999,26.620001,26.650999,7600
2020-08-17,26.85,26.85,26.73,26.809999,75400
2020-08-18,26.719999,26.865,26.719999,26.84,22700
2020-08-19,26.875,26.940001,26.76,26.82,10400
2020-08-20,26.860001,26.860001,26.700001,26.85,57200
2020-08-21,26.780001,26.889999,26.780001,26.889999,26800
2020-08-24,27.219999,27.219999,26.83,26.912001,12900
2020-08-25,26.969999,27.07,26.969999,27.048,9600
2020-08-26,27.110001,27.219999,27.08,27.219999,14300
2020-08-27,27.42,27.42,27.174999,27.280001,22300
2020-08-28,27.559999,27.559999,27.219999,27.379999,36800
2020-08-31,27.58,27.58,27.296,27.35,32700
2020-09-01,27.52,27.530001,27.309999,27.355,45900
2020-09-02,27.719999,27.780001,27.368999,27.736,62700
2020-09-03,27.6,27.603001,26.870001,27.014,28200
2020-09-04,27.26,27.26,26.559999,26.889999,7100
2020-09-08,26.379999,26.58,26.368999,26.368999,9900
2020-09-09,26.809999,26.98,26.809,26.809999,23600
2020-09-10,26.76,26.795,26.400999,26.472,9600
2020-09-11,26.465,26.52,26.309999,26.51,10100
2020-09-14,26.68,26.700001,26.645,26.67,1700
2020-09-15,26.714001,26.76,26.659,26.719999,4600
2020-09-16,27,27,26.599001,26.599001,2600
2020-09-17,26.51,26.525,26.365,26.49,12700
2020-09-18,26.459999,26.459999,26.25,26.25,4200
2020-09-21,26.023001,26.193001,26.014,26.193001,68700
2020-09-22,26.32,26.459999,26.219999,26.450001,19600
2020-09-23,26.309999,26.41,26.058001,26.086,28600
2020-09-24,26.16,26.23,25.982,26.1,3800
2020-09-25,26.07,26.360001,26.07,26.34,25200
2020-09-28,26.57,26.629999,26.51,26.58,17700
2020-09-29,26.530001,26.59,26.49,26.530001,12800
2020-09-30,26.629999,26.77,26.52,26.65,43100
2020-10-01,26.74,26.75,26.646,26.667,170600
2020-10-02,26.51,26.58,26.434999,26.52,25300
2020-10-05,26.559999,26.775,26.540001,26.775,6500
2020-10-06,26.83,26.870001,26.488001,26.540001,56100
2020-10-07,26.59,26.799999,26.59,26.780001,75800
2020-10-08,26.93,26.98,26.905001,26.959999,60800
2020-10-09,26.98,27.120001,26.98,27.120001,18000
2020-10-12,27.360001,27.41,27.35,27.35,38900
2020-10-13,27.549999,27.549999,27.23,27.25,32000
2020-10-14,27.299999,27.299999,27.1,27.16,29500
2020-10-15,26.870001,27.200001,26.870001,27.15,14900
2020-10-16,27.200001,27.26,27.16,27.16,15300
2020-10-19,27.15,27.15,26.855,26.91,27400
2020-10-20,26.969999,27.040001,26.905001,26.93,41100
2020-10-21,26.83,27,26.83,26.905001,26200
2020-10-22,26.799999,26.969999,26.790001,26.83,21200
2020-10-23,26.905001,26.914,26.83,26.914,7800
2020-10-26,26.76,26.76,26.559999,26.684999,28200
2020-10-27,26.690001,26.75,26.65,26.700001,42800
2020-10-28,26.32,26.368999,26.23,26.280001,42800
2020-10-29,26.146,26.459999,26.146,26.344999,6100
2020-10-30,26.370001,26.370001,25.964001,26.15,31100
2020-11-02,26.27,26.41,26.24,26.299999,23800
2020-11-03,26.455,26.75,26.455,26.58,30800
2020-11-04,27.190001,27.190001,27,27,56400
2020-11-05,27.639999,27.639999,27.219999,27.27,43500
2020-11-06,27.200001,27.309999,26.950001,27.309999,63300
2020-11-09,27.809999,28.059999,27.389999,27.85,54900
2020-11-10,27.450001,27.450001,27.15,27.209999,24000
2020-11-11,27.15,27.690001,27.15,27.365,85400
2020-11-12,27.51,27.51,27.17,27.190001,26500
2020-11-13,27.285,27.4,27.285,27.4,27600
2020-11-16,27.540001,27.540001,27.360001,27.440001,7700
2020-11-17,27.287001,27.549999,27.287001,27.370001,20300
2020-11-18,27.389999,27.4,27.18,27.24,30400
2020-11-19,27.195,27.309999,27.195,27.309999,25300
2020-11-20,27.280001,27.280001,27.120001,27.23,24100
2020-11-23,27.07,27.190001,27.054001,27.1,19300
2020-11-24,27.32,27.35,27.191,27.34,43000
2020-11-25,27.370001,27.370001,27.26,27.33,10200
2020-11-27,27.405001,27.41,27.385,27.389999,3300
2020-11-30,27.395,27.395,27.25,27.389999,14100
2020-12-01,27.5,27.620001,27.485001,27.545,24800
2020-12-02,27.709999,27.709999,27.469999,27.469999,66000
2020-12-03,27.6,27.6,27.392,27.42,58200
2020-12-04,27.68,27.68,27.48,27.58,22700
2020-12-07,27.52,27.58,27.450001,27.540001,69700
2020-12-08,27.75,27.75,27.49,27.6,11800
2020-12-09,27.490999,27.504,27.35,27.370001,20800
2020-12-10,26.91,27.51,26.91,27.309999,5000
2020-12-11,27.266001,27.42,27.266001,27.389999,9500
2020-12-14,27.455999,27.540001,27.34,27.34,29700
2020-12-15,27.24,27.559999,27.190001,27.49,38300
2020-12-16,27.504999,27.52,27.42,27.42,49800
2020-12-17,27.74,27.83,27.549999,27.610001,26300
2020-12-18,27.5,27.610001,27.459999,27.610001,62400
2020-12-21,27.364,27.559999,27.309999,27.559999,22700
2020-12-22,27.74,27.74,27.4,27.450001,17800
2020-12-23,27.34,28,27.34,27.42,19400
2020-12-24,27.559999,27.559999,27.450001,27.49,3900
2020-12-28,27.75,27.870001,27.594999,27.73,25700
2020-12-29,27.950001,27.950001,27.620001,27.66,40700
2020-12-30,27.715,27.715,27.620001,27.67,16300
2020-12-31,28.139999,28.139999,27.559999,27.82,36100
2021-01-04,27.806999,27.806999,27.407,27.577999,41400
2021-01-05,27.52,27.739,27.52,27.66,60600
2021-01-06,27.639999,27.909,27.639999,27.719999,9700
2021-01-07,27.85,27.969999,27.85,27.950001,34400
2021-01-08,27.98,28.030001,27.858999,28.030001,16300
2021-01-11,28.08,28.08,27.870001,27.870001,29000
2021-01-12,27.870001,27.91,27.743999,27.889999,25600
2021-01-13,27.92,27.959999,27.870001,27.93,38200
2021-01-14,27.924999,27.924999,27.68,27.68,23100
2021-01-15,27.780001,27.780001,27.594999,27.674999,18600
2021-01-19,27.200001,27.813999,27.200001,27.73,42900
2021-01-20,27.959999,28.049999,27.93,28.035,98300
2021-01-21,28.09,28.129999,27.93,28,40500
2021-01-22,28.02,28.02,27.809999,27.91,35000
2021-01-25,27.870001,27.950001,27.752001,27.950001,9400
2021-01-26,28.059999,28.059999,27.879999,27.9,75000
2021-01-27,27.73,27.77,27.209999,27.23,8600
2021-01-28,27.66,27.719999,27.48,27.48,8300
2021-01-29,27.32,27.379999,27.1,27.15,26100
2021-02-01,27.264999,27.440001,27.25,27.32,75300
2021-02-02,27.549999,27.780001,27.549999,27.67,61000
2021-02-03,27.58,27.68,27.58,27.639999,33600
2021-02-04,27.530001,27.82,27.530001,27.82,23600
2021-02-05,27.719999,27.912001,27.719999,27.84,43200
2021-02-08,27.903999,27.940001,27.85,27.91,33600
2021-02-09,27.915001,28.01,27.915001,27.940001,62700
2021-02-10,28.030001,28.030001,27.9,27.9,54700
2021-02-11,28.02,28.02,27.959999,28.02,134200
2021-02-12,27.995001,28.059999,27.98,28.059999,137000
2021-02-16,28.209999,28.209999,28.017,28.030001,61200
2021-02-17,28.02,28.139999,28.02,28.139999,7400
2021-02-18,27.969999,28.110001,27.959999,28.07,22700
2021-02-19,28.023001,28.051001,27.889999,27.92,23200
2021-02-22,27.789,27.790001,27.684999,27.75,26600
2021-02-23,27.809999,27.809999,27.43,27.76,18900
2021-02-24,27.601999,27.809999,27.559999,27.809999,34600
2021-02-25,27.746,27.746,27.459999,27.49,14300
2021-02-26,27.524,27.65,27.389999,27.43,24200
2021-03-01,27.469999,27.889999,27.469999,27.83,17700
2021-03-02,27.790001,27.790001,27.629999,27.629999,39200
2021-03-03,27.690001,27.690001,27.298,27.299999,33500
2021-03-04,27.299999,27.379999,26.93,27,26300
2021-03-05,26.860001,27.389999,26.860001,27.379999,16200
2021-03-08,27.450001,27.469999,27.190001,27.190001,18200
2021-03-09,27.594999,27.66,27.559999,27.57,9700
2021-03-10,27.66,27.690001,27.610001,27.639999,17400
2021-03-11,27.809999,27.950001,27.735001,27.85,30900
2021-03-12,27.809999,27.833,27.68,27.833,10700
2021-03-15,27.858999,28.02,27.811001,28,26900
2021-03-16,28.299999,28.299999,27.940001,27.993,18000
2021-03-17,28.02,28.030001,27.84,27.99,19000
2021-03-18,27.84,27.9,27.73,27.73,11600
2021-03-19,27.780001,27.790001,27.610001,27.729,12900
2021-03-22,27.59,27.950001,27.59,27.92,38400
2021-03-23,27.68,28.039,27.469999,27.889999,24100
2021-03-24,28.01,28.059999,27.895,27.9,15600
2021-03-25,28.08,28.08,27.780001,27.92,11500
2021-03-26,28,28.379999,28,28.379999,5700
2021-03-29,28.32,28.43,28.01,28.389999,25200
2021-03-30,28.85,28.85,28.139999,28.15,12400
2021-03-31,28.455,28.455,28.26,28.33,10200
2021-04-01,28.445999,28.6,28.445999,28.6,7500
2021-04-05,29.08,29.08,28.780001,28.93,48500
2021-04-06,28.860001,28.917999,28.83,28.870001,12700
2021-04-07,29.110001,29.110001,28.85,28.85,61600
2021-04-08,29.190001,29.190001,28.995001,29.049999,30200
2021-04-09,29.139999,29.23,29.02,29.16,17800
2021-04-12,29.209999,29.23,29.110001,29.200001,22300
2021-04-13,29.290001,29.370001,29.169001,29.33,39900
2021-04-14,29.42,29.42,29.16,29.195,22500
2021-04-15,29.5,29.620001,29.459999,29.620001,12800
2021-04-16,29.52,29.700001,29.48,29.67,38900
2021-04-19,29.700001,29.700001,29.49,29.57,34100
2021-04-20,29.639999,29.639999,29.436001,29.450001,12000
2021-04-21,29.51,29.67,29.51,29.67,9900
2021-04-22,29.59,29.639999,29.385,29.431999,16600
2021-04-23,29.6,29.75,29.504999,29.700001,19100
2021-04-26,29.700001,29.709999,29.648001,29.68,18200
2021-04-27,29.645,29.690001,29.610001,29.690001,8700
2021-04-28,29.559999,29.719999,29.559999,29.639999,19500
2021-04-29,29.92,29.969999,29.68,29.860001,19000
2021-04-30,29.690001,29.729,29.674999,29.700001,9000
2021-05-03,29.82,29.84,29.75,29.75,23900
2021-05-04,29.605,29.627001,29.52,29.627001,10200
2021-05-05,29.85,29.85,29.572001,29.610001,24000
2021-05-06,29.65,29.790001,29.559999,29.790001,27200
2021-05-07,29.92,30,29.870001,29.950001,54700
2021-05-10,29.879999,29.950001,29.709999,29.709999,58000
2021-05-11,29.43,29.530001,29.33,29.474001,50200
2021-05-12,29.41,29.41,29,29.006001,30800
2021-05-13,28.780001,29.4,28.48,29.282,16300
2021-05-14,29.59,29.65,29.559999,29.6,34200
2021-05-17,29.469999,29.528999,29.389999,29.506001,15900
2021-05-18,29.540001,29.549999,29.375999,29.375999,21800
2021-05-19,29.129999,29.325001,29.110001,29.325001,15200
2021-05-20,29.48,29.74,29.48,29.643999,18700
2021-05-21,29.67,29.709999,29.58,29.594999,14100
2021-05-24,29.879999,30.18,29.780001,29.780001,41700
2021-05-25,29.799999,29.879999,29.76,29.76,23300
2021-05-26,29.790001,29.83,29.76,29.790001,89300
2021-05-27,30.299999,30.299999,29.77,29.799999,13400
2021-05-28,30.040001,30.040001,29.780001,29.799999,17400
2021-06-01,30.200001,30.200001,29.67,29.67,53200
2021-06-02,29.745001,29.809999,29.73,29.790001,20500
2021-06-03,29.559999,29.719999,29.559999,29.681,11600
2021-06-04,29.559999,29.91,29.559999,29.892,6800
2021-06-07,29.85,29.85,29.73,29.76,9900
2021-06-08,30.059999,30.059999,29.709999,29.77,41300
2021-06-09,29.855,29.870001,29.783001,29.783001,7600
2021-06-10,29.889999,29.940001,29.879999,29.93,22300
2021-06-11,29.969999,29.969999,29.85,29.91,13200
2021-06-14,29.899,30.040001,29.862,30.040001,52200
2021-06-15,29.860001,30.01,29.860001,29.957001,18600
2021-06-16,29.98,29.98,29.745001,29.818001,14400
2021-06-17,29.860001,29.91,29.74,29.860001,59600
2021-06-18,29.639999,29.639999,29.559999,29.58,63200
2021-06-21,29.75,29.85,29.659,29.85,153100
2021-06-22,29.812,30.01,29.812,29.93,48600
2021-06-23,29.93,29.959999,29.9,29.9,80900
2021-06-24,30.23,30.23,29.959999,29.969999,84100
2021-06-25,30.059999,30.08,30.02,30.059999,35400
2021-06-28,30.18,30.18,30.01,30.129999,70800
2021-06-29,30.209999,30.209999,30.09,30.15,87200
2021-06-30,30.15,30.190001,30.120001,30.16,29300
2021-07-01,30.226,30.35,30.18,30.35,35500
2021-07-02,30.309999,30.58,30.309999,30.58,55100
2021-07-06,30.48,30.57,30.410999,30.559999,214700
2021-07-07,30.584999,30.690001,30.584999,30.68,49600
2021-07-08,30.43,30.518,30.379999,30.440001,50000
2021-07-09,30.309999,30.74,30.309999,30.74,29600
2021-07-12,30.77,30.809999,30.76,30.788,32200
2021-07-13,30.799999,30.9,30.74,30.74,74500
2021-07-14,30.879999,30.889999,30.73,30.76,42500
2021-07-15,30.77,30.77,30.66,30.725,47800
2021-07-16,30.756001,30.76,30.620001,30.65,22600
2021-07-19,30.530001,30.530001,30.129,30.18,18800
2021-07-20,30.254999,30.629999,30.254999,30.559999,67200
2021-07-21,30.83,30.83,30.629999,30.68,26000
2021-07-22,30.530001,30.780001,30.530001,30.77,30100
2021-07-23,30.98,31.049999,30.809999,31,11000
2021-07-26,30.85,31.040001,30.85,31.030001,12200
2021-07-27,31.009001,31.009001,30.85,30.948,4700
2021-07-28,31.049999,31.049999,30.83,30.860001,35200
2021-07-29,30.981001,31.059999,30.981001,31.002001,13800
2021-07-30,30.92,30.93,30.82,30.860001,88200
2021-08-02,30.93,30.93,30.700001,30.700001,90100
2021-08-03,30.700001,30.85,30.686001,30.832001,102300
2021-08-04,30.6,31.355,30.6,30.68,52600
2021-08-05,30.75,30.799999,30.75,30.795,32500
2021-08-06,30.826,30.884001,30.82,30.84,49300
2021-08-09,30.73,30.802999,30.73,30.73,47500
2021-08-10,30.766001,30.83,30.731001,30.763,18700
2021-08-11,30.75,30.85,30.75,30.799999,30200
2021-08-12,30.879999,30.889999,30.77,30.879999,95600
2021-08-13,31.02,31.02,30.844,30.889999,53500
2021-08-16,30.77,31.040001,30.77,31.040001,40700
2021-08-17,30.865,30.889999,30.708,30.860001,42200
2021-08-18,30.745001,30.85,30.540001,30.540001,50800
2021-08-19,30.549999,30.639999,30.530001,30.575001,27900
2021-08-20,30.702,30.76,30.700001,30.719999,52400
2021-08-23,30.66,31,30.66,30.93,55700
2021-08-24,31,31,30.940001,30.950001,41900
2021-08-25,30.927999,31,30.912001,30.98,62200
2021-08-26,30.900999,30.940001,30.860001,30.870001,28600
2021-08-27,31.049999,31.08,30.99,31.07,71900
2021-08-30,31.059999,31.219999,31.059999,31.190001,21300
2021-08-31,31.15,31.209999,31.125,31.16,40900
2021-09-01,31.26,31.26,31.105,31.15,221000
2021-09-02,31.1,31.271,31.1,31.23,320600
2021-09-03,31.17,31.225,31.135,31.200001,102600
2021-09-07,31.1,31.120001,31.02,31.02,59400
2021-09-08,30.923,31.079,30.923,31.07,109200
2021-09-09,31.09,31.17,30.93,30.93,85700
2021-09-10,31.066999,31.066999,30.700001,30.700001,146600
