date,open,high,low,close,volume
2007-12-13,10,10,9.6,9.89,296400
2007-12-14,9.82,10,9.7,10,367400
2007-12-17,9.78,9.94,9.73,9.75,163100
2007-12-18,9.77,10.01,9.35,10,226400
2007-12-19,9.99,10,9.8,9.9,197700
2007-12-20,9.91,10,9.8,9.94,232200
2007-12-21,9.97,10.03,9.88,9.96,309200
2007-12-24,10.01,10.19,9.83,9.97,142300
2007-12-26,9.99,10.4,9.87,10.13,140300
2007-12-27,10.14,10.25,9.87,10.25,183900
2007-12-28,10.02,10.24,9.9,10,146300
2007-12-31,10,10.4,9.99,10.11,144700
2008-01-02,10.29,10.3,9.63,9.91,528300
2008-01-03,9.77,10,9.45,9.68,283600
2008-01-04,9.44,9.57,9,9.2,84300
2008-01-07,9.25,9.7,9.01,9.17,95200
2008-01-08,9.17,9.2,8.99,9.03,58300
2008-01-09,9.03,9.05,8.66,8.75,52800
2008-01-10,8.85,9.15,8.53,8.64,92800
2008-01-11,8.55,9.02,8.51,8.8,100000
2008-01-14,9,9,8.41,8.72,231400
2008-01-15,8.42,8.92,7.97,8.5,134100
2008-01-16,8.5,8.51,8.25,8.37,125300
2008-01-17,8.35,8.5,8.19,8.19,75400
2008-01-18,8.19,8.59,8.18,8.42,221400
2008-01-22,8.53,8.78,7.5,8.26,139000
2008-01-23,8.28,8.45,8.19,8.37,230000
2008-01-24,8.13,8.83,8.13,8.29,109000
2008-01-25,8.37,8.53,8.16,8.2,52300
2008-01-28,8.27,8.83,8,8.21,140100
2008-01-29,8.21,8.84,8.03,8.24,106200
2008-01-30,8.3,8.3,8,8,284100
2008-01-31,8.02,8.35,7.83,7.83,175000
2008-02-01,7.85,8.4,7.85,8.14,69200
2008-02-04,7.8,8.05,7.8,7.9,33000
2008-02-05,7.83,8.1,7.83,7.95,16400
2008-02-06,7.8,8.35,7.8,8,62000
2008-02-07,8,8.44,7.95,8,85900
2008-02-08,7.98,8.09,7.77,7.97,88100
2008-02-11,7.99,8.44,7.82,8.07,32300
2008-02-12,8,8.05,7.84,8.01,94900
2008-02-13,7.88,8.11,7.85,7.95,52600
2008-02-14,7.85,7.96,7.85,7.88,69500
2008-02-15,8,8.03,7.85,7.85,60800
2008-02-19,7.78,7.95,7.67,7.8,42300
2008-02-20,7.7,7.84,7.64,7.69,184900
2008-02-21,7.76,7.86,7.15,7.62,132200
2008-02-22,7.55,7.55,7.02,7.34,35900
2008-02-25,7.3,7.45,6.95,7.03,42100
2008-02-26,7.05,7.15,7,7.1,81000
2008-02-27,7.11,7.25,7.03,7.05,99200
2008-02-28,7.05,8.2,7.01,7.46,123600
2008-02-29,7.3,7.37,7.05,7.22,93600
2008-03-03,7.22,7.5,7.01,7.5,22000
2008-03-04,7.12,7.41,7.07,7.32,46000
2008-03-05,7.35,7.45,6.97,6.97,66700
2008-03-06,7.06,7.74,6.95,7.01,121700
2008-03-07,6.95,7.25,6.83,6.95,64800
2008-03-10,6.76,7.04,6.66,7.03,13900
2008-03-11,7,7.43,6.6,7.02,323300
2008-03-12,6.98,7.16,6.89,7.08,26700
2008-03-13,7.09,7.09,6.72,6.86,101500
2008-03-14,6.73,7.18,6.73,7.18,7900
2008-03-17,6.9,7.2,6.75,6.8,16100
2008-03-18,7.08,7.92,6.8,7.9,103500
2008-03-19,7.92,7.92,6.93,7.49,62300
2008-03-20,7.28,7.5,7.17,7.36,54700
2008-03-24,6.92,7.86,6.92,7.85,48100
2008-03-25,7.7,8,7.42,7.9,50100
2008-03-26,8,8,7.29,7.81,60500
2008-03-27,7.48,7.79,7.33,7.65,38800
2008-03-28,7.59,7.62,7.09,7.14,67600
2008-03-31,7.27,7.65,6.85,6.97,938700
2008-04-01,7.14,7.23,5.88,7.13,444800
2008-04-02,7.07,7.13,6.08,6.83,103200
2008-04-03,6.76,7.39,6.76,7.15,80000
2008-04-04,7.28,7.96,6.81,7.43,79400
2008-04-07,7.38,7.78,7.13,7.78,67800
2008-04-08,7.62,7.95,7.55,7.88,88100
2008-04-09,7.91,7.91,7.5,7.62,42600
2008-04-10,7.53,7.94,7.43,7.86,27400
2008-04-11,7.69,7.74,7.03,7.05,35400
2008-04-14,7.06,7.56,6.91,7.17,310300
2008-04-15,7.37,7.61,7.36,7.49,31300
2008-04-16,7.53,7.64,7.28,7.53,32200
2008-04-17,7.6,8.01,7.53,7.76,34500
2008-04-18,7.76,8.5,7.66,8.04,229500
2008-04-21,7.96,8.35,7.96,8.1,186200
2008-04-22,8.07,8.4,8.03,8.05,194400
2008-04-23,8.09,8.13,7.99,8,34800
2008-04-24,8.04,8.4,7.58,8.18,37300
2008-04-25,8.18,8.84,7.96,8.64,89700
2008-04-28,8.51,8.87,8.48,8.64,94100
2008-04-29,8.73,8.73,8.42,8.59,71400
2008-04-30,8.63,9.37,8.16,8.29,63000
2008-05-01,8.25,8.51,8.06,8.34,21400
2008-05-02,8.51,8.52,8.13,8.17,17500
2008-05-05,8.34,8.69,7.98,8.3,110000
2008-05-06,8.26,8.69,8.26,8.69,27600
2008-05-07,8.69,8.69,7.71,7.8,39500
2008-05-08,7.9,7.91,7.45,7.79,21300
2008-05-09,7.64,8.68,7.48,8.41,66600
2008-05-12,8.51,9.06,8.35,8.83,79700
2008-05-13,9.07,9.28,8.62,9.06,42100
2008-05-14,9.05,9.19,8.54,8.92,90800
2008-05-15,8.9,9.6,8.61,9.24,263400
2008-05-16,9.4,9.5,9.01,9.34,76200
2008-05-19,9.28,9.49,9,9.27,170800
2008-05-20,9.2,9.41,9,9.1,150800
2008-05-21,9.19,9.42,8.93,9.25,67000
2008-05-22,9.34,9.97,9.32,9.9,66200
2008-05-23,9.89,10,9.47,9.94,146300
2008-05-27,9.91,10,9.65,9.99,164500
2008-05-28,10,10.16,9.72,10,247800
2008-05-29,10.11,10.44,9.88,10.09,106400
2008-05-30,10.24,10.24,9.86,9.86,349900
2008-06-02,9.86,9.92,8.84,8.85,55200
2008-06-03,8.94,9.95,8.7,8.85,118100
2008-06-04,8.8,9,8.23,8.52,279900
2008-06-05,8.46,9.45,8.46,9.31,93200
2008-06-06,9.37,9.45,8.81,9.02,72700
2008-06-09,9.15,9.15,8.43,8.61,56400
2008-06-10,8.53,8.53,8.02,8.31,165400
2008-06-11,8.24,8.24,7.9,7.91,82700
2008-06-12,8.03,8.39,7.74,7.92,86400
2008-06-13,8.07,8.16,7.63,8.15,62000
2008-06-16,8.13,8.37,8.06,8.33,45000
2008-06-17,8.36,8.58,8.15,8.3,95700
2008-06-18,8.24,8.44,8.18,8.3,44700
2008-06-19,8.3,8.33,8.15,8.33,32500
2008-06-20,8.27,8.63,8.27,8.48,70000
2008-06-23,8.59,8.68,8.47,8.51,72500
2008-06-24,8.5,9.07,8.42,8.91,94200
2008-06-25,9,9.11,8.63,9.06,103600
2008-06-26,8.91,9.03,8.75,8.83,201500
2008-06-27,8.83,9.61,8.65,9.47,570100
2008-06-30,9.45,9.45,8.77,8.87,209600
2008-07-01,8.73,9.38,8.73,8.82,96400
2008-07-02,8.79,9,8.51,8.55,98100
2008-07-03,8.55,8.55,8.06,8.33,52400
2008-07-07,9.48,9.48,8.11,8.7,96100
2008-07-08,8.74,9.09,8.05,8.6,114200
2008-07-09,8.57,8.57,7.9,7.92,32000
2008-07-10,8.55,8.55,7.52,7.98,75400
2008-07-11,7.89,8.16,7.47,8.09,83800
2008-07-14,8.17,8.17,7.25,7.47,98000
2008-07-15,7.33,7.74,6.86,7.48,78300
2008-07-16,7.59,7.62,7.14,7.55,72700
2008-07-17,7.66,8,7.51,7.56,40400
2008-07-18,7.59,7.59,6.96,7.49,74700
2008-07-21,7.68,7.68,7.16,7.58,61800
2008-07-22,7.49,7.78,7.13,7.72,51300
2008-07-23,7.74,8.08,7.51,7.78,138800
2008-07-24,7.78,7.99,7.5,7.63,44800
2008-07-25,7.77,8.06,7.53,8.01,71700
2008-07-28,7.94,8,7.59,7.86,11700
2008-07-29,7.84,8.2,7.5,8.2,45900
2008-07-30,8.28,8.59,8.27,8.59,30200
2008-07-31,8.43,8.6,8.26,8.6,15300
2008-08-01,8.6,8.74,8.5,8.62,53300
2008-08-04,8.53,8.95,8.53,8.86,58200
2008-08-05,8.95,9.14,8.62,8.99,50100
2008-08-06,8.99,9.1,8.74,9.1,43700
2008-08-07,8.94,9.32,8.75,8.84,145800
2008-08-08,8.96,9.12,8.82,8.98,64400
2008-08-11,9.02,9.1,8.61,9.07,66600
2008-08-12,8.76,9,8.35,8.7,116900
2008-08-13,8.65,8.93,8.21,8.46,29300
2008-08-14,8.44,8.64,8.25,8.48,56000
2008-08-15,8.7,8.7,7.65,7.98,147000
2008-08-18,8.03,8.03,7.17,7.47,36800
2008-08-19,7.4,7.79,7.11,7.17,18900
2008-08-20,7.23,7.4,6.92,7.39,63100
2008-08-21,7.29,7.52,7.19,7.51,85500
2008-08-22,7.61,7.95,7.5,7.85,32800
2008-08-25,7.82,7.82,7.42,7.79,61500
2008-08-26,7.78,7.82,7.7,7.79,7000
2008-08-27,7.78,8.05,7.78,7.95,27700
2008-08-28,7.76,8.42,7.76,8.42,70500
2008-08-29,8.41,8.41,7.7,7.82,52200
2008-09-02,8,8.43,7.96,8.2,30700
2008-09-03,8.21,8.35,7.71,7.93,30200
2008-09-04,7.84,8.15,7.8,7.81,36500
2008-09-05,7.81,8.35,7.81,8.14,23900
2008-09-08,8.43,8.5,8,8.41,49400
2008-09-09,8.44,8.49,7.71,7.72,48000
2008-09-10,7.87,7.87,7.24,7.42,100700
2008-09-11,7.35,7.35,7,7.18,99400
2008-09-12,7.03,7.03,6.26,6.74,371700
2008-09-15,6.73,6.89,6.4,6.89,105500
2008-09-16,6.77,7.77,6.56,7.77,67800
2008-09-17,7.2,7.3,6.78,7.2,132700
2008-09-18,7.41,8.1,6.92,7.65,166500
2008-09-19,8.11,8.11,7,7.5,199200
2008-09-22,7.32,7.55,6.97,7.42,52600
2008-09-23,7.32,7.42,6.84,7.19,272800
2008-09-24,7.49,7.56,7.23,7.32,70900
2008-09-25,7.38,7.4,7.24,7.26,37000
2008-09-26,7.14,7.57,7.14,7.48,34500
2008-09-29,7.37,7.37,3.37,7.17,103200
2008-09-30,7.05,8.02,7.05,7.86,32900
2008-10-01,7.5,7.94,7.06,7.22,34100
2008-10-02,7.16,7.95,6.92,7.36,199800
2008-10-03,7.44,7.96,7.14,7.26,19100
2008-10-06,7.13,7.75,6.94,7.63,137100
2008-10-07,7.63,8.16,7,7.32,229700
2008-10-08,7.25,7.31,6.54,6.6,108500
2008-10-09,6.72,7,6.18,6.31,105100
2008-10-10,6.14,6.14,4.06,5.1,305300
2008-10-13,5.42,6.08,5.2,6.07,87500
2008-10-14,6.1,6.21,5.49,6.2,89400
2008-10-15,6.14,6.15,5.54,5.98,90500
2008-10-16,6.02,6.7,5.76,6.69,148500
2008-10-17,6.54,7.18,5.99,6.92,153200
2008-10-20,7.07,7.36,6.6,7.06,83900
2008-10-21,6.94,6.95,6.09,6.36,66200
2008-10-22,6.26,6.75,5.88,6.1,31500
2008-10-23,6.11,6.39,6.03,6.3,28700
2008-10-24,5.91,6.43,5.91,6.3,14100
2008-10-27,6.23,6.3,5.69,5.69,16300
2008-10-28,5.77,5.98,4.87,5.5,87000
2008-10-29,5.55,5.55,4.68,5.06,75000
2008-10-30,5.19,5.54,4.82,5.54,56200
2008-10-31,5.72,5.72,5.01,5.58,58900
2008-11-03,5.54,5.77,5.42,5.46,34500
2008-11-04,5.67,5.67,5.31,5.49,39700
2008-11-05,5.33,5.65,4.99,5.06,36700
2008-11-06,4.49,4.49,3.21,3.38,301800
2008-11-07,3.42,3.65,2.38,2.49,299800
2008-11-10,2.75,2.95,2.36,2.37,195800
2008-11-11,2.36,2.44,2.03,2.06,81200
2008-11-12,2.06,2.27,1.86,1.96,109200
2008-11-13,2.03,2.55,1.81,1.9,366200
2008-11-14,1.88,2,1.53,1.56,121600
2008-11-17,1.55,1.61,1.39,1.39,71000
2008-11-18,1.39,1.9,1.14,1.26,301000
2008-11-19,1.26,1.54,1.03,1.05,157100
2008-11-20,1.09,1.26,0.89,0.9,147100
2008-11-21,0.92,1.03,0.47,0.65,708900
2008-11-24,0.65,1.05,0.59,1,252200
2008-11-25,1.02,1.24,0.96,0.97,151200
2008-11-26,0.95,1.2,0.95,1.12,130600
2008-11-28,1.18,1.54,1.18,1.34,112400
2008-12-01,1.31,1.36,1.16,1.27,123000
2008-12-02,1.29,1.4,1.22,1.33,79400
2008-12-03,1.29,1.5,1.16,1.43,124400
2008-12-04,1.4,2.24,1.36,1.46,253000
2008-12-05,1.5,1.63,1.35,1.38,65400
2008-12-08,1.42,1.71,1.42,1.64,171900
2008-12-09,1.63,1.78,1.46,1.46,580700
2008-12-10,1.48,1.73,1.2,1.37,89900
2008-12-11,1.32,1.4,1.22,1.25,103200
2008-12-12,1.23,1.45,1.21,1.25,144900
2008-12-15,1.26,1.26,1.02,1.07,196100
2008-12-16,0.98,1.2,0.98,1.12,199800
2008-12-17,1.15,1.19,1,1.12,194000
2008-12-18,1.13,1.21,1.01,1.04,214200
2008-12-19,1.09,1.1,0.91,0.92,450300
2008-12-22,0.95,1.17,0.95,1.12,277200
2008-12-23,1.12,1.14,0.95,1.06,389000
2008-12-24,1.01,1.07,0.98,1.05,49000
2008-12-26,1,1.07,0.98,0.98,98300
2008-12-29,0.97,0.99,0.95,0.99,25900
2008-12-30,1.01,1.07,0.95,1.07,53600
2008-12-31,1.05,1.47,1,1.29,132600
2009-01-02,1.29,1.55,1.29,1.33,88400
2009-01-05,1.38,1.5,1.28,1.4,69600
2009-01-06,1.42,1.49,1.34,1.4,163700
2009-01-07,1.57,1.57,1.26,1.28,143100
2009-01-08,1.28,1.5,1.19,1.2,119300
2009-01-09,1.25,1.25,1.17,1.18,109800
2009-01-12,1.18,1.29,1,1.09,127700
2009-01-13,1.08,1.08,0.99,0.99,86800
2009-01-14,0.96,1.07,0.9,0.92,112100
2009-01-15,0.91,0.95,0.85,0.95,311400
2009-01-16,0.96,1.15,0.94,1.08,184500
2009-01-20,1.06,1.11,0.92,0.92,221500
2009-01-21,0.93,1.06,0.9,1.06,31000
2009-01-22,1,1.05,0.92,0.93,166000
2009-01-23,0.9,1,0.87,0.95,107000
2009-01-26,0.96,1,0.94,0.98,18100
2009-01-27,0.99,1,0.94,0.95,121900
2009-01-28,0.91,1.01,0.91,1,42800
2009-01-29,0.99,1,0.8,0.87,96300
2009-01-30,0.87,0.92,0.85,0.85,27600
2009-02-02,0.83,0.97,0.82,0.95,121700
2009-02-03,0.95,0.99,0.91,0.94,146000
2009-02-04,0.93,0.94,0.79,0.88,124300
2009-02-05,0.88,0.96,0.85,0.91,58000
2009-02-06,0.9,0.94,0.81,0.92,234100
2009-02-09,0.91,0.95,0.88,0.95,66500
2009-02-10,0.95,1.22,0.85,1.17,311200
2009-02-11,1.2,1.59,1.01,1.18,225400
2009-02-12,1.16,1.29,1.16,1.27,16000
2009-02-13,1.28,1.44,1.22,1.41,69900
2009-02-17,1.32,1.49,1.3,1.32,51300
2009-02-18,1.34,1.48,1.25,1.42,76600
2009-02-19,1.47,1.9,1.47,1.7,113400
2009-02-20,1.66,1.69,1.47,1.5,35500
2009-02-23,1.47,1.8,1.4,1.54,138800
2009-02-24,1.4,1.69,1.24,1.55,113800
2009-02-25,1.5,1.52,1.28,1.43,55700
2009-02-26,1.45,1.55,1.35,1.4,45000
2009-02-27,1.37,1.45,1.35,1.4,28700
2009-03-02,1.37,1.48,1.12,1.16,65400
2009-03-03,1.2,1.3,1.2,1.23,41100
2009-03-04,1.25,1.25,1.09,1.13,35700
2009-03-05,1.1,1.17,1.01,1.02,23200
2009-03-06,1.03,1.46,1,1.38,36200
2009-03-09,1.37,1.4,1.05,1.05,28900
2009-03-10,1.09,1.2,1.09,1.18,116700
2009-03-11,1.18,1.33,0.98,1.01,95600
2009-03-12,1.16,1.17,1.04,1.05,55700
2009-03-13,1.08,1.08,0.88,1.01,126100
2009-03-16,1.05,1.4,1.05,1.25,72200
2009-03-17,1.23,1.32,1.17,1.29,19100
2009-03-18,1.28,1.45,1.2,1.38,35700
2009-03-19,1.39,1.39,1.33,1.35,8500
2009-03-20,1.35,1.47,1.22,1.39,68100
2009-03-23,1.44,1.79,1.39,1.72,99100
2009-03-24,1.7,1.79,1.61,1.69,82100
2009-03-25,1.66,1.82,1.65,1.8,62900
2009-03-26,1.82,1.98,1.72,1.96,29500
2009-03-27,1.99,2.13,1.92,2.02,71400
2009-03-30,2,2.02,1.65,1.75,59700
2009-03-31,1.78,1.9,1.77,1.77,84700
2009-04-01,1.77,1.81,1.65,1.81,75000
2009-04-02,1.86,2.33,1.82,2.14,154900
2009-04-03,2.14,2.25,2,2.14,31800
2009-04-06,2.12,2.14,1.95,1.96,16400
2009-04-07,1.92,2.08,1.8,2.05,42900
2009-04-08,2.09,2.52,2.09,2.44,110600
2009-04-09,2.5,2.57,2.33,2.5,48700
2009-04-13,2.48,2.48,2.2,2.25,43700
2009-04-14,2.25,2.48,2.2,2.27,45000
2009-04-15,2.36,2.47,2.36,2.47,9300
2009-04-16,2.49,2.89,2.42,2.53,41500
2009-04-17,2.54,2.56,2.46,2.49,34800
2009-04-20,2.42,2.49,2,2.08,84300
2009-04-21,2.15,2.52,2.15,2.52,25300
2009-04-22,2.47,2.6,2.4,2.41,42000
2009-04-23,2.41,2.59,2.21,2.21,18000
2009-04-24,2.19,2.33,2.1,2.3,34400
2009-04-27,2.29,2.37,2.12,2.23,19400
2009-04-28,2.21,2.36,2.21,2.27,11600
2009-04-29,2.35,2.52,2.35,2.52,31900
2009-04-30,2.54,2.6,2.4,2.45,32000
2009-05-01,2.46,2.77,2.25,2.36,26600
2009-05-04,2.34,2.52,2.34,2.46,42200
2009-05-05,2.69,2.89,2.31,2.33,44500
2009-05-06,2.36,2.75,2.36,2.69,316800
2009-05-07,2.75,2.89,2.5,2.78,166100
2009-05-08,2.82,3.01,2.8,2.96,33200
2009-05-11,2.91,3.12,2.91,3.02,63300
2009-05-12,3.05,3.1,3.02,3.02,37800
2009-05-13,2.98,3.02,2.78,2.96,80500
2009-05-14,2.99,3.18,2.87,3.1,31200
2009-05-15,3.14,3.22,3.04,3.14,47200
2009-05-18,3.15,3.42,3.14,3.29,47900
2009-05-19,3.36,3.36,2.99,3.11,30800
2009-05-20,3.13,3.13,2.87,3.01,66600
2009-05-21,2.95,3.08,2.67,2.91,29200
2009-05-22,2.74,3.05,2.74,2.93,28300
2009-05-26,2.86,3.01,2.86,2.97,40000
2009-05-27,3.05,3.11,2.73,2.75,119000
2009-05-28,2.79,3.03,2.79,2.95,175100
2009-05-29,3.04,3.25,2.69,3.2,117700
2009-06-01,3.14,3.44,3.11,3.4,48500
2009-06-02,3.42,3.65,3.14,3.62,29500
2009-06-03,3.66,3.93,3.65,3.75,42500
2009-06-04,3.85,4.1,3.85,4.03,79300
2009-06-05,4.05,4.11,3.81,4.05,56900
2009-06-08,4.15,4.15,3.9,3.95,67800
2009-06-09,4.06,4.1,3.86,3.98,36700
2009-06-10,3.99,4.1,3.8,3.86,42700
2009-06-11,3.92,4.08,3.8,3.97,51400
2009-06-12,3.91,3.91,3.79,3.91,20200
2009-06-15,3.77,3.77,3.33,3.33,77400
2009-06-16,3.31,3.49,3.18,3.18,65600
2009-06-17,3.17,3.55,3.11,3.53,33400
2009-06-18,3.51,3.51,3.28,3.32,21300
2009-06-19,3.39,3.54,3.32,3.47,61100
2009-06-22,3.43,3.43,3.24,3.24,23000
2009-06-23,3.26,3.33,3.05,3.05,28400
2009-06-24,3.09,3.94,3.07,3.49,51900
2009-06-25,3.49,3.7,3.49,3.63,64800
2009-06-26,3.62,4,3.6,4,336200
2009-06-29,3.99,4.09,3.7,3.99,89900
2009-06-30,4.06,4.1,3.8,3.81,21100
2009-07-01,3.86,4.09,3.76,4,36800
2009-07-02,3.92,3.92,3.59,3.59,25000
2009-07-06,3.58,3.83,3.55,3.74,13200
2009-07-07,3.79,4.06,3.65,3.87,30100
2009-07-08,3.95,3.98,3.65,3.65,49400
2009-07-09,3.69,3.75,3.25,3.47,30200
2009-07-10,3.43,3.5,3.28,3.5,19700
2009-07-13,3.51,3.9,3.47,3.73,30400
2009-07-14,3.6,4,3.6,3.83,31200
2009-07-15,3.92,4,3.68,3.75,148600
2009-07-16,3.69,4.11,3.55,4.01,106900
2009-07-17,4.02,4.02,3.8,3.9,22000
2009-07-20,3.91,4,3.64,4,22400
2009-07-21,4.04,4.05,3.72,3.98,11000
2009-07-22,4.04,4.05,3.95,4,31900
2009-07-23,3.98,4,3.93,3.95,29300
2009-07-24,3.9,4,3.9,3.97,39800
2009-07-27,3.85,4.03,3.78,4,90200
2009-07-28,4,4.16,3.98,4,105300
2009-07-29,3.97,4.12,3.95,3.97,36500
2009-07-30,4.05,4.23,4,4.2,42700
2009-07-31,4.19,4.39,4.18,4.21,26600
2009-08-03,4.33,4.48,4.1,4.46,20900
2009-08-04,4.41,4.76,4.27,4.55,92500
2009-08-05,5.79,6.95,5.63,6.87,819600
2009-08-06,6.88,8,6.45,6.65,340600
2009-08-07,6.8,7.13,6.32,6.85,391600
2009-08-10,6.81,7.33,6.73,6.9,188800
2009-08-11,6.85,7,6.58,6.78,426000
2009-08-12,7.21,7.68,6.95,7.18,502800
2009-08-13,7.35,7.84,7.22,7.77,246000
2009-08-14,7.79,8.05,7.6,7.93,359100
2009-08-17,7.83,7.85,7.35,7.71,211800
2009-08-18,7.88,7.95,7.63,7.83,221000
2009-08-19,7.7,8.07,7.31,8,186900
2009-08-20,8,8.47,7.91,8.03,158300
2009-08-21,8.23,8.23,7.95,8.03,154400
2009-08-24,8.14,8.14,7.8,8,128200
2009-08-25,8.01,8.13,7.83,7.99,161700
2009-08-26,7.96,8.09,7.9,8.06,170400
2009-08-27,8.05,8.2,7.78,8.05,170700
2009-08-28,8.05,8.31,7.36,7.56,305800
2009-08-31,7.51,7.98,7.19,7.88,156800
2009-09-01,7.87,8.01,7.58,7.59,109200
2009-09-02,7.55,7.9,7.5,7.69,85900
2009-09-03,7.78,7.94,7.49,7.9,74900
2009-09-04,7.85,7.97,7.52,7.78,66900
2009-09-08,7.82,7.85,7.24,7.51,125300
2009-09-09,7.43,7.84,7.42,7.73,94500
2009-09-10,7.7,7.96,7.6,7.79,100900
2009-09-11,7.78,7.98,7.51,7.89,174700
2009-09-14,7.71,7.99,7.64,7.88,171100
2009-09-15,7.84,7.87,7.6,7.66,74500
2009-09-16,7.67,8.11,7.67,7.96,155700
2009-09-17,7.88,7.94,7.31,7.77,145500
2009-09-18,7.79,7.79,7.52,7.73,87400
2009-09-21,7.57,7.87,7.32,7.85,78200
2009-09-22,7.85,7.88,7.67,7.68,88500
2009-09-23,7.63,7.89,7.61,7.67,67200
2009-09-24,7.69,7.74,7.39,7.53,66300
2009-09-25,7.5,7.64,7.32,7.6,86300
2009-09-28,7.59,7.95,7.55,7.93,143900
2009-09-29,7.87,7.95,7.8,7.86,87300
2009-09-30,7.85,7.9,7.54,7.82,148300
2009-10-01,7.8,7.86,7.7,7.75,112100
2009-10-02,7.63,7.88,7.55,7.74,98100
2009-10-05,7.8,8.73,7.76,8.6,613100
2009-10-06,8.77,8.92,8.4,8.67,213300
2009-10-07,8.67,8.84,8.46,8.6,74300
2009-10-08,8.71,8.78,8.45,8.68,98000
2009-10-09,8.74,8.84,8.64,8.71,108900
2009-10-12,8.87,8.89,8.5,8.66,125700
2009-10-13,8.56,8.77,8.42,8.74,176600
2009-10-14,8.9,9.2,8.75,9.03,136400
2009-10-15,8.92,9.23,8.69,9.15,190400
2009-10-16,9.54,9.75,9.01,9.1,223700
2009-10-19,9.33,9.61,9.1,9.21,233100
2009-10-20,9.21,9.36,8.9,8.97,144200
2009-10-21,8.88,9.49,8.66,8.76,176900
2009-10-22,8.7,9.29,8.1,9.2,172700
2009-10-23,9.32,9.5,8.78,8.8,57000
2009-10-26,8.76,9.31,8.76,8.91,163800
2009-10-27,8.92,9.07,8.81,9,113300
2009-10-28,9.16,9.5,7.81,8.12,403000
2009-10-29,9.76,9.9,9.02,9.9,863400
2009-10-30,9.83,10,9.53,9.95,335900
2009-11-02,9.87,10,9.6,9.83,236500
2009-11-03,9.68,10.25,9.3,10.2,317100
2009-11-04,10.38,10.4,9.76,9.8,178700
2009-11-05,9.95,10.5,9.75,10.41,240400
2009-11-06,10.33,10.74,9.66,10.58,211700
2009-11-09,10.76,11.05,10.42,11.02,371700
2009-11-10,11,11.2,10.9,11.14,300200
2009-11-11,11.33,11.46,10.67,11.15,170000
2009-11-12,11.09,11.3,10.72,10.8,93100
2009-11-13,10.83,11.2,10.7,11.1,113600
2009-11-16,11.25,11.5,10.55,11.26,154500
2009-11-17,11.42,11.68,11.22,11.49,123300
2009-11-18,11.5,11.56,11.16,11.27,109000
2009-11-19,11.11,11.17,10.39,10.78,144400
2009-11-20,10.63,11.08,10.62,10.85,91400
2009-11-23,10.98,11.17,10.82,10.97,85900
2009-11-24,10.93,11,10.53,10.98,103100
2009-11-25,11,11.3,10.72,11.15,292000
2009-11-27,10.67,10.88,10.5,10.74,46100
2009-11-30,10.73,11.1,10.65,11.05,289200
2009-12-01,11.24,11.36,10.95,11.23,471400
2009-12-02,11.28,11.9,11,11.85,578000
2009-12-03,12.05,12.37,11.37,11.54,367900
2009-12-04,11.84,12.2,11.4,11.98,287800
2009-12-07,12.02,12.06,11.77,12,118900
2009-12-08,11.84,12.19,11.5,12.16,229100
2009-12-09,12.11,12.15,11.9,12.03,181200
2009-12-10,12.07,12.18,11.53,12.05,160500
2009-12-11,12.1,12.14,11.75,11.95,100900
2009-12-14,12.09,12.09,11.72,12,245100
2009-12-15,12.02,12.07,11.76,11.86,72300
2009-12-16,11.96,11.96,11.58,11.6,116200
2009-12-17,11.45,11.8,11.24,11.6,93500
2009-12-18,11.77,11.99,11.26,11.82,398800
2009-12-21,11.82,11.84,11.15,11.19,136300
2009-12-22,11.25,11.69,11.25,11.6,95000
2009-12-23,11.48,12.42,10.74,10.77,345000
2009-12-24,10.79,11.43,10.79,11.11,71000
2009-12-28,11.13,11.58,10.84,11.01,81200
2009-12-29,11,11.1,10.97,11.07,80700
2009-12-30,11,11.21,10.83,11.07,175600
2009-12-31,11.05,11.32,10.93,11.06,102400
2010-01-04,11.21,11.25,10.2,11,403200
2010-01-05,10.94,11,10.25,10.41,241800
2010-01-06,10.41,10.67,10.4,10.48,69400
2010-01-07,10.42,10.46,10.32,10.41,98700
2010-01-08,10.45,11.27,10.45,11.15,219400
2010-01-11,11.18,11.56,10.62,10.83,95100
2010-01-12,10.68,11.45,10.61,11.34,186400
2010-01-13,11.35,11.35,10.84,11.03,119000
2010-01-14,10.95,11.35,10.89,11.28,210000
2010-01-15,11.28,11.28,10.97,11.15,157500
2010-01-19,11.15,11.27,11.02,11.21,299000
2010-01-20,11.11,11.12,10.53,11,209500
2010-01-21,11,11.04,10.71,10.98,116900
2010-01-22,10.95,11,10.73,10.99,131400
2010-01-25,11.09,11.2,10.66,11,132500
2010-01-26,10.91,11.09,10.65,10.95,110000
2010-01-27,10.9,11,10.81,10.95,65300
2010-01-28,10.95,11.17,10.88,10.97,147300
2010-01-29,11.01,11.23,10.85,10.89,111200
2010-02-01,10.93,11.08,10.41,11.03,160100
2010-02-02,11.01,11.47,10.9,11.41,139400
2010-02-03,11.4,12.12,11.4,12,381600
2010-02-04,11.98,12.03,11.58,11.82,282900
2010-02-05,11.87,12.07,11.59,12.02,208700
2010-02-08,12.07,12.78,11.72,11.77,255800
2010-02-09,12.02,12.33,11.89,12,161100
2010-02-10,11.97,12.37,11.97,12.12,421100
2010-02-11,11.23,11.5,10.05,10.61,916500
2010-02-12,10.46,10.65,10.23,10.6,636900
2010-02-16,10.82,10.82,10.07,10.51,438800
2010-02-17,10.57,10.57,10.37,10.54,164700
2010-02-18,10.49,10.58,10.2,10.25,308600
2010-02-19,10.19,10.24,9.68,9.91,498700
2010-02-22,9.91,9.95,9.75,9.89,159900
2010-02-23,9.9,9.92,9.72,9.82,144700
2010-02-24,9.81,10.1,9.7,9.99,238800
2010-02-25,9.87,9.91,9.54,9.9,206300
2010-02-26,9.94,10.17,9.81,9.88,192800
2010-03-01,9.79,9.9,9.51,9.64,315300
2010-03-02,9.69,9.88,9.51,9.76,496700
2010-03-03,9.83,10.35,9.72,10.02,529500
2010-03-04,10.1,10.44,10.04,10.4,193300
2010-03-05,10.53,10.85,10.42,10.69,852900
2010-03-08,10.74,11.18,10.7,11.01,146000
2010-03-09,10.93,11.3,10.9,11.22,183500
2010-03-10,11.16,11.3,11.02,11.17,175600
2010-03-11,11.03,11.14,10.93,11.06,117400
2010-03-12,11.14,11.19,10.77,11,96900
2010-03-15,10.93,10.95,10.5,10.63,128400
2010-03-16,10.63,10.63,10.45,10.52,85600
2010-03-17,10.56,10.85,10.47,10.5,70500
2010-03-18,10.55,10.69,10.27,10.32,64400
2010-03-19,10.04,10.46,10.04,10.04,145500
2010-03-22,9.85,10.15,9.7,10,164300
2010-03-23,9.97,10.41,9.86,10.4,110600
2010-03-24,10.33,10.89,10.26,10.89,223000
2010-03-25,10.94,11.78,10.91,11.56,551100
2010-03-26,11.48,11.9,11.45,11.84,314800
2010-03-29,11.85,13.44,11.74,12.9,1129800
2010-03-30,12.8,12.88,12.27,12.62,933700
2010-03-31,12.37,13.05,12.31,12.57,4062100
2010-04-01,12.64,12.75,12.49,12.53,379300
2010-04-05,12.6,13.08,12.49,13.01,378300
2010-04-06,12.93,13.2,12.9,13.03,231100
2010-04-07,12.88,13,12.64,12.69,238200
2010-04-08,12.55,13.5,12.45,13.18,623900
2010-04-09,13.25,13.3,12.79,13.15,379000
2010-04-12,13.1,13.25,12.77,13.17,305100
2010-04-13,13.08,13.18,13,13.05,315100
2010-04-14,13.11,13.58,13.09,13.49,412600
2010-04-15,13.4,13.48,12.75,12.86,500800
2010-04-16,12.85,13.08,12.51,12.95,509600
2010-04-19,12.86,13.1,12.71,12.81,362800
2010-04-20,12.9,13.22,12.77,13.09,204100
2010-04-21,13.08,13.15,12.89,13.11,200600
2010-04-22,13.01,13.24,12.96,13.03,139500
2010-04-23,13.15,13.15,12.95,13.03,160100
2010-04-26,13.07,14.58,13.07,14.24,662700
2010-04-27,14.24,14.45,13.6,13.84,420500
2010-04-28,13.9,13.9,13.29,13.42,294200
2010-04-29,13.51,13.68,12.91,13.61,419900
2010-04-30,14.4,14.44,13.86,13.94,675700
2010-05-03,14.08,14.34,13.91,14.16,221800
2010-05-04,13.99,14.2,13.68,14.02,623600
2010-05-05,13.9,14,13.43,13.66,349700
2010-05-06,13.56,13.71,10.49,12.24,1321000
2010-05-07,12.26,12.26,10.4,11.62,1603300
2010-05-10,11.98,12.39,11.43,11.55,638400
2010-05-11,11.43,12,11.35,11.74,221200
2010-05-12,11.75,12.11,11.75,12,307800
2010-05-13,11.94,12.41,11.73,12.22,502600
2010-05-14,12.02,12.02,10.67,11.02,1167400
2010-05-17,11.07,11.43,10.63,10.93,322500
2010-05-18,11.02,11.08,10.69,10.71,461100
2010-05-19,10.68,12.1,10.68,11.96,1527400
2010-05-20,11.63,11.96,11.36,11.75,737600
2010-05-21,11.59,13.19,11.59,12.96,764900
2010-05-24,12.99,13.42,12.82,13.16,333000
2010-05-25,12.82,13.07,12.28,12.55,450100
2010-05-26,12.65,13.11,12.32,12.78,299600
2010-05-27,13.05,13.38,12.97,13.27,349400
2010-05-28,13.27,13.37,12.94,12.95,314400
2010-06-01,12.87,13.02,12.54,12.64,274800
2010-06-02,12.77,12.79,12.34,12.78,263200
2010-06-03,12.71,13.07,12.7,12.98,185400
2010-06-04,12.69,12.99,12.09,12.17,185600
2010-06-07,12.2,12.34,11.8,11.85,154100
2010-06-08,11.85,11.88,11.3,11.77,187000
2010-06-09,11.93,12.65,11.71,12.3,207900
2010-06-10,12.49,12.78,12.05,12.75,295500
2010-06-11,12.61,12.8,12.36,12.77,198700
2010-06-14,12.84,13.14,12.17,12.87,223100
2010-06-15,12.93,13.02,12.41,12.65,214700
2010-06-16,12.54,12.66,12.17,12.58,180800
2010-06-17,12.58,12.58,12.08,12.46,207600
2010-06-18,12.51,12.98,11.84,12.96,443900
2010-06-21,13.07,13.37,12.41,12.64,621400
2010-06-22,12.65,12.86,12.21,12.25,154800
2010-06-23,12.21,12.28,11.87,12.03,178700
2010-06-24,11.94,11.97,11.71,11.78,166100
2010-06-25,11.79,12.68,11.59,12.65,2525900
2010-06-28,12.54,13.25,12.52,13.17,433900
2010-06-29,12.9,13.3,12.9,13.06,273200
2010-06-30,13.04,13.66,12.85,12.96,508100
2010-07-01,12.93,13.05,11.81,12.49,347600
2010-07-02,12.61,12.61,11.82,12.01,189700
2010-07-06,12.2,12.27,11.68,11.86,171400
2010-07-07,11.96,12.53,11.68,12.43,167300
2010-07-08,12.62,12.89,12.32,12.5,146500
2010-07-09,12.52,12.73,12.2,12.62,103800
2010-07-12,12.55,12.65,12.15,12.31,77200
2010-07-13,12.51,13,12.43,12.97,156000
2010-07-14,12.89,12.98,12.48,12.67,129400
2010-07-15,12.65,12.67,11.98,12.49,146200
2010-07-16,12.32,12.5,11.83,11.87,147800
2010-07-19,11.9,12.01,11.55,11.98,106600
2010-07-20,11.85,12.38,11.77,12.38,174300
2010-07-21,12.47,12.47,11.76,11.78,122800
2010-07-22,11.96,12.49,11.89,12.45,177300
2010-07-23,12.44,13.12,12.27,12.71,244700
2010-07-26,12.78,13.05,12.4,13,200100
2010-07-27,13.08,13.43,12.88,12.94,119400
2010-07-28,12.95,13.02,12.78,12.88,110000
2010-07-29,12.94,13.04,12.46,12.93,172600
2010-07-30,12.74,13.17,12.53,12.95,137400
2010-08-02,13.09,13.3,12.95,13.26,147700
2010-08-03,13.2,13.34,12.99,13.27,139000
2010-08-04,13.27,13.5,13,13.1,194800
2010-08-05,13.4,14.99,13.22,14.84,1196800
2010-08-06,14.7,14.91,14.26,14.85,439300
2010-08-09,14.89,14.89,14.46,14.77,285100
2010-08-10,14.7,15.07,14.6,14.79,362800
2010-08-11,14.5,14.93,14.25,14.45,244000
2010-08-12,14.25,14.66,14.15,14.44,160700
2010-08-13,14.1,14.55,14.1,14.38,125900
2010-08-16,14.3,15,14.09,14.76,146700
2010-08-17,14.46,14.59,14.25,14.27,351500
2010-08-18,14.21,14.33,13.87,14.12,622300
2010-08-19,14,14.09,13.73,13.91,3912900
2010-08-20,13.86,14,13.78,13.88,482900
2010-08-23,13.9,14,13.78,13.87,257200
2010-08-24,13.75,13.85,13.52,13.74,466100
2010-08-25,13.68,13.78,13.49,13.7,385600
2010-08-26,13.77,13.8,13.49,13.58,244100
2010-08-27,13.74,14.04,13.55,13.98,253500
2010-08-30,13.98,14.05,13.75,13.75,114600
2010-08-31,13.75,14.04,13.75,13.86,196100
2010-09-01,14.1,14.39,13.75,14.38,321800
2010-09-02,14.31,14.67,14.21,14.6,203700
2010-09-03,14.8,14.87,14.54,14.67,174400
2010-09-07,14.69,15,14.61,14.77,349500
2010-09-08,14.85,15.05,14.81,15,359800
2010-09-09,15.12,15.12,14.37,14.66,161000
2010-09-10,14.76,15.02,14.56,14.65,119700
2010-09-13,14.82,15.01,14.79,14.95,217000
2010-09-14,15.02,15.19,14.89,15.08,253100
2010-09-15,15.06,15.25,14.95,15.09,168200
2010-09-16,15.11,15.22,14.81,14.91,71500
2010-09-17,15.08,15.08,14.5,14.91,352300
2010-09-20,14.97,15.17,14.72,15.01,191600
2010-09-21,15,15.09,14.8,14.95,192700
2010-09-22,14.96,14.98,14.53,14.64,198200
2010-09-23,14.55,14.71,14.4,14.52,228800
2010-09-24,14.71,14.99,14.68,14.87,193500
2010-09-27,14.84,14.98,14.65,14.86,180300
2010-09-28,14.9,15.35,14.22,15.32,450700
2010-09-29,15.28,15.31,15.01,15.17,160800
2010-09-30,15.22,15.47,15.01,15.42,444600
2010-10-01,15.54,15.98,14.99,15.31,585700
2010-10-04,15.24,15.36,14.91,14.97,266400
2010-10-05,15.1,15.5,14.91,15.47,414800
2010-10-06,15.47,15.52,15.21,15.35,214500
2010-10-07,15.48,15.65,15.32,15.53,489800
2010-10-08,15.57,15.81,15.45,15.76,200100
2010-10-11,15.72,15.72,15.39,15.51,187700
2010-10-12,15.51,15.51,14.93,15.39,435800
2010-10-13,15.45,15.75,15.37,15.69,664400
2010-10-14,15.63,16.15,15.63,16.110001,688900
2010-10-15,16.290001,16.379999,16.02,16.209999,411900
2010-10-18,16.290001,16.5,16.07,16.4,647800
2010-10-19,16.139999,16.299999,15.92,16.110001,467100
2010-10-20,16.209999,16.440001,16.059999,16.33,162300
2010-10-21,16.469999,16.6,16.129999,16.309999,592500
2010-10-22,15.82,16.629999,15.82,16.26,168900
2010-10-25,16.32,16.52,16.219999,16.27,97700
2010-10-26,16.24,17.139999,16.24,16.950001,690400
2010-10-27,17.01,17.139999,16.549999,17.02,330700
2010-10-28,17.139999,17.139999,16.68,16.879999,155000
2010-10-29,16.9,17.120001,16.790001,16.950001,206400
2010-11-01,16.98,17.129999,16.6,16.860001,279800
2010-11-02,16.969999,17.129999,16.65,16.780001,282600
2010-11-03,17.15,18.190001,16.700001,18.1,844200
2010-11-04,18.25,18.52,17.809999,17.870001,574800
2010-11-05,17.93,18.120001,17.709999,17.860001,322300
2010-11-08,17.9,18.120001,17.440001,17.52,668400
2010-11-09,17.48,17.85,16.940001,17.129999,453900
2010-11-10,17.09,17.18,16.559999,16.99,182000
2010-11-11,16.809999,17.48,16.719999,17.280001,216300
2010-11-12,17.110001,17.41,17.059999,17.209999,291000
2010-11-15,17.299999,17.52,17.030001,17.17,141400
2010-11-16,17,17.040001,16.32,17.01,288300
2010-11-17,16.950001,17.15,16.700001,16.940001,237700
2010-11-18,17.17,17.290001,16.959999,17.1,136100
2010-11-19,17.129999,17.27,17.040001,17.120001,328100
2010-11-22,17.08,17.32,16.85,17.190001,113100
2010-11-23,17.01,17.1,16.67,16.860001,217100
2010-11-24,16.950001,17.18,16.889999,17.08,228200
2010-11-26,16.969999,17.120001,16.76,16.969999,139100
2010-11-29,16.940001,17.33,16.83,17.1,196800
2010-11-30,16.93,16.93,16.51,16.9,478500
2010-12-01,17.1,17.16,16.860001,17.059999,406600
2010-12-02,17.1,17.1,16.9,17.030001,401200
2010-12-03,16.98,17.030001,16.73,16.889999,355200
2010-12-06,16.940001,17.08,16.780001,17.049999,365300
2010-12-07,17.1,17.1,16.92,17,358100
2010-12-08,17.07,17.1,16.709999,17.08,158600
2010-12-09,17.1,17.1,16.870001,17,249000
2010-12-10,17.09,17.450001,16.969999,17.200001,892100
2010-12-13,17.27,17.74,17,17.110001,457200
2010-12-14,17.15,17.299999,17.040001,17.129999,248900
2010-12-15,17.139999,17.6,17,17.450001,239800
2010-12-16,17.540001,18.379999,17.48,17.99,457500
2010-12-17,17.959999,18.35,17.719999,17.82,429600
2010-12-20,17.9,18.790001,17.84,18.01,365500
2010-12-21,18.110001,18.41,17.75,18.299999,191000
2010-12-22,18.379999,18.42,17.9,17.99,148600
2010-12-23,17.940001,17.940001,17.690001,17.870001,62900
2010-12-27,17.780001,18.129999,17.52,18.049999,84700
2010-12-28,18.120001,18.129999,17.77,17.879999,109300
2010-12-29,17.950001,17.969999,17.59,17.799999,156700
2010-12-30,17.709999,17.940001,17.309999,17.799999,155000
2010-12-31,17.799999,17.950001,17.68,17.700001,93500
2011-01-03,17.9,18.030001,17.6,17.610001,290600
2011-01-04,17.610001,17.959999,17.23,17.549999,522700
2011-01-05,17.540001,17.83,17.18,17.77,309700
2011-01-06,17.74,17.74,16.860001,17.379999,809100
2011-01-07,17.459999,17.49,17.08,17.200001,195000
2011-01-10,17.110001,17.200001,16.9,17.09,250600
2011-01-11,17.16,17.16,16.940001,17.02,132600
2011-01-12,17.16,17.59,16.889999,17.540001,480900
2011-01-13,17.59,17.59,17.26,17.379999,114300
2011-01-14,17.48,18,17.48,17.91,359900
2011-01-18,17.82,17.98,17.559999,17.67,146100
2011-01-19,17.610001,17.620001,17.040001,17.16,165900
2011-01-20,16.85,17.27,16.85,16.99,230400
2011-01-21,17.059999,17.360001,16.77,16.889999,191200
2011-01-24,16.940001,17.290001,16.709999,17.1,315400
2011-01-25,17.01,17.26,16.65,17.16,114200
2011-01-26,17.23,17.469999,17.030001,17.299999,276000
2011-01-27,17.360001,17.360001,16.940001,17.02,165300
2011-01-28,17.049999,17.200001,16.4,16.530001,200300
2011-01-31,16.610001,17.18,16.459999,17.09,167900
2011-02-01,17.139999,17.629999,16.969999,17.540001,119600
2011-02-02,17.58,17.940001,17.18,17.809999,126900
2011-02-03,17.82,18.049999,17.26,18.040001,208800
2011-02-04,18.049999,18.049999,17.33,17.43,218800
2011-02-07,17.43,18.040001,17.43,17.709999,112400
2011-02-08,17.73,17.950001,17.559999,17.940001,138300
2011-02-09,17.91,18.049999,17.77,17.93,166200
2011-02-10,17.83,17.92,17.610001,17.719999,279300
2011-02-11,18.049999,19.450001,17.780001,18.9,1536200
2011-02-14,19.01,19.23,18.92,19.030001,398400
2011-02-15,19.1,19.41,18.959999,19.299999,392400
2011-02-16,18.57,18.9,18.01,18.709999,1047000
2011-02-17,19.040001,19.530001,18.93,19.27,711300
2011-02-18,19.360001,19.360001,19.01,19.190001,196400
2011-02-22,18.969999,19.110001,18.65,18.84,280700
2011-02-23,18.950001,19.5,18.15,18.59,309100
2011-02-24,18.74,18.93,18.450001,18.76,285500
2011-02-25,18.84,19.360001,18.84,19.16,3882100
2011-02-28,19.200001,19.780001,18.66,18.950001,393800
2011-03-01,18.98,19.09,18.68,18.799999,391000
2011-03-02,18.77,19.280001,18.610001,19.27,226800
2011-03-03,19.35,19.549999,19.190001,19.469999,353400
2011-03-04,19.389999,19.52,19.190001,19.51,328700
2011-03-07,19.469999,19.540001,18.940001,19.16,304000
2011-03-08,18.860001,19.379999,18.77,19.02,151600
2011-03-09,18.889999,19.200001,18.719999,19.1,205500
2011-03-10,18.67,18.950001,18.09,18.75,343200
2011-03-11,18.549999,18.76,18.35,18.629999,158400
2011-03-14,18.42,18.74,18.25,18.639999,198400
2011-03-15,18.200001,18.66,18.01,18.48,269000
2011-03-16,18.43,19.309999,18.43,18.82,413400
2011-03-17,19.129999,19.440001,18.879999,18.959999,239200
2011-03-18,19.309999,19.309999,18.91,19.18,316900
2011-03-21,19.360001,20.049999,19.030001,19.870001,503200
2011-03-22,19.870001,20,19.5,19.690001,217600
2011-03-23,19.700001,19.879999,19.32,19.549999,205800
2011-03-24,19.610001,19.98,19.360001,19.93,278200
2011-03-25,20,20.5,19.799999,19.99,308900
2011-03-28,20.01,20.24,19.620001,19.870001,221600
2011-03-29,19.83,20.17,19.610001,19.790001,253300
2011-03-30,19.9,20.190001,19.610001,20.16,232400
2011-03-31,20.16,20.360001,19.809999,20.35,187400
2011-04-01,20.6,20.719999,20.110001,20.5,351000
2011-04-04,20.65,20.85,20.18,20.790001,245100
2011-04-05,20.879999,20.969999,20.549999,20.610001,199500
2011-04-06,20.700001,20.959999,20,20.02,296800
2011-04-07,20.1,20.360001,19.65,19.91,259800
2011-04-08,20.040001,20.040001,19.639999,19.75,238800
2011-04-11,19.719999,19.780001,19.299999,19.49,181900
2011-04-12,19.469999,19.469999,18.799999,19.110001,161800
2011-04-13,19.25,19.629999,18.959999,19.42,130000
2011-04-14,19.290001,19.620001,19.08,19.559999,189800
2011-04-15,19.459999,19.629999,19.24,19.43,167600
2011-04-18,19.200001,19.27,18.57,18.93,185700
2011-04-19,19.07,19.299999,18.860001,19.129999,215500
2011-04-20,19.43,19.76,19.299999,19.57,120400
2011-04-21,19.719999,19.940001,19.59,19.85,161400
2011-04-25,19.76,19.969999,19.42,19.610001,179200
2011-04-26,19.6,19.950001,19.389999,19.68,142800
2011-04-27,19.540001,19.809999,19.040001,19.799999,275500
2011-04-28,19.790001,20.15,19.68,20.15,227800
2011-04-29,20.450001,21.610001,20.379999,21.25,504000
2011-05-02,21.370001,21.370001,20.26,20.440001,309600
2011-05-03,20.440001,20.940001,20,20.4,368400
2011-05-04,20.4,20.459999,20.040001,20.049999,230000
2011-05-05,19.959999,20.459999,19.889999,20.049999,155600
2011-05-06,20.309999,20.4,20,20.15,180000
2011-05-09,20.1,20.549999,19.940001,20.51,193500
2011-05-10,20.5,21.49,20.1,21.469999,459600
2011-05-11,21.379999,21.49,20.68,21.23,356200
2011-05-12,21.059999,21.99,20.889999,21.799999,558000
2011-05-13,21.9,22,21.719999,21.860001,332000
2011-05-16,21.9,22.469999,21.610001,21.950001,676200
2011-05-17,21.74,22.209999,21.620001,22.139999,383900
2011-05-18,22.16,22.309999,21.84,22,257900
2011-05-19,22.190001,22.190001,21.530001,21.6,244100
2011-05-20,21.58,21.75,21.35,21.5,219600
2011-05-23,21.15,21.309999,20.57,20.99,217000
2011-05-24,21.139999,21.209999,20.84,20.870001,392400
2011-05-25,20.799999,21.200001,20.799999,21.139999,198500
2011-05-26,21.030001,21.43,21.01,21.26,188200
2011-05-27,21.309999,21.799999,21.299999,21.620001,109800
2011-05-31,21.889999,22.15,21.75,22.139999,213300
2011-06-01,22.190001,22.190001,21.049999,21.17,252500
2011-06-02,21.23,21.620001,20.98,21.33,218400
2011-06-03,21,21.379999,20.67,20.969999,254500
2011-06-06,21.059999,21.200001,20.559999,20.620001,212700
2011-06-07,20.75,20.889999,20.5,20.51,104600
2011-06-08,20.41,20.67,19.9,20.57,314100
2011-06-09,20.690001,20.93,20.530001,20.82,141300
2011-06-10,20.790001,20.790001,20.299999,20.43,124900
2011-06-13,20.540001,20.969999,19.709999,20.549999,228900
2011-06-14,20.700001,21.17,20.5,21.059999,245900
2011-06-15,20.809999,21.15,20.700001,20.780001,203300
2011-06-16,20.780001,20.940001,20.059999,20.610001,239400
2011-06-17,20.700001,20.9,20.42,20.709999,227200
2011-06-20,20.690001,21.02,20.5,21,179100
2011-06-21,21.1,21.719999,20.98,21.389999,200300
2011-06-22,21.530001,22.469999,21.41,22.040001,341200
2011-06-23,22.370001,22.6,21.24,22.469999,329700
2011-06-24,22.610001,22.610001,21.66,21.82,2916000
2011-06-27,21.82,22.450001,21.4,22.389999,198400
2011-06-28,22.57,23.209999,22.07,23.200001,509600
2011-06-29,23.18,23.58,23.1,23.49,284900
2011-06-30,23.610001,23.610001,23.360001,23.450001,261000
2011-07-01,23.120001,23.75,21.610001,23.709999,278100
2011-07-05,23.860001,24,23.690001,23.860001,259700
2011-07-06,23.77,24,23.559999,24,205300
2011-07-07,24,24.290001,23.709999,24.190001,398800
2011-07-08,24,24.360001,23.93,24.27,184800
2011-07-11,24,24.16,23.74,23.860001,216700
2011-07-12,23.690001,24.389999,23.610001,23.879999,286800
2011-07-13,24.07,24.549999,23.959999,24.17,271500
2011-07-14,24.309999,24.42,23.91,24.110001,477900
2011-07-15,24.15,24.43,23.950001,24.139999,212200
2011-07-18,24,24.02,23.49,23.75,301800
2011-07-19,23.92,25,23.92,24.540001,258300
2011-07-20,24.5,24.549999,23.75,23.879999,223700
2011-07-21,23.959999,24.440001,23.74,24,220700
2011-07-22,24.030001,24.209999,23.799999,24.059999,155400
2011-07-25,23.91,24.07,23.709999,23.940001,196000
2011-07-26,24.059999,24.15,23.639999,23.66,192600
2011-07-27,23.530001,23.65,22.549999,22.75,369900
2011-07-28,22.690001,23.139999,22.5,22.860001,257900
2011-07-29,22.690001,23.34,22.389999,22.98,212100
2011-08-01,23.34,23.879999,23,23.629999,397100
2011-08-02,23.58,24.33,22.83,22.870001,289200
2011-08-03,22.889999,23.469999,22.35,23.02,395300
2011-08-04,22.700001,22.969999,21.540001,21.549999,309000
2011-08-05,22.110001,22.66,20.389999,22.41,910600
2011-08-08,21.51,22.559999,19.459999,19.530001,826000
2011-08-09,20.07,22.4,19.540001,22.389999,776600
2011-08-10,21.68,22.379999,21.049999,21.110001,437700
2011-08-11,21.299999,22.690001,21.26,21.9,378600
2011-08-12,22.18,22.42,21.690001,22.32,263800
2011-08-15,22.51,22.950001,22.360001,22.91,256000
2011-08-16,22.690001,22.98,22.389999,22.629999,306300
2011-08-17,22.719999,22.98,22.01,22.1,242000
2011-08-18,21.49,21.549999,20.559999,21.290001,472800
2011-08-19,20.799999,22.08,20.799999,21.65,380700
2011-08-22,21.889999,22.15,21.65,21.91,525700
2011-08-23,21.98,23,21.68,22.91,364100
2011-08-24,23,23.639999,22.76,23.33,484000
2011-08-25,23.530001,23.92,22.76,23.01,305500
2011-08-26,22.73,23.9,22.51,23.6,302500
2011-08-29,23.99,24.299999,23.9,24.049999,423000
2011-08-30,23.969999,24.9,23.719999,24.790001,293200
2011-08-31,25,25,24.58,24.76,330100
2011-09-01,24.99,25.92,24.6,24.93,718900
2011-09-02,24.450001,24.92,24,24.25,326800
2011-09-06,23.469999,24.290001,23.309999,24.24,355700
2011-09-07,24.75,24.75,24.1,24.26,376000
2011-09-08,24.07,24.309999,23.620001,23.940001,389000
2011-09-09,23.74,23.940001,22.610001,23.120001,389900
2011-09-12,22.620001,23.34,22.17,22.799999,404900
2011-09-13,23,23.809999,22.65,23.75,328600
2011-09-14,24.16,24.16,23.16,23.5,255300
2011-09-15,23.870001,24.139999,23.32,24.049999,168100
2011-09-16,24.1,24.15,23.48,23.74,2366600
2011-09-19,23.27,23.9,22.9,23.73,293800
2011-09-20,23.85,24.17,23.24,23.27,392300
2011-09-21,23.299999,23.98,22.32,22.4,425200
2011-09-22,21.620001,22.42,21.24,22.26,707500
2011-09-23,22.25,23.1,21.950001,23,378700
2011-09-26,23.24,23.48,22.290001,23.059999,279300
2011-09-27,23.68,24.200001,23.35,23.5,348200
2011-09-28,23.549999,24.42,23.15,23.16,317800
2011-09-29,23.799999,23.969999,23.07,23.73,462800
2011-09-30,23.440001,23.620001,22.700001,22.92,368200
2011-10-03,22.77,23.139999,20.58,20.58,621000
2011-10-04,20.25,21.48,19.74,21.370001,858300
2011-10-05,21.530001,23.610001,21.190001,23.02,777100
2011-10-06,23.030001,23.120001,22.360001,23.08,228200
2011-10-07,23.190001,23.440001,22.32,22.389999,189600
2011-10-10,22.91,23.309999,22.51,23.200001,195400
2011-10-11,22.92,23.459999,22.73,23.379999,132200
2011-10-12,23.459999,23.91,22.85,23.01,236600
2011-10-13,22.93,23.459999,22.530001,22.73,206200
2011-10-14,23.040001,23.790001,22.73,23.67,153800
2011-10-17,23.43,23.469999,22.73,22.98,332800
2011-10-18,23.23,24.1,22.610001,24,389600
2011-10-19,24.030001,24.299999,23.459999,23.57,553800
2011-10-20,23.559999,23.969999,22.809999,23.59,331200
2011-10-21,24.07,24.35,23.530001,24.34,302400
2011-10-24,24.33,24.879999,24.16,24.690001,396200
2011-10-25,24.42,24.549999,23.27,23.4,266300
2011-10-26,23.780001,23.879999,22.700001,23.27,353000
2011-10-27,24.08,25.809999,23.6,25.59,673600
2011-10-28,25.389999,25.85,25.139999,25.379999,269600
2011-10-31,24.690001,25.57,24.5,24.93,328800
2011-11-01,23.940001,24.59,23.360001,23.540001,263000
2011-11-02,24.139999,24.469999,23.84,24.15,233000
2011-11-03,24.530001,25.25,24.23,24.969999,229100
2011-11-04,24.719999,25.17,24.309999,24.91,203100
2011-11-07,24.959999,25.280001,24.5,25.18,259100
2011-11-08,27.870001,28.459999,25.77,27.25,1250500
2011-11-09,26.6,27.049999,26.209999,26.219999,472600
2011-11-10,26.6,26.74,25.540001,26.120001,225600
2011-11-11,26.49,27.42,26.49,26.92,335700
2011-11-14,26.92,27.110001,26.059999,26.370001,213400
2011-11-15,26.15,26.620001,25.76,26.540001,298700
2011-11-16,26.219999,26.93,26.08,26.23,301200
2011-11-17,26.34,26.809999,25.629999,25.92,292700
2011-11-18,25.879999,26.16,25.379999,25.719999,160500
2011-11-21,25.16,25.18,24.030001,24.42,256800
2011-11-22,24.440001,24.76,24.200001,24.32,152100
2011-11-23,24,24.42,23.5,23.51,399400
2011-11-25,23.360001,23.879999,23.26,23.379999,103500
2011-11-28,24.26,24.76,23.82,24.76,246600
2011-11-29,24.93,25.370001,24.5,25.34,282100
2011-11-30,26.790001,27.219999,26.059999,27.18,513400
2011-12-01,27.209999,27.5,26.6,26.6,406200
2011-12-02,26.82,27.219999,26.379999,26.48,186300
2011-12-05,27.040001,27.620001,26.75,27.35,267200
2011-12-06,27.5,27.82,27.15,27.379999,334600
2011-12-07,27.27,27.889999,26.42,27.780001,535500
2011-12-08,27.51,27.700001,26.610001,26.629999,256400
2011-12-09,25.83,26.91,25.549999,26.73,329900
2011-12-12,26.370001,26.52,26,26.4,230400
2011-12-13,26.540001,27.299999,25.84,25.98,328600
2011-12-14,25.690001,25.9,24.74,25.110001,395500
2011-12-15,26.02,26.959999,25.629999,26.190001,418100
2011-12-16,26.530001,27.049999,26.370001,27,668000
2011-12-19,27.389999,27.5,26.35,26.440001,355400
2011-12-20,27.120001,27.469999,26.889999,27.450001,301500
2011-12-21,27.530001,27.66,26.77,27.52,357000
2011-12-22,28,28.049999,27.27,27.75,337800
2011-12-23,27.98,28.690001,27.73,28.48,601800
2011-12-27,28.74,28.74,27.540001,27.65,363600
2011-12-28,27.74,27.870001,27.02,27.1,340300
2011-12-29,27.309999,27.790001,27.049999,27.379999,238900
2011-12-30,27.360001,27.74,27.01,27.059999,262300
2012-01-03,27.9,28.030001,27,27.24,441500
2012-01-04,27.129999,27.360001,26.540001,26.83,312000
2012-01-05,26.799999,27.200001,26.139999,26.83,268100
2012-01-06,26.73,27.049999,25.93,26.09,365100
2012-01-09,26.08,26.52,25.67,26.25,438100
2012-01-10,26.700001,26.83,26,26.52,311400
2012-01-11,26.549999,26.76,26.469999,26.700001,351800
2012-01-12,26.799999,26.799999,26.1,26.280001,227400
2012-01-13,25.91,26.219999,25.530001,25.709999,273600
2012-01-17,25.860001,26.139999,25.799999,26.059999,329300
2012-01-18,26.110001,26.690001,25.91,26.59,245600
2012-01-19,26.99,28.299999,26.73,27.290001,1117100
2012-01-20,27.5,27.889999,26.75,27.02,262400
2012-01-23,27.01,27.389999,26.9,27.280001,190800
2012-01-24,27.200001,27.690001,26.92,27.66,300000
2012-01-25,27.620001,27.690001,27.08,27.120001,283500
2012-01-26,27.940001,27.940001,26.799999,26.93,271000
2012-01-27,26.73,27,26.450001,26.73,246700
2012-01-30,26.5,26.67,25.33,25.360001,684800
2012-01-31,25.440001,25.799999,25.219999,25.549999,401600
2012-02-01,25.809999,26.01,25.5,25.91,572600
2012-02-02,26,26.120001,25.360001,25.49,911500
2012-02-03,25,26.25,23.700001,25.360001,2331600
2012-02-06,24.65,26.309999,24.25,26.27,628500
2012-02-07,26.32,27.01,26,26.67,455900
2012-02-08,26.77,26.91,26.5,26.639999,211100
2012-02-09,26.65,26.75,26.25,26.67,314500
2012-02-10,26.459999,26.75,26.059999,26.620001,316300
2012-02-13,26.780001,27.219999,26.610001,26.799999,192900
2012-02-14,26.75,26.75,26.209999,26.559999,357100
2012-02-15,26.610001,26.74,26.17,26.629999,369700
2012-02-16,26.559999,27.23,26.540001,27.030001,324000
2012-02-17,27.17,27.219999,26.52,26.6,161800
2012-02-21,26.57,26.91,26.549999,26.870001,327300
2012-02-22,26.83,27.379999,26.73,27.200001,186000
2012-02-23,27.299999,27.85,27.030001,27.809999,360600
2012-02-24,27.809999,28.34,27.75,27.940001,347100
2012-02-27,27.620001,27.74,26.92,26.959999,328700
2012-02-28,26.879999,27.370001,26.549999,26.719999,328100
2012-02-29,26.85,26.969999,26.219999,26.59,384300
2012-03-01,26.85,28.309999,26.58,28.27,590600
2012-03-02,28.32,28.5,27.110001,27.66,451500
2012-03-05,27.74,28.219999,27.48,27.969999,303700
2012-03-06,27.709999,27.92,27.17,27.65,458300
2012-03-07,27.68,27.73,27.25,27.5,278200
2012-03-08,27.629999,27.629999,26.9,27.41,176800
2012-03-09,27.290001,27.940001,27.17,27.389999,194500
2012-03-12,27.450001,27.530001,26.83,27,215300
2012-03-13,27.34,27.469999,26.940001,27.35,301800
2012-03-14,27.42,27.42,26.610001,26.99,319100
2012-03-15,26.99,27.190001,26.51,27.02,452200
2012-03-16,27.01,27.18,26.67,26.940001,345100
2012-03-19,26.74,27.08,26.57,26.73,391300
2012-03-20,26.559999,27.01,26.25,26.549999,350600
2012-03-21,26.73,27.08,26.450001,26.860001,225700
2012-03-22,26.57,26.889999,26.379999,26.799999,176200
2012-03-23,26.82,27.08,26.559999,27.07,138900
2012-03-26,27.309999,27.6,26.940001,26.99,268800
2012-03-27,26.959999,27.24,25.959999,26.1,597000
2012-03-28,26.25,26.49,26.200001,26.32,294900
2012-03-29,26.25,26.57,25.879999,26.34,266300
2012-03-30,26.549999,26.57,26.209999,26.25,207300
2012-04-02,26.15,26.870001,26.09,26.799999,229900
2012-04-03,26.68,26.83,25.870001,25.93,517600
2012-04-04,25.610001,25.639999,24.799999,25.23,799500
2012-04-05,25.02,25.809999,24.889999,25.75,315100
2012-04-09,25.26,25.49,24.879999,25.09,353900
2012-04-10,25.08,25.209999,24.77,24.950001,345400
2012-04-11,25.17,25.559999,25.120001,25.559999,356800
2012-04-12,25.51,25.879999,25.15,25.549999,259700
2012-04-13,25.42,25.559999,25,25.33,198000
2012-04-16,25.370001,25.620001,24.83,25.5,287300
2012-04-17,25.719999,25.799999,25.34,25.58,249200
2012-04-18,25.49,25.93,25.41,25.85,232100
2012-04-19,25.950001,26.18,25.370001,25.77,216600
2012-04-20,26.129999,26.290001,25.82,26.129999,181500
2012-04-23,25.709999,26.02,25.549999,25.73,298700
2012-04-24,25.690001,26.110001,25.52,25.9,206600
2012-04-25,26.24,26.5,25.93,26.299999,289600
2012-04-26,26.23,26.48,26.059999,26.280001,241900
2012-04-27,26.26,26.9,25.809999,26.690001,202000
2012-04-30,26.58,26.99,26.23,26.360001,229100
2012-05-01,28.27,29.34,27.52,28.719999,1179100
2012-05-02,28.610001,29.879999,28.25,29.700001,825900
2012-05-03,29.76,30,29.530001,29.799999,545300
2012-05-04,29.58,29.6,28.73,28.9,484500
2012-05-07,28.73,29.280001,28.690001,29.16,265400
2012-05-08,28.870001,29.379999,28.25,29.33,335900
2012-05-09,29.049999,29.379999,28.860001,29.049999,225400
2012-05-10,29.200001,29.940001,28.99,29.59,292000
2012-05-11,29.290001,29.68,29.07,29.57,205400
2012-05-14,29.209999,29.950001,28.719999,28.99,383100
2012-05-15,28.99,29.58,28.610001,29.309999,223300
2012-05-16,29.25,29.950001,28.83,29.41,292000
2012-05-17,29.5,29.65,29.059999,29.1,327700
2012-05-18,28.99,29.709999,28.15,28.190001,309000
2012-05-21,28.43,28.690001,27.879999,28.6,306500
2012-05-22,28.639999,28.65,28.030001,28.25,235300
2012-05-23,27.84,28.51,27.75,28.51,196900
2012-05-24,28.620001,28.73,27.91,28.42,135000
2012-05-25,28.52,28.52,28.01,28.16,169500
2012-05-29,28.299999,28.49,27.879999,28.280001,162200
2012-05-30,27.940001,28.360001,27.700001,27.959999,200000
2012-05-31,28.1,28.24,27.610001,28.02,381000
2012-06-01,27.49,27.629999,26.77,26.950001,220800
2012-06-04,26.99,27.309999,26.459999,26.709999,181200
2012-06-05,26.610001,27.459999,26.4,27.379999,208800
2012-06-06,27.469999,27.700001,27.25,27.49,356600
2012-06-07,27.84,28.1,27.34,27.57,308000
2012-06-08,27.459999,28.040001,27.299999,27.92,142700
2012-06-11,28.07,28.08,27.57,27.6,172400
2012-06-12,27.67,28.129999,27.26,28.1,182400
2012-06-13,28,28.07,27.629999,27.889999,178500
2012-06-14,27.809999,28.67,27.73,28.57,272100
2012-06-15,28.440001,29.25,28.42,29.25,415000
2012-06-18,29.110001,29.42,28.639999,28.719999,249300
2012-06-19,28.77,29.02,28.57,28.629999,280400
2012-06-20,28.629999,28.629999,28.02,28.17,200100
2012-06-21,28.059999,28.709999,27.690001,28.18,211100
2012-06-22,28.389999,28.49,27.950001,28.379999,306100
2012-06-25,28,28.360001,27.68,27.799999,121400
2012-06-26,27.790001,28.68,27.700001,28.440001,267400
2012-06-27,28.67,29.93,28.4,29.889999,224800
2012-06-28,29.690001,30.09,29.190001,29.74,241800
2012-06-29,30,30.25,29.620001,30.209999,371900
2012-07-02,30.26,31.07,30.200001,31.059999,339000
2012-07-03,31,31.15,30.73,31.030001,146400
2012-07-05,30.860001,31,30.469999,30.73,168300
2012-07-06,30.450001,30.59,30.120001,30.540001,153900
2012-07-09,30.469999,30.83,30.200001,30.74,242900
2012-07-10,30.950001,31.26,30.049999,30.190001,205400
2012-07-11,30.200001,30.790001,29.92,30.700001,207900
2012-07-12,30.5,30.77,30.26,30.49,155300
2012-07-13,30.48,31.459999,30.18,31.17,166000
2012-07-16,31.030001,31.15,30.51,30.82,123300
2012-07-17,31.190001,31.389999,30.25,31.219999,197200
2012-07-18,31.129999,31.33,30.469999,31.02,203400
2012-07-19,31.059999,31.059999,29.559999,30.030001,281200
2012-07-20,29.84,30,29.32,29.74,204400
2012-07-23,29.540001,29.66,28.92,29.5,163200
2012-07-24,29.639999,29.639999,28.6,28.84,221300
2012-07-25,29.049999,29.610001,28.860001,29.540001,632800
2012-07-26,29.870001,29.9,29.379999,29.860001,175700
2012-07-27,29.879999,31.16,29.73,31.01,247400
2012-07-30,31,31.18,30.85,31,166400
2012-07-31,31,31.290001,30.620001,31.01,274300
2012-08-01,30.6,31.41,29.5,30.91,888900
2012-08-02,31,31.030001,30.379999,30.75,400800
2012-08-03,31,31.049999,30.1,30.23,281900
2012-08-06,30.23,30.82,30.129999,30.52,178300
2012-08-07,30.59,30.959999,30.25,30.610001,167400
2012-08-08,30.559999,30.889999,30,30.48,91400
2012-08-09,30.299999,30.469999,30.08,30.309999,116400
2012-08-10,30.299999,30.639999,29.77,30.57,197100
2012-08-13,29.780001,30.139999,29,29.360001,490100
2012-08-14,29.42,30.190001,29.379999,30.1,244200
2012-08-15,29.860001,29.99,29.280001,29.629999,204700
2012-08-16,29.540001,29.940001,29.110001,29.68,139500
2012-08-17,29.6,29.700001,29.32,29.59,237600
2012-08-20,29.32,29.75,29.32,29.65,249800
2012-08-21,29.879999,30.459999,29.58,30.129999,336100
2012-08-22,30.120001,30.280001,29.799999,30.030001,375400
2012-08-23,30.110001,30.290001,29.5,29.610001,240400
2012-08-24,29.459999,29.68,28.879999,29.450001,398300
2012-08-27,29.5,29.58,28.950001,29.17,135200
2012-08-28,29.200001,29.200001,28.709999,28.950001,221900
2012-08-29,28.959999,29.120001,28.709999,28.870001,341400
2012-08-30,28.74,29.1,28.540001,28.57,66000
2012-08-31,28.65,28.709999,28.030001,28.25,289800
2012-09-04,28.1,28.959999,27.790001,28.93,301800
2012-09-05,28.82,29.209999,28.66,28.959999,207000
2012-09-06,29.139999,29.450001,28.799999,29,330900
2012-09-07,29.219999,29.48,28.610001,28.68,162300
2012-09-10,28.59,28.889999,28.469999,28.719999,167800
2012-09-11,28.610001,29.469999,28.33,29.24,183100
2012-09-12,29.18,29.629999,29.059999,29.559999,200700
2012-09-13,29.709999,30.690001,29.450001,30.290001,270900
2012-09-14,30.540001,30.780001,30.09,30.559999,265900
2012-09-17,30.41,30.57,30.190001,30.35,233400
2012-09-18,30.41,30.809999,30.299999,30.629999,117700
2012-09-19,30.879999,30.879999,30.35,30.57,121500
2012-09-20,30.48,30.74,30.200001,30.709999,120700
2012-09-21,30.889999,31.16,30.75,31.059999,388700
2012-09-24,30.83,30.91,30.219999,30.309999,204200
2012-09-25,30.41,30.530001,29.549999,29.610001,174500
2012-09-26,29.58,29.799999,29.35,29.65,230900
2012-09-27,29.85,30.139999,29.549999,30.07,145100
2012-09-28,29.889999,30.08,29.67,29.76,150700
2012-10-01,29.809999,30.01,29.26,29.559999,269400
2012-10-02,29.57,29.799999,29.190001,29.690001,241900
2012-10-03,29.76,30.389999,29.440001,29.74,175000
2012-10-04,29.83,30.709999,29.57,30.629999,495900
2012-10-05,30.700001,30.92,30.280001,30.370001,186200
2012-10-08,30.34,30.66,30.209999,30.4,123500
2012-10-09,30.33,30.540001,30.190001,30.33,354200
2012-10-10,30.299999,30.440001,29.950001,30.1,270400
2012-10-11,30.25,30.290001,29.02,29.049999,218800
2012-10-12,28.98,28.98,28.200001,28.76,312200
2012-10-15,28.799999,29.25,28.799999,29.15,138700
2012-10-16,29.32,30.389999,29.120001,29.66,214400
2012-10-17,29.700001,29.9,29.299999,29.43,93400
2012-10-18,29.32,29.68,29.18,29.5,146400
2012-10-19,29.379999,29.43,28.879999,29.08,122900
2012-10-22,29.09,29.18,28.450001,28.700001,187100
2012-10-23,28.49,29.4,28.370001,29.299999,121300
2012-10-24,29.51,29.59,29.110001,29.18,125300
2012-10-25,29.360001,29.49,29.040001,29.18,88200
2012-10-26,29.200001,29.5,28.51,28.620001,80400
2012-10-31,28.549999,28.83,28.139999,28.41,133600
2012-11-01,28.370001,28.68,27.780001,28.440001,258400
2012-11-02,27.049999,27.639999,24.58,25.27,1703800
2012-11-05,25.57,25.57,24.73,25,390700
2012-11-06,25,25.139999,24.809999,25.059999,311100
2012-11-07,24.73,25.24,24.690001,24.99,219500
2012-11-08,25.02,25.02,24.42,24.52,212600
2012-11-09,24.4,24.68,23.74,24.040001,446400
2012-11-12,24.129999,24.549999,24.129999,24.34,172500
2012-11-13,24.15,24.33,23.84,23.84,195000
2012-11-14,23.860001,24.059999,23.48,23.49,144900
2012-11-15,23.459999,23.49,22.940001,23.09,206300
2012-11-16,22.969999,23.379999,22.629999,23.09,518400
2012-11-19,23.280001,23.49,23.16,23.49,123700
2012-11-20,23.43,23.43,22.59,22.799999,378500
2012-11-21,22.860001,23.049999,22.48,22.790001,259800
2012-11-23,22.9,23.129999,22.709999,23.110001,112500
2012-11-26,23.02,23.27,22.969999,23.27,190100
2012-11-27,23.26,23.440001,23.01,23.09,300600
2012-11-28,22.93,23,22.629999,22.879999,219300
2012-11-29,23.049999,23.129999,22.84,22.99,247000
2012-11-30,23.07,23.1,22.77,22.940001,319400
2012-12-03,23.1,23.1,22.5,22.67,251800
2012-12-04,22.690001,23.049999,22.6,23.040001,346300
2012-12-05,23.07,23.35,22.99,23.299999,325800
2012-12-06,23.48,23.940001,23.41,23.860001,388500
2012-12-07,23.940001,24.15,23.629999,24.129999,257300
2012-12-10,24.1,24.1,23.139999,23.41,292500
2012-12-11,23.5,23.67,23.17,23.299999,162800
2012-12-12,23.42,23.530001,22.75,23.120001,225500
2012-12-13,23.07,23.18,22.719999,22.93,193500
2012-12-14,22.809999,22.98,22.360001,22.360001,193500
2012-12-17,22.33,22.51,22.200001,22.459999,180800
2012-12-18,22.48,24.690001,22.48,24.629999,833400
2012-12-19,24.700001,24.700001,24.01,24.040001,374300
2012-12-20,24.01,24.34,24,24.110001,229600
2012-12-21,23.91,24.110001,23.57,24,580100
2012-12-24,23.950001,24.08,23.639999,23.91,62700
2012-12-26,23.91,23.91,23.27,23.469999,159600
2012-12-27,23.549999,23.549999,22.809999,23.450001,113200
2012-12-28,23.32,23.6,23.08,23.24,91100
2012-12-31,23.33,23.790001,23.16,23.74,203300
2013-01-02,24.299999,24.780001,23.9,23.99,335800
2013-01-03,23.93,24.08,23.370001,23.49,191600
2013-01-04,23.68,24.1,23.299999,23.59,319400
2013-01-07,23.4,23.82,23.129999,23.74,600000
2013-01-08,23.75,24.469999,23.41,24.16,798900
2013-01-09,24.280001,24.879999,24.16,24.5,739400
2013-01-10,24.559999,24.77,24.309999,24.41,263600
2013-01-11,26.09,26.459999,25.42,25.889999,606100
2013-01-14,25.74,25.98,25.59,25.75,182200
2013-01-15,25.530001,25.9,25.360001,25.57,115900
2013-01-16,25.719999,25.780001,24.940001,25.43,207800
2013-01-17,25.59,26.34,25.549999,26.129999,538800
2013-01-18,26.040001,26.620001,26.02,26.51,316000
2013-01-22,26.459999,26.68,26.08,26.32,684600
2013-01-23,26.27,26.379999,25.91,25.959999,154800
2013-01-24,25.92,26.379999,25.68,25.799999,205100
2013-01-25,25.82,26.09,25.690001,25.860001,260200
2013-01-28,25.84,26.27,25.82,26.15,241800
2013-01-29,26.129999,26.299999,25.809999,26.25,216900
2013-01-30,26.139999,26.139999,25.59,25.690001,237900
2013-01-31,25.73,25.99,25.6,25.889999,238800
2013-02-01,25.98,26.5,25.889999,26.41,355200
2013-02-04,26.23,26.43,25.9,26.040001,224600
2013-02-05,26.08,26.120001,25.74,25.790001,226100
2013-02-06,25.73,25.93,25.51,25.91,234700
2013-02-07,25.77,26.1,25.27,25.41,352600
2013-02-08,25.73,28.459999,25.73,27.559999,1056700
2013-02-11,27.5,27.5,26.860001,27.02,244400
2013-02-12,27.09,27.16,26.49,26.49,369100
2013-02-13,26.57,26.68,26.209999,26.43,242700
2013-02-14,26.360001,27.43,26.190001,26.93,204600
2013-02-15,27.059999,27.110001,26.629999,26.83,152000
2013-02-19,26.92,27.51,26.4,27.51,358700
2013-02-20,27.5,27.690001,27.049999,27.059999,225500
2013-02-21,27,27.16,26.700001,26.719999,442900
2013-02-22,26.879999,26.9,26.120001,26.35,238400
2013-02-25,26.450001,26.879999,25.84,25.870001,747300
2013-02-26,25.969999,26.110001,25.299999,25.719999,374800
2013-02-27,25.75,26.389999,25.65,26.190001,503400
2013-02-28,26.200001,26.4,25.83,26.360001,257000
2013-03-01,26.23,26.83,25.91,26.68,310600
2013-03-04,26.58,27,26.49,26.610001,202400
2013-03-05,26.68,26.940001,26.120001,26.33,277800
2013-03-06,26.379999,26.549999,26.209999,26.5,281200
2013-03-07,26.57,26.98,26.57,26.75,302400
2013-03-08,26.99,27.16,26.629999,27.01,247100
2013-03-11,26.950001,27.110001,26.700001,26.91,239900
2013-03-12,26.93,27.23,26.540001,26.99,198400
2013-03-13,26.950001,27.209999,26.82,27.129999,65400
2013-03-14,27.1,27.17,26.870001,26.98,124500
2013-03-15,27.040001,27.07,26.309999,26.75,287400
2013-03-18,26.450001,26.98,26.040001,26.389999,97000
2013-03-19,26.4,26.639999,26.17,26.41,132400
2013-03-20,26.58,26.68,25.9,26.43,177000
2013-03-21,26.459999,26.459999,26.02,26.120001,95100
2013-03-22,26.23,26.629999,25.950001,26.540001,297300
2013-03-25,26.559999,26.780001,26.35,26.5,178100
2013-03-26,26.58,26.73,26.34,26.73,140600
2013-03-27,26.620001,26.879999,26.35,26.860001,103500
2013-03-28,26.91,27.959999,26.9,27.459999,356000
2013-04-01,27.5,27.5,26.57,26.950001,399900
2013-04-02,27.02,27.5,26.83,27.190001,252200
2013-04-03,27.15,27.93,27.01,27.57,473600
2013-04-04,27.530001,28.530001,27.530001,28.15,485800
2013-04-05,27.65,27.950001,27.18,27.33,181100
2013-04-08,27.4,27.719999,27.15,27.68,172900
2013-04-09,27.68,27.85,27.43,27.43,161300
2013-04-10,27.450001,28.15,27.440001,28.120001,198900
2013-04-11,28,28.23,27.889999,27.92,112000
2013-04-12,27.709999,27.93,27.51,27.75,61500
2013-04-15,27.57,27.629999,27.02,27.120001,268200
2013-04-16,27.309999,27.389999,26.83,27.139999,180800
2013-04-17,26.940001,27.08,26.450001,26.49,395000
2013-04-18,26.459999,26.799999,26.290001,26.67,360300
2013-04-19,26.66,26.940001,26.549999,26.879999,209300
2013-04-22,26.860001,27.360001,26.459999,27.290001,195800
2013-04-23,27.530001,27.940001,27.33,27.870001,146300
2013-04-24,27.860001,28.450001,27.77,27.860001,258600
2013-04-25,27.940001,28.549999,27.790001,28.1,174800
2013-04-26,28.07,28.129999,27.620001,27.85,181100
2013-04-29,28.01,28.25,27.82,28.09,134100
2013-04-30,28.01,28.309999,27.950001,28.01,282100
2013-05-01,27.82,28.01,27.17,27.17,337700
2013-05-02,27.32,28.25,27.32,28.24,281100
2013-05-03,29.030001,30,28.540001,28.620001,437700
2013-05-06,28.709999,28.83,28.360001,28.43,212700
2013-05-07,28.540001,28.6,28.200001,28.540001,183000
2013-05-08,28.540001,29.200001,28.389999,28.959999,333400
2013-05-09,28.879999,29.110001,28.469999,28.719999,160800
2013-05-10,28.83,29.1,28.6,29.030001,151400
2013-05-13,28.92,29.09,28.59,28.790001,88600
2013-05-14,28.76,29,28.76,28.959999,139200
2013-05-15,28.959999,29.110001,28.83,28.92,193800
2013-05-16,28.91,29.35,28.82,29,154400
2013-05-17,29.059999,29.309999,29.030001,29.15,190100
2013-05-20,28.98,29.469999,28.98,29.200001,234600
2013-05-21,29.209999,29.24,28.73,29.09,130300
2013-05-22,29.049999,29.219999,28.459999,28.809999,254700
2013-05-23,28.43,28.9,28.43,28.690001,320800
2013-05-24,28.48,28.799999,28.1,28.75,116000
2013-05-28,29.18,29.469999,28.719999,29.02,133800
2013-05-29,28.790001,29,28.309999,28.6,97000
2013-05-30,28.620001,28.92,28.360001,28.83,77000
2013-05-31,28.6,28.98,28.530001,28.530001,132800
2013-06-03,28.58,28.99,28.290001,28.719999,272000
2013-06-04,28.77,29.23,28.77,29.120001,181700
2013-06-05,29.09,29.190001,28.940001,29.17,125600
2013-06-06,29.110001,29.23,28.530001,28.92,202200
2013-06-07,29.16,29.24,28.969999,29.030001,88000
2013-06-10,29.17,29.209999,28.629999,28.860001,92800
2013-06-11,28.459999,28.709999,28.200001,28.559999,164100
2013-06-12,28.780001,28.860001,28.549999,28.67,111800
2013-06-13,28.66,29.25,28.59,29.200001,78800
2013-06-14,29.24,29.59,28.77,29.1,252000
2013-06-17,29.360001,29.93,29.1,29.59,426300
2013-06-18,29.67,29.75,29.459999,29.540001,230200
2013-06-19,29.450001,29.58,29.02,29.02,126700
2013-06-20,28.74,28.74,27.84,27.959999,402900
2013-06-21,28.040001,28.25,27.809999,28.059999,415800
2013-06-24,27.860001,27.879999,27.309999,27.379999,273200
2013-06-25,27.58,27.58,27.040001,27.27,480400
2013-06-26,27.440001,27.67,27.24,27.24,344600
2013-06-27,27.440001,27.870001,27.440001,27.57,420800
2013-06-28,27.58,27.690001,27.42,27.6,438900
2013-07-01,27.85,28.280001,27.360001,28.16,282100
2013-07-02,28.120001,28.469999,27.969999,28.389999,343700
2013-07-03,28.32,28.58,28.17,28.52,143400
2013-07-05,29.110001,29.110001,28.200001,28.68,147100
2013-07-08,28.85,28.950001,28.389999,28.43,234900
2013-07-09,28.639999,29.530001,28.459999,29.16,419700
2013-07-10,29.190001,29.43,29.040001,29.07,156100
2013-07-11,29.42,29.6,28.709999,29.450001,104800
2013-07-12,29.43,29.58,29.120001,29.360001,108400
2013-07-15,29.4,29.629999,29.18,29.309999,156900
2013-07-16,29.25,29.57,29.01,29.51,128200
2013-07-17,29.67,29.84,29.450001,29.450001,116700
2013-07-18,29.540001,29.709999,29.35,29.440001,95300
2013-07-19,29.280001,29.459999,28.43,29.030001,190200
2013-07-22,28.799999,29.450001,28.799999,29.360001,133900
2013-07-23,29.379999,29.530001,28.629999,29.48,183600
2013-07-24,29.66,29.700001,29.309999,29.52,205600
2013-07-25,29.5,29.809999,29.309999,29.77,136500
2013-07-26,29.540001,29.84,29.370001,29.6,108500
2013-07-29,29.48,29.67,29.4,29.620001,77300
2013-07-30,29.790001,29.870001,29.49,29.620001,263000
2013-07-31,29.700001,29.84,29.35,29.459999,357200
2013-08-01,31.709999,33.23,29.799999,33.029999,702600
2013-08-02,32.360001,33.779999,32.23,33.279999,489700
2013-08-05,33.34,35.040001,33.34,34.580002,598800
2013-08-06,34.119999,34.580002,33.900002,34.290001,334700
2013-08-07,34.389999,35.950001,34.349998,35.91,378300
2013-08-08,36.389999,36.880001,36.279999,36.450001,309500
2013-08-09,36.34,36.5,35.990002,36.16,149400
2013-08-12,36.080002,36.34,35.849998,36.23,128100
2013-08-13,36.459999,36.700001,35.75,36.639999,162400
2013-08-14,36.669998,37.080002,36.43,36.66,152300
2013-08-15,36.23,36.549999,35.790001,35.950001,210300
2013-08-16,35.740002,36.27,35.740002,36.169998,173800
2013-08-19,36.240002,36.380001,35.889999,35.900002,119300
2013-08-20,36.049999,36.560001,35.759998,36.540001,131300
2013-08-21,36.369999,36.450001,35.939999,35.98,153100
2013-08-22,36.009998,36.77,36.009998,36.52,77300
2013-08-23,36.5,37.040001,36.240002,36.48,134400
2013-08-26,36.459999,36.93,36.16,36.66,225200
2013-08-27,36.349998,36.59,35.669998,35.779999,103700
2013-08-28,35.799999,36.029999,35.5,35.66,89100
2013-08-29,35.57,35.880001,35.349998,35.52,181200
2013-08-30,35.41,35.41,34.59,34.689999,187200
2013-09-03,35.16,35.349998,34.009998,34.349998,331900
2013-09-04,34.48,35.880001,34.48,35.82,273700
2013-09-05,35.75,36.84,35.279999,36.09,364400
2013-09-06,36.299999,36.610001,35.57,35.970001,255000
2013-09-09,36.110001,36.43,35.48,35.68,175700
2013-09-10,35.900002,36.41,35.68,36.150002,187000
2013-09-11,36.060001,36.84,36.009998,36.610001,283000
2013-09-12,36.650002,36.720001,36.299999,36.400002,146000
2013-09-13,36.599998,36.91,35.939999,36.110001,107100
2013-09-16,36.450001,36.77,35.75,36.209999,309700
2013-09-17,36.169998,37.099998,36.169998,36.98,119200
2013-09-18,36.91,36.91,36.060001,36.689999,195100
2013-09-19,36.720001,36.869999,36.18,36.200001,200100
2013-09-20,36.200001,37.990002,35.860001,37.59,452900
2013-09-23,37.639999,38.16,36.98,37.099998,201800
2013-09-24,37.049999,37.610001,36.509998,37.23,145000
2013-09-25,37.23,37.450001,36.580002,36.810001,160600
2013-09-26,36.810001,37.200001,36.509998,37.060001,117100
2013-09-27,36.82,37.25,36.509998,36.77,157900
2013-09-30,36.349998,37.119999,36.27,37.110001,154800
2013-10-01,37.060001,37.580002,36.740002,37.52,166300
2013-10-02,37.32,37.849998,37.009998,37.77,189200
2013-10-03,37.639999,37.669998,36.66,37.060001,203800
2013-10-04,37.099998,37.759998,36.970001,37.41,276900
2013-10-07,37.16,37.41,36.580002,36.709999,170000
2013-10-08,36.630001,36.82,35.619999,35.889999,167700
2013-10-09,35.919998,36.130001,35.459999,35.630001,125200
2013-10-10,36.080002,37.220001,35.900002,37.060001,402300
2013-10-11,36.860001,37.709999,36.630001,37.68,211100
2013-10-14,37.459999,38.23,37,38.220001,172500
2013-10-15,38.18,38.41,37.560001,38.029999,334700
2013-10-16,38.349998,38.82,38.209999,38.650002,274600
2013-10-17,38.549999,38.82,38.110001,38.639999,178000
2013-10-18,39.029999,39.130001,38.27,38.650002,256200
2013-10-21,38.630001,38.740002,38.27,38.509998,234500
2013-10-22,38.720001,38.73,38.16,38.419998,225900
2013-10-23,38.139999,38.41,37.75,38.18,292300
2013-10-24,38.34,39.009998,38.169998,38.779999,277300
2013-10-25,39.02,39.360001,38.23,38.650002,299200
2013-10-28,38.810001,38.98,38.400002,38.970001,250300
2013-10-29,39.080002,39.529999,38.759998,39.48,411600
2013-10-30,39.610001,39.84,39.209999,39.310001,222300
2013-10-31,39.209999,39.369999,38.599998,39.25,241500
2013-11-01,39.02,39.639999,38.759998,39.580002,391900
2013-11-04,39.610001,40.25,39.34,40.099998,378200
2013-11-05,41.5,41.82,37.77,39.509998,895600
2013-11-06,39.57,40.099998,38.830002,39.860001,316200
2013-11-07,40.119999,40.419998,39.580002,39.689999,255300
2013-11-08,39.630001,40.75,39.580002,40.549999,188400
2013-11-11,40.580002,40.700001,40.16,40.5,148800
2013-11-12,40.5,41.509998,40.490002,41.400002,213100
2013-11-13,41.189999,41.720001,40.860001,41.709999,138500
2013-11-14,41.59,41.990002,41.580002,41.849998,114100
2013-11-15,41.759998,42.529999,41.490002,42.529999,259100
2013-11-18,42.669998,42.970001,42.040001,42.200001,190300
2013-11-19,42.07,42.639999,41.560001,41.880001,328900
2013-11-20,41.990002,43.459999,41.990002,43.360001,3008000
2013-11-21,43.650002,44.099998,42.439999,42.630001,763200
2013-11-22,42.830002,42.860001,42.02,42.599998,524500
2013-11-25,42.759998,42.82,40.759998,42.549999,354500
2013-11-26,42.689999,42.720001,41.970001,42.669998,625700
2013-11-27,42.619999,43.130001,42.57,42.73,313800
2013-11-29,42.990002,43.240002,42.540001,42.59,132300
2013-12-02,42.5,42.720001,42.02,42.34,478700
2013-12-03,42.349998,42.740002,42.169998,42.549999,237200
2013-12-04,42.32,43.119999,42.119999,42.470001,285900
2013-12-05,42.419998,42.84,42.209999,42.509998,175700
2013-12-06,43,43,42.310001,42.82,193400
2013-12-09,42.98,42.990002,42.259998,42.57,304700
2013-12-10,42.369999,42.66,42,42.150002,252800
2013-12-11,42.25,42.470001,41.57,41.639999,256900
2013-12-12,41.720001,42.060001,41.380001,41.73,269400
2013-12-13,41.75,42.09,41.369999,41.889999,199100
2013-12-16,41.990002,42.700001,41.990002,42.43,243500
2013-12-17,42.43,42.849998,42.099998,42.779999,214800
2013-12-18,42.82,43.389999,42.610001,43.349998,404400
2013-12-19,43.169998,43.549999,42.700001,42.869999,317200
2013-12-20,43.040001,44.09,42.450001,43.869999,560500
2013-12-23,44.16,44.459999,43.639999,44.310001,263900
2013-12-24,44.16,44.43,43.419998,43.669998,257000
2013-12-26,43.75,44.259998,43.59,43.970001,289200
2013-12-27,44.16,44.16,43.119999,43.59,174400
2013-12-30,43.5,43.5,42.810001,43.43,377400
2013-12-31,43.540001,43.77,43.25,43.450001,307100
2014-01-02,43.150002,43.240002,41.970001,42.529999,289200
2014-01-03,42.560001,43.150002,42.310001,42.91,268100
2014-01-06,42.990002,43.360001,42.299999,42.450001,385900
2014-01-07,42.77,42.990002,42.119999,42.509998,408100
2014-01-08,43.330002,43.330002,42.439999,42.779999,418900
2014-01-09,43.060001,43.34,42.790001,43.009998,343300
2014-01-10,43.09,43.93,42.849998,43.880001,564900
2014-01-13,43.619999,44,42.68,42.860001,602400
2014-01-14,41.450001,42.310001,41,41.66,650600
2014-01-15,41.93,42,41.110001,41.189999,582300
2014-01-16,41,42.169998,41,41.700001,597600
2014-01-17,41.77,42.060001,40.18,40.349998,610800
2014-01-21,40.529999,41,39.950001,40.099998,446700
2014-01-22,40.049999,41.450001,39.799999,41.119999,482200
2014-01-23,40.799999,41.459999,40.459999,40.669998,430400
2014-01-24,40.240002,40.93,39.169998,39.41,526300
2014-01-27,38.970001,39.650002,37.790001,38.84,444500
2014-01-28,38.959999,39.389999,38.540001,39.259998,284100
2014-01-29,39.279999,39.349998,38.349998,38.669998,199700
2014-01-30,38.990002,39.639999,38.560001,39.240002,341200
2014-01-31,38.560001,39.139999,38.349998,38.52,200900
2014-02-03,38.27,38.73,37.509998,37.66,358900
2014-02-04,37.84,38.450001,37.650002,37.900002,321700
2014-02-05,37.669998,37.98,36.970001,37.790001,349000
2014-02-06,37.799999,38.5,37.799999,38.279999,359700
2014-02-07,38.68,40.48,37.77,40.450001,814000
2014-02-10,40.450001,40.450001,38.98,39.529999,380200
2014-02-11,39.470001,39.849998,39.060001,39.73,207200
2014-02-12,39.73,40.349998,39.459999,40.09,323000
2014-02-13,39.759998,40.299999,39.540001,40.27,123900
2014-02-14,40.220001,40.220001,39.619999,39.869999,194300
2014-02-18,40.009998,40.310001,39.779999,40.110001,277400
2014-02-19,40.099998,40.099998,39.209999,39.330002,194400
2014-02-20,39.459999,39.73,38.98,39.330002,274300
2014-02-21,39.59,39.790001,39.119999,39.580002,183000
2014-02-24,39.689999,40.459999,39.439999,39.939999,479500
2014-02-25,40,40.02,39.580002,39.880001,294000
2014-02-26,39.98,40.099998,39.759998,40,311700
2014-02-27,39.900002,40.5,39.650002,40.43,217700
2014-02-28,40.52,41,40.25,40.52,296200
2014-03-03,40.299999,40.560001,40,40.27,213500
2014-03-04,40.82,42.27,40.75,41.75,403000
2014-03-05,41.860001,42.419998,41.720001,42.290001,479400
2014-03-06,42.32,42.77,42.18,42.689999,318100
2014-03-07,42.799999,43.400002,42.740002,43.07,473700
2014-03-10,42.889999,43.279999,42.720001,43.18,283500
2014-03-11,43.27,43.48,42.459999,42.57,275900
2014-03-12,42.34,42.439999,41.52,41.919998,202500
2014-03-13,42.009998,42.009998,40.849998,41.169998,264700
2014-03-14,40.919998,41.419998,40.650002,41.02,269500
2014-03-17,41.27,41.509998,41,41.060001,272200
2014-03-18,41.150002,41.75,41.049999,41.66,322600
2014-03-19,41.52,41.889999,40.98,41.209999,296800
2014-03-20,41.099998,41.77,40.869999,41.360001,161700
2014-03-21,41.509998,41.75,40.529999,40.59,398800
2014-03-24,40.779999,40.779999,39.43,39.869999,358400
2014-03-25,40.200001,40.490002,39.41,39.459999,303300
2014-03-26,39.75,39.75,38.41,38.41,231000
2014-03-27,38.389999,38.779999,38,38.299999,175800
2014-03-28,38.259998,38.68,37.860001,38.119999,164900
2014-03-31,38.310001,39.060001,38.07,38.849998,272000
2014-04-01,38.84,39.139999,38.549999,38.900002,343900
2014-04-02,39.110001,39.41,38.610001,38.889999,292300
2014-04-03,38.82,39.139999,38.25,38.540001,197500
2014-04-04,38.860001,39,37.310001,37.540001,247400
2014-04-07,37.490002,37.900002,36.549999,37.02,345900
2014-04-08,36.98,37.599998,36.869999,37.580002,372900
2014-04-09,37.73,38.009998,37.360001,37.810001,223900
2014-04-10,37.689999,37.919998,36.290001,36.439999,235800
2014-04-11,36.049999,36.669998,35.799999,36.299999,361600
2014-04-14,36.75,36.91,36.139999,36.41,253400
2014-04-15,36.490002,36.790001,35.950001,36.5,364800
2014-04-16,36.880001,37.48,36.279999,37.349998,388700
2014-04-17,37.290001,37.759998,36.869999,37.209999,241700
2014-04-21,37.169998,37.169998,36.09,36.349998,357900
2014-04-22,36.310001,36.810001,36.310001,36.52,337800
2014-04-23,36.43,36.689999,35.200001,35.389999,579300
2014-04-24,35.41,35.799999,34.59,34.689999,527500
2014-04-25,34.560001,34.560001,32.900002,32.98,656100
2014-04-28,32.990002,33.419998,32.220001,32.93,482900
2014-04-29,33.200001,33.48,32.490002,32.599998,417600
2014-04-30,32.380001,33.540001,31.969999,33.48,408300
2014-05-01,33.32,33.990002,32.93,33.919998,527300
2014-05-02,34.150002,35.450001,33.75,35.029999,556300
2014-05-05,34.66,35.459999,34.66,35.23,480400
2014-05-06,36.990002,38.48,33.34,33.610001,1281600
2014-05-07,33.73,33.73,32.23,32.43,681300
2014-05-08,32.259998,33.34,32.240002,33.02,522500
2014-05-09,32.900002,33.169998,32.34,32.59,513900
2014-05-12,32.790001,33.669998,32.599998,33.470001,439000
2014-05-13,33.5,33.5,32.049999,32.25,556000
2014-05-14,32.209999,32.389999,31.1,31.110001,486500
2014-05-15,30.92,31.280001,29.93,31.24,690500
2014-05-16,31.190001,31.440001,30.799999,31.26,514700
2014-05-19,31.629999,32.25,31.48,31.879999,628900
2014-05-20,31.84,31.950001,30.67,31.209999,1173200
2014-05-21,31.290001,31.48,30.91,30.93,375000
2014-05-22,30.91,31.959999,30.780001,31.74,470200
2014-05-23,31.799999,32.27,31.450001,32.080002,272100
2014-05-27,31.540001,31.68,28.9,28.99,2101700
2014-05-28,28.92,29.52,28.18,29.309999,1513600
2014-05-29,29.540001,29.68,29,29.09,587800
2014-05-30,29.219999,29.65,28.85,28.98,593400
2014-06-02,29.129999,29.389999,28.26,28.290001,725300
2014-06-03,28.25,28.85,28.049999,28.43,431100
2014-06-04,28.209999,28.67,28.030001,28.34,550600
2014-06-05,28.98,28.98,28.4,28.67,819400
2014-06-06,28.700001,30.01,28.68,29.9,1019700
2014-06-09,29.84,30.280001,29.209999,30.17,814200
2014-06-10,30.030001,30.389999,29.92,30.34,355200
2014-06-11,30.370001,31.719999,30.370001,31.709999,1267200
2014-06-12,31.66,33.009998,31.25,32.889999,1643400
2014-06-13,32.860001,33.119999,32.34,32.91,529900
2014-06-16,32.759998,33,32.450001,32.98,372500
2014-06-17,32.91,33.610001,32.459999,33.610001,506200
2014-06-18,33.490002,34.130001,33.169998,34.060001,603600
2014-06-19,34.150002,34.150002,33.619999,33.919998,402200
2014-06-20,33.970001,34.18,33.889999,34.130001,491600
2014-06-23,34.110001,34.209999,33.650002,34.18,347400
2014-06-24,34.02,34.66,33.77,34.07,571200
2014-06-25,33.849998,34.16,33.759998,33.959999,471900
2014-06-26,33.869999,34.009998,33.540001,33.779999,317400
2014-06-27,33.700001,33.900002,33.369999,33.610001,531700
2014-06-30,33.52,34.139999,33.32,34.080002,343100
2014-07-01,34.139999,34.810001,34,34.720001,335300
2014-07-02,34.700001,34.810001,34.009998,34.189999,541300
2014-07-03,34.27,34.630001,34.040001,34.389999,198200
2014-07-07,34.389999,34.400002,33.759998,33.810001,298600
2014-07-08,33.75,33.98,32.450001,32.73,636100
2014-07-09,32.939999,33.07,32.5,32.900002,409500
2014-07-10,32.290001,32.790001,31.99,32.049999,286600
2014-07-11,32.049999,32.349998,31.379999,31.77,355900
2014-07-14,32.119999,32.330002,31.52,32.310001,693900
2014-07-15,32.189999,32.279999,31.4,31.809999,395700
2014-07-16,32.02,32.580002,31.780001,32.209999,451000
2014-07-17,31.959999,32.380001,31.75,31.91,412800
2014-07-18,32,32.540001,31.889999,32.41,492700
2014-07-21,32.220001,32.419998,31.790001,32.360001,384000
2014-07-22,32.66,36.91,32.509998,36.209999,1528300
2014-07-23,37.040001,37.18,35.700001,36.040001,891700
2014-07-24,36.049999,36.5,35.75,35.919998,538200
2014-07-25,35.509998,36.52,35.509998,36.389999,529600
2014-07-28,36.299999,36.540001,35.790001,36.459999,419500
2014-07-29,36.650002,36.950001,36.299999,36.900002,395000
2014-07-30,37.25,37.59,36.700001,37.259998,861200
2014-07-31,38.57,38.959999,37.509998,38.560001,1167600
2014-08-01,38.349998,39.040001,38.310001,38.759998,1078100
2014-08-04,38.799999,38.950001,37.52,38.220001,808400
2014-08-05,38.189999,39.09,37.959999,38.099998,759400
2014-08-06,38,38.349998,37.779999,37.889999,289400
2014-08-07,37.889999,38.27,37.810001,38.200001,268000
2014-08-08,38.169998,38.34,37.75,38.18,212600
2014-08-11,38.34,39.169998,38.220001,38.389999,190300
2014-08-12,38.150002,38.68,37.560001,37.75,204800
2014-08-13,38,38.16,37.52,38.099998,302100
2014-08-14,38.009998,38.459999,37.889999,38.150002,169700
2014-08-15,38.490002,38.639999,37.619999,38.119999,255500
2014-08-18,38.43,38.990002,38.240002,38.84,381200
2014-08-19,38.950001,39.419998,38.689999,39.389999,386400
2014-08-20,39.200001,39.200001,37.880001,37.959999,404100
2014-08-21,37.889999,38.290001,37.34,38.040001,384900
2014-08-22,38.02,38.25,37.630001,37.869999,222300
2014-08-25,38.16,38.209999,37.869999,38.009998,416100
2014-08-26,38.110001,38.209999,36.91,37.23,446700
2014-08-27,37.189999,37.189999,36.630001,36.73,429500
2014-08-28,36.549999,36.91,35.549999,35.84,790900
2014-08-29,35.98,36.099998,35.470001,35.5,418300
2014-09-02,35.59,36.619999,35.459999,36.16,694700
2014-09-03,36.25,36.48,35.82,36,338900
2014-09-04,36.09,36.57,35.709999,35.73,283000
2014-09-05,35.540001,36.049999,34.950001,35.130001,234600
2014-09-08,35.049999,35.41,34.82,35.009998,168500
2014-09-09,34.900002,34.950001,34.23,34.299999,245700
2014-09-10,34.25,34.75,34.110001,34.490002,266000
2014-09-11,34.200001,34.549999,34.049999,34.119999,172600
2014-09-12,34.200001,34.279999,33.740002,33.98,316800
2014-09-15,33.869999,34.209999,33.529999,33.84,294700
2014-09-16,33.84,33.970001,33.099998,33.619999,272300
2014-09-17,33.610001,34.509998,33.299999,34.330002,390700
2014-09-18,34.360001,35.169998,34.349998,34.919998,651400
2014-09-19,34.990002,35.200001,34.25,34.599998,712600
2014-09-22,34.490002,34.939999,34.189999,34.799999,349800
2014-09-23,34.75,35.369999,34.580002,35.099998,665800
2014-09-24,35.27,35.290001,34.84,35.23,421600
2014-09-25,35.119999,35.41,34.669998,34.830002,400600
2014-09-26,34.849998,35.049999,34.34,34.599998,335400
2014-09-29,34.220001,35.34,34.099998,35.299999,406000
2014-09-30,35.330002,35.5,34.919998,35.200001,489700
2014-10-01,35.060001,35.360001,33.32,34.59,509400
2014-10-02,34.59,34.720001,34.240002,34.68,300800
2014-10-03,34.990002,35.02,34.5,34.880001,278000
2014-10-06,34.84,35.099998,34.470001,34.619999,195000
2014-10-07,34.5,34.93,34.23,34.619999,513600
2014-10-08,34.650002,35.41,34.439999,35.34,324800
2014-10-09,35.23,35.490002,34.41,34.66,509100
2014-10-10,34.439999,34.490002,33.389999,33.560001,511000
2014-10-13,33.48,33.939999,33.040001,33.439999,271300
2014-10-14,33.68,34.75,33.68,34.400002,242900
2014-10-15,33.900002,35.18,33.639999,35.049999,323400
2014-10-16,34.52,35.700001,34.080002,35.43,296600
2014-10-17,35.889999,35.889999,34.779999,34.799999,471200
2014-10-20,34.57,34.919998,34.130001,34.540001,281500
2014-10-21,34.82,35.349998,34.57,34.950001,286300
2014-10-22,35.119999,36.220001,34.689999,35.16,283200
2014-10-23,35.380001,35.959999,35.029999,35.360001,210100
2014-10-24,35.470001,35.700001,35.02,35.060001,143800
2014-10-27,34.810001,35.360001,34.5,35.279999,297600
2014-10-28,35.560001,37.029999,35.509998,36.98,404300
2014-10-29,37.099998,37.5,36.5,37.02,424700
2014-10-30,37.57,38.48,35.84,37.849998,657400
2014-10-31,38.740002,39.299999,38.02,38.389999,627400
2014-11-03,38.369999,39.099998,37.580002,37.84,385100
2014-11-04,37.66,38.41,37.52,37.84,237400
2014-11-05,38.080002,39.169998,38,38.150002,298000
2014-11-06,38.110001,38.57,37.779999,38.310001,355000
2014-11-07,38.34,38.639999,37.849998,38.34,206200
2014-11-10,38.490002,38.700001,37.560001,37.919998,270000
2014-11-11,37.799999,38.25,37.540001,38.240002,308600
2014-11-12,38.009998,38.450001,37.639999,38.290001,229900
2014-11-13,38.23,38.57,37.57,37.919998,281700
2014-11-14,37.939999,38.009998,37.279999,37.389999,240700
2014-11-17,37.209999,38.25,37.209999,37.66,231700
2014-11-18,37.849998,38.119999,37.540001,37.799999,164200
2014-11-19,37.869999,38.18,37.029999,37.619999,418900
2014-11-20,37.41,38.23,37.16,37.869999,185700
2014-11-21,38.279999,38.57,37.66,37.889999,212200
2014-11-24,37.950001,38.299999,36.919998,37.740002,477600
2014-11-25,37.669998,39.59,37.290001,39.099998,764300
2014-11-26,39.099998,39.75,39.07,39.200001,170000
2014-11-28,39.599998,40,39.099998,39.16,161300
2014-12-01,39.209999,39.23,38.18,38.25,338400
2014-12-02,38.34,38.599998,37.52,38.07,221300
2014-12-03,38.09,38.720001,37.91,38.419998,231800
2014-12-04,38.290001,38.799999,38.099998,38.740002,318800
2014-12-05,38.75,39.450001,38.75,39.130001,215400
2014-12-08,39.459999,39.549999,38.419998,38.580002,222700
2014-12-09,38.110001,39.18,37.68,39.080002,222400
2014-12-10,38.900002,39.080002,37.639999,37.810001,261200
2014-12-11,37.900002,38.82,37.709999,38.560001,272700
2014-12-12,38.049999,38.060001,36.73,36.939999,485100
2014-12-15,37,37.32,36.419998,36.779999,232100
2014-12-16,36.650002,37.209999,36.27,36.639999,224700
2014-12-17,36.630001,38,36.599998,37.990002,448100
2014-12-18,38.48,38.900002,38.07,38.610001,242400
2014-12-19,38.52,39.060001,38.119999,38.459999,530900
2014-12-22,38.43,38.689999,37.889999,38.509998,230100
2014-12-23,38.599998,39.709999,38.400002,39.610001,285100
2014-12-24,39.73,39.950001,39.27,39.580002,69700
2014-12-26,39.82,40,39.389999,39.689999,105500
2014-12-29,39.619999,40,39.439999,39.84,118800
2014-12-30,39.849998,39.970001,38.759998,38.880001,237100
2014-12-31,38.849998,38.950001,38.189999,38.580002,254000
2015-01-02,38.970001,39.099998,37.77,37.82,212900
2015-01-05,37.549999,37.98,36.119999,36.810001,443300
2015-01-06,36.779999,36.959999,35.849998,36.380001,299200
2015-01-07,36.669998,37.119999,35.970001,37.040001,412700
2015-01-08,37.259998,38.049999,36.84,36.93,282500
2015-01-09,36.880001,37.279999,36.619999,36.889999,294700
2015-01-12,36.990002,37.189999,36.099998,36.849998,586900
2015-01-13,37.200001,38.02,37.080002,37.43,584100
2015-01-14,37.02,37.82,36.310001,36.5,392500
2015-01-15,36.43,36.439999,34.470001,34.509998,812400
2015-01-16,34.34,34.740002,33.830002,34.720001,482000
2015-01-20,34.82,35.139999,34.18,34.470001,238900
2015-01-21,34.310001,34.619999,34.16,34.200001,207500
2015-01-22,34.450001,34.66,33.98,34.369999,562900
2015-01-23,34.360001,34.84,34.16,34.389999,364400
2015-01-26,34.400002,35.25,33.860001,35.09,234200
2015-01-27,34.66,35.27,34.450001,35.040001,218900
2015-01-28,35.259998,35.779999,34.740002,35.07,279800
2015-01-29,35.139999,35.18,34.150002,34.299999,316000
2015-01-30,34.150002,34.389999,33.549999,33.610001,285600
2015-02-02,33.84,34.68,33.610001,34.580002,298000
2015-02-03,34.689999,36.060001,34.689999,36.009998,314000
2015-02-04,35.790001,36.23,35.310001,35.77,355000
2015-02-05,40,40,37.689999,38.060001,1641300
2015-02-06,38.02,38.310001,36.919998,37.52,534600
2015-02-09,37.279999,38.009998,36.98,37.610001,394000
2015-02-10,37.889999,37.889999,37.34,37.470001,419100
2015-02-11,37.349998,37.630001,36.599998,37.189999,293300
2015-02-12,37.490002,37.68,37.240002,37.389999,188100
2015-02-13,37.310001,37.439999,36.799999,37.02,227100
2015-02-17,37.139999,37.200001,36.310001,36.84,332800
2015-02-18,36.720001,37.59,36.720001,37.419998,259900
2015-02-19,37.310001,37.790001,37.119999,37.650002,208000
2015-02-20,37.66,38.349998,37.09,38.27,230900
2015-02-23,38.139999,38.419998,37.75,37.919998,319400
2015-02-24,37.91,38,37.599998,37.84,275100
2015-02-25,37.700001,38.130001,37.700001,38.080002,258600
2015-02-26,38.099998,38.360001,37.259998,37.66,329600
2015-02-27,37.43,37.700001,36.560001,36.59,291900
2015-03-02,36.650002,37.119999,36.169998,36.220001,334600
2015-03-03,36.009998,37.209999,35.75,36.669998,317700
2015-03-04,36.610001,36.860001,36.080002,36.689999,237100
2015-03-05,36.630001,36.900002,36.279999,36.689999,152200
2015-03-06,36.360001,36.939999,36.360001,36.689999,188000
2015-03-09,36.799999,36.880001,36.310001,36.459999,259600
2015-03-10,36.07,36.580002,34.91,35.27,225100
2015-03-11,35.169998,35.540001,35.099998,35.470001,333800
2015-03-12,35.75,37.200001,35.619999,36.93,303700
2015-03-13,36.869999,37.130001,36.299999,37.099998,244300
2015-03-16,37.450001,37.849998,37.279999,37.810001,183600
2015-03-17,37.599998,38.189999,37.540001,38.139999,223400
2015-03-18,38.139999,38.849998,37.610001,38.790001,233400
2015-03-19,38.560001,39.23,38.009998,38.48,328400
2015-03-20,38.740002,39.360001,38.59,39.189999,287000
2015-03-23,39.02,39.73,39.02,39.700001,251100
2015-03-24,39.84,39.84,39.369999,39.77,224600
2015-03-25,39.810001,39.810001,38.299999,38.389999,257500
2015-03-26,38.150002,38.529999,37.599998,38.139999,236800
2015-03-27,38.09,38.09,36.990002,37.25,196700
2015-03-30,37.52,37.990002,37.32,37.84,200300
2015-03-31,37.720001,38.049999,37.279999,37.599998,269900
2015-04-01,37.459999,37.93,37.029999,37.5,202900
2015-04-02,37.619999,37.93,37.32,37.860001,309300
2015-04-06,37.560001,38.18,37.299999,37.959999,591600
2015-04-07,38,38.080002,37.529999,37.91,396400
2015-04-08,38.009998,38.419998,37.849998,37.98,276000
2015-04-09,38.02,38.790001,37.919998,38.75,231800
2015-04-10,39,39.080002,38.419998,38.740002,147800
2015-04-13,38.650002,39.07,38.419998,39.029999,158800
2015-04-14,39.189999,39.490002,38.84,39.48,235100
2015-04-15,39.630001,40.02,39.450001,39.869999,324900
2015-04-16,39.700001,39.849998,39.150002,39.310001,282500
2015-04-17,38.84,38.98,36.939999,37,932800
2015-04-20,37.290001,37.560001,36.860001,36.970001,262500
2015-04-21,37.07,37.330002,36.869999,37.23,281700
2015-04-22,37.25,37.790001,36.84,37.669998,332100
2015-04-23,37.669998,38.220001,37.549999,37.959999,368700
2015-04-24,37.970001,38.009998,37.43,37.869999,319800
2015-04-27,38.119999,38.310001,37.380001,38,457300
2015-04-28,38.060001,38.220001,37.77,37.939999,329500
2015-04-29,37.860001,38.23,37.610001,37.709999,276600
2015-04-30,37.240002,37.959999,36.790001,37.73,547200
2015-05-01,37.75,38.330002,36.799999,37.450001,839300
2015-05-04,37.639999,38.220001,37.5,37.630001,883400
2015-05-05,37.450001,37.959999,37.380001,37.639999,449800
2015-05-06,37.880001,37.970001,37.290001,37.689999,334700
2015-05-07,37.73,38.040001,37.32,37.869999,608400
2015-05-08,38.380001,38.669998,38.040001,38.349998,230700
2015-05-11,38.490002,39.27,38.27,38.77,290600
2015-05-12,38.66,38.84,37.540001,37.98,326100
2015-05-13,37.919998,38.240002,37.75,38.040001,132900
2015-05-14,38.360001,38.700001,37.959999,38.549999,134500
2015-05-15,38.580002,38.580002,37.709999,37.779999,277200
2015-05-18,37.66,38.380001,37.419998,38.240002,278600
2015-05-19,38.32,38.419998,37.959999,38.240002,148100
2015-05-20,38.310001,38.310001,37.700001,37.830002,170300
2015-05-21,37.759998,38.23,37.700001,38.009998,194500
2015-05-22,37.889999,38.240002,37.450001,37.639999,201100
2015-05-26,37.259998,37.68,36.650002,36.889999,228300
2015-05-27,36.830002,37.639999,36.549999,37.349998,280800
2015-05-28,37.389999,37.389999,36.900002,36.990002,156800
2015-05-29,36.82,36.93,36.130001,36.5,277400
2015-06-01,36.599998,36.77,36.029999,36.290001,337200
2015-06-02,36.060001,36.77,36.029999,36.639999,217700
2015-06-03,36.889999,37.27,36.84,37.18,207600
2015-06-04,36.860001,37.16,36.490002,36.77,246200
2015-06-05,36.84,36.98,36.400002,36.98,269700
2015-06-08,37,37.290001,36.759998,37.099998,213000
2015-06-09,37.029999,37.220001,36.66,36.98,119800
2015-06-10,37.169998,37.459999,37.16,37.240002,304300
2015-06-11,37.349998,37.509998,37.130001,37.439999,410300
2015-06-12,37.369999,38.279999,37.220001,38.23,391200
2015-06-15,38.110001,38.310001,37.41,37.810001,197800
2015-06-16,37.82,38.299999,37.75,38.25,182000
2015-06-17,38.400002,38.75,38.23,38.700001,223500
2015-06-18,38.799999,39.189999,38.52,38.709999,224800
2015-06-19,38.689999,38.900002,38.41,38.75,230500
2015-06-22,39.09,39.470001,38.720001,39.27,161600
2015-06-23,39.27,39.400002,38.84,38.990002,279800
2015-06-24,38.889999,39.119999,38.549999,38.880001,378800
2015-06-25,38.950001,39.16,38.650002,38.98,215800
2015-06-26,39.150002,39.189999,38.25,38.41,337300
2015-06-29,38.16,38.549999,37.310001,37.369999,181000
2015-06-30,37.509998,37.639999,36.889999,37.049999,344200
2015-07-01,37.41,37.41,36.529999,37.009998,267100
2015-07-02,37,37.080002,36.66,37.040001,206100
2015-07-06,36.75,37.119999,36.450001,36.799999,193200
2015-07-07,31.5,34.189999,30.77,33.970001,4344800
2015-07-08,33.970001,34.380001,33.209999,33.919998,908000
2015-07-09,34.27,34.450001,32.950001,33.310001,537100
2015-07-10,33.75,35.470001,33.66,34.580002,495800
2015-07-13,34.700001,35,33.799999,33.970001,452100
2015-07-14,34.09,34.32,33.77,34.150002,201300
2015-07-15,34.150002,34.73,33.93,34.669998,392600
2015-07-16,35,35.810001,34.619999,35.52,786800
2015-07-17,35.57,35.57,34.959999,35.029999,359900
2015-07-20,35.110001,35.41,34.66,35.150002,359900
2015-07-21,35.290001,35.400002,34.630001,34.900002,201600
2015-07-22,34.75,35.16,34.75,35,150700
2015-07-23,34.91,35.360001,34.639999,34.75,215300
2015-07-24,34.77,34.790001,34.200001,34.439999,275800
2015-07-27,34.610001,35.07,34.169998,34.970001,395800
2015-07-28,35.009998,35.41,34.509998,35.200001,325600
2015-07-29,35.529999,35.860001,35.099998,35.759998,332000
2015-07-30,35.560001,36.099998,35.220001,35.68,530900
2015-07-31,38.849998,38.849998,35.790001,37.07,1014600
2015-08-03,36.970001,37.080002,35.759998,36.25,403200
2015-08-04,36.07,36.34,35.779999,35.919998,200000
2015-08-05,36.310001,36.959999,36,36.349998,459600
2015-08-06,36.5,36.5,34.650002,34.990002,376600
2015-08-07,34.759998,35.34,34.509998,35.029999,336000
2015-08-10,35.259998,35.700001,34.91,35.16,389700
2015-08-11,34.98,35.830002,34.700001,35.509998,378900
2015-08-12,35.400002,35.470001,34.799999,34.830002,485200
2015-08-13,34.869999,35.549999,34.48,35.060001,351900
2015-08-14,35.139999,35.419998,34.700001,35.330002,167100
2015-08-17,35.25,35.580002,34.919998,35.43,216300
2015-08-18,35.43,35.43,35.18,35.25,334400
2015-08-19,35.18,35.349998,34.73,35.009998,262700
2015-08-20,35.290001,35.41,34.66,35.130001,536600
2015-08-21,34.52,35.18,34.220001,34.540001,467400
2015-08-24,32.540001,34.290001,32.099998,33.639999,649600
2015-08-25,34.709999,35.09,33.259998,33.400002,432900
2015-08-26,34.169998,34.25,33.299999,34.220001,220900
2015-08-27,34.689999,34.700001,34,34.490002,228100
2015-08-28,34.209999,34.959999,34.189999,34.650002,190700
2015-08-31,34.330002,34.68,34.220001,34.5,379100
2015-09-01,33.77,34.209999,33.619999,33.77,527900
2015-09-02,34.290001,34.290001,33.610001,33.950001,331900
2015-09-03,34.16,34.310001,33.639999,33.75,305600
2015-09-04,33.259998,33.91,33.259998,33.77,254500
2015-09-08,34.34,34.34,33.619999,34,218100
2015-09-09,34.040001,34.16,33.650002,33.709999,291200
2015-09-10,33.75,34.43,33.669998,34.259998,142000
2015-09-11,33.970001,34.380001,33.779999,34.139999,186200
2015-09-14,34.150002,34.150002,33.529999,33.82,253000
2015-09-15,33.75,34.360001,33.75,34.099998,710600
2015-09-16,34.25,34.25,33.68,33.950001,317700
2015-09-17,33.810001,34.150002,33.669998,33.759998,312700
2015-09-18,33.32,33.759998,32.560001,32.700001,381700
2015-09-21,33.02,33.650002,32.889999,33.150002,261000
2015-09-22,32.790001,33.380001,32.490002,33.07,238700
2015-09-23,33.150002,33.189999,32.599998,33.009998,489000
2015-09-24,32.939999,33.209999,32.790001,33.040001,329800
2015-09-25,33.41,33.57,32.98,33.290001,283900
2015-09-28,33.080002,33.349998,32.41,32.450001,213000
2015-09-29,32.5,32.630001,32.169998,32.18,536000
2015-09-30,32.5,32.990002,32.41,32.700001,319200
2015-10-01,32.77,33.119999,31.9,32.290001,370000
2015-10-02,31.950001,32.68,31.799999,32.57,323100
2015-10-05,32.84,33.610001,32.759998,33.59,262100
2015-10-06,33.639999,33.869999,33.439999,33.73,179000
2015-10-07,33.68,34.310001,33.639999,33.889999,314000
2015-10-08,33.93,34.049999,33.650002,33.790001,512100
2015-10-09,34.139999,34.939999,33.720001,34.91,418000
2015-10-12,34.73,35.169998,34.73,35.07,196200
2015-10-13,34.950001,35.099998,34.700001,34.810001,225900
2015-10-14,34.709999,35,33.400002,33.48,195000
2015-10-15,33.389999,33.939999,32.830002,33.900002,288000
2015-10-16,33.990002,33.990002,33.23,33.5,179100
2015-10-19,33.400002,33.799999,33.349998,33.57,106800
2015-10-20,33.490002,33.93,33.389999,33.5,173200
2015-10-21,33.73,33.75,32.669998,32.720001,126400
2015-10-22,32.950001,33.779999,32.599998,33.599998,216400
2015-10-23,34.009998,34.259998,33.549999,33.889999,335200
2015-10-26,33.990002,34.130001,32.990002,33.150002,184300
2015-10-27,32.990002,33.07,32.529999,32.77,235100
2015-10-28,32.700001,33.950001,32.700001,33.93,197100
2015-10-29,33.599998,33.919998,32.889999,33.049999,465400
2015-10-30,35.869999,35.889999,33.77,34.5,1032600
2015-11-02,34.330002,34.889999,34.040001,34.689999,388000
2015-11-03,34.720001,34.869999,34.32,34.5,220200
2015-11-04,34.540001,34.93,34.299999,34.790001,220500
2015-11-05,34.75,35.080002,34.43,34.880001,209900
2015-11-06,34.610001,35.150002,34.389999,35.119999,179200
2015-11-09,34.990002,35.5,34.5,34.779999,258000
2015-11-10,34.57,34.860001,34.139999,34.650002,150100
2015-11-11,34.759998,34.759998,34.27,34.27,82100
2015-11-12,33.959999,35.439999,33.900002,34.610001,510100
2015-11-13,34.41,34.959999,34.220001,34.459999,249400
2015-11-16,34.400002,34.889999,34.259998,34.75,236000
2015-11-17,34.82,35.18,34.560001,34.93,302700
2015-11-18,35.150002,35.73,34.740002,35.66,308500
2015-11-19,35.57,35.889999,35.23,35.82,219000
2015-11-20,35.91,36.459999,35.720001,36.220001,313800
2015-11-23,36.119999,36.610001,36.080002,36.43,186900
2015-11-24,36.189999,37.32,35.98,37.290001,293600
2015-11-25,37.349998,38.709999,37.23,38.68,465900
2015-11-27,38.560001,38.560001,37.73,37.939999,205200
2015-11-30,38.220001,38.439999,37.34,37.610001,302900
2015-12-01,37.790001,38.099998,36.610001,37.009998,428300
2015-12-02,37.049999,37.389999,36.639999,36.709999,227700
2015-12-03,36.709999,37.27,35.970001,36.02,179200
2015-12-04,35.98,36.419998,35.75,36.310001,163300
2015-12-07,36.380001,36.700001,35.48,35.689999,203800
2015-12-08,35.450001,35.66,35.009998,35.259998,207800
2015-12-09,35.259998,35.599998,34.759998,34.810001,144600
2015-12-10,35.02,36.849998,34.919998,36.34,534300
2015-12-11,35.369999,35.860001,35.130001,35.610001,346300
2015-12-14,35.560001,35.73,34.540001,34.990002,294700
2015-12-15,35.139999,35.790001,34.93,35.650002,205900
2015-12-16,35.959999,36.060001,35.32,35.580002,192000
2015-12-17,35.689999,35.689999,34.91,35.060001,204100
2015-12-18,34.84,34.84,33.93,33.990002,709900
2015-12-21,34.150002,34.310001,33.529999,33.919998,258300
2015-12-22,34.009998,34.029999,33.470001,33.970001,294000
2015-12-23,34.150002,34.259998,33.849998,34.099998,233400
2015-12-24,34.060001,34.139999,33.810001,34.02,84800
2015-12-28,33.98,34.169998,33.470001,33.970001,217500
2015-12-29,34.150002,34.43,33.66,34.419998,261100
2015-12-30,34.470001,34.650002,33.82,33.939999,228800
2015-12-31,33.919998,34.130001,33.509998,33.650002,229200
2016-01-04,33.23,33.290001,32.5,32.52,406100
2016-01-05,32.610001,34.200001,32.5,34,553800
2016-01-06,33.549999,34.139999,33.549999,34.009998,520700
2016-01-07,33.439999,33.869999,32.529999,33.25,399600
2016-01-08,33.290001,33.630001,32.5,32.799999,544600
2016-01-11,32.869999,32.919998,31.99,32.369999,321500
2016-01-12,32.560001,32.619999,32.009998,32.259998,477400
2016-01-13,32.110001,32.529999,31.68,31.73,594600
2016-01-14,31.85,33.040001,31.75,32.650002,642300
2016-01-15,31.879999,32.27,31.42,32.110001,564200
2016-01-19,32.509998,32.799999,32.099998,32.689999,474000
2016-01-20,32.18,32.540001,31.07,31.280001,549700
2016-01-21,31.34,31.5,30.879999,30.889999,782100
2016-01-22,31.27,31.360001,31,31.32,423100
2016-01-25,31.07,31.35,29.969999,30.120001,547700
2016-01-26,30.299999,30.459999,29.66,30.41,340100
2016-01-27,30.120001,30.18,29.16,29.309999,504900
2016-01-28,29.5,29.719999,28.9,28.99,457200
2016-01-29,29.049999,30.84,28.93,30.809999,699300
2016-02-01,30.35,30.799999,29.68,30.540001,509600
2016-02-02,30.25,30.459999,29.75,29.889999,442900
2016-02-03,30.01,30.08,29.33,29.98,319200
2016-02-04,30.01,30.43,29.9,30.200001,563200
2016-02-05,30.6,30.6,28.67,28.9,952200
2016-02-08,28.49,29.059999,28.01,28.77,603400
2016-02-09,28.59,28.92,28.1,28.559999,419400
2016-02-10,28.65,29.84,28.6,28.790001,373000
2016-02-11,28.219999,28.940001,28.219999,28.52,279700
2016-02-12,28.879999,29.91,28.790001,29.91,317600
2016-02-16,30,30.59,29.5,30.35,552000
2016-02-17,30.6,31.790001,30.6,31.48,533200
2016-02-18,31.6,31.969999,31.299999,31.58,493000
2016-02-19,31.5,32.240002,31.440001,31.969999,387400
2016-02-22,32.09,33.029999,31.969999,32.959999,496600
2016-02-23,32.860001,33.630001,32.84,33.02,504000
2016-02-24,32.779999,33.400002,32.049999,33.189999,417800
2016-02-25,33.150002,33.560001,33,33.549999,274400
2016-02-26,33.68,34.110001,33.25,33.779999,345800
2016-02-29,33.869999,34.400002,33.700001,33.720001,285100
2016-03-01,33.93,34.549999,33.68,34.400002,414200
2016-03-02,34.259998,34.549999,34.080002,34.5,188100
2016-03-03,34.57,35.349998,34.5,35.290001,535100
2016-03-04,35.389999,36.02,35.18,35.630001,451600
2016-03-07,35.560001,36,35.049999,35.849998,347400
2016-03-08,35.73,35.790001,34.57,34.669998,272100
2016-03-09,34.669998,35.200001,34.299999,35.029999,325600
2016-03-10,35.290001,35.459999,34.360001,34.919998,228700
2016-03-11,35.18,35.360001,34.869999,35.07,238100
2016-03-14,34.98,35.169998,34.57,35.029999,371800
2016-03-15,34.939999,35.07,34.18,34.48,223000
2016-03-16,34.240002,34.540001,34.220001,34.27,278800
2016-03-17,34.330002,34.799999,34.240002,34.630001,493600
2016-03-18,34.880001,35.419998,34.240002,34.75,850400
2016-03-21,34.73,34.900002,34.549999,34.720001,472200
2016-03-22,34.68,36.439999,34.68,35.650002,491600
2016-03-23,35.439999,35.439999,34.639999,34.75,316000
2016-03-24,34.689999,35.060001,34.639999,34.830002,182000
2016-03-28,35.040001,35.360001,34.66,35.200001,223800
2016-03-29,35.040001,36.290001,35,36.189999,282400
2016-03-30,36.07,36.529999,34.709999,34.779999,375100
2016-03-31,34.830002,36.41,34.830002,35.990002,670200
2016-04-01,35.68,36.400002,35.509998,36.34,278700
2016-04-04,36.290001,36.450001,35.459999,36.189999,342600
2016-04-05,36,36.419998,35.759998,35.889999,329500
2016-04-06,35.990002,36.130001,35.84,36.040001,219000
2016-04-07,35.810001,35.91,35.200001,35.34,303900
2016-04-08,35.549999,35.709999,34.970001,35.220001,335300
2016-04-11,35.48,35.919998,35.029999,35.169998,309500
2016-04-12,35.139999,35.529999,34.91,35.09,223700
2016-04-13,35.43,36.48,35.43,36.419998,196700
2016-04-14,36.41,36.650002,36.200001,36.41,147600
2016-04-15,36.27,36.610001,36.18,36.310001,160500
2016-04-18,36.240002,36.900002,35.66,36.68,186300
2016-04-19,36.82,36.970001,36.400002,36.869999,367700
2016-04-20,36.830002,37.459999,36.709999,37.16,286200
2016-04-21,37.040001,37.060001,36.689999,36.900002,216000
2016-04-22,36.830002,37.349998,36.830002,37.150002,246200
2016-04-25,36.970001,37.189999,36.5,36.970001,225300
2016-04-26,37.09,37.330002,36.73,37.279999,203100
2016-04-27,37.43,37.66,36.720001,37.25,422700
2016-04-28,37.759998,38.52,36.549999,36.720001,448600
2016-04-29,38.560001,39.919998,37.740002,39.419998,1057900
2016-05-02,39.669998,40.630001,39.200001,40.459999,681600
2016-05-03,39.93,40.5,39.5,39.810001,501700
2016-05-04,39.720001,40.119999,38.990002,39.07,365400
2016-05-05,39.119999,39.299999,38.389999,38.439999,310500
2016-05-06,38.299999,38.68,38.029999,38.619999,355000
2016-05-09,38.470001,39.16,38.389999,38.700001,283000
2016-05-10,38.950001,39.130001,38.75,38.970001,168100
2016-05-11,38.919998,39.169998,38.360001,38.360001,242300
2016-05-12,38.43,38.93,37.830002,38.25,223600
2016-05-13,38.240002,38.5,37.57,37.59,177500
2016-05-16,37.860001,38.169998,37.66,37.73,382600
2016-05-17,37.619999,37.91,37.110001,37.240002,247900
2016-05-18,36.98,37.669998,36.889999,37.23,351600
2016-05-19,37.09,37.490002,36.490002,36.849998,297200
2016-05-20,37.02,37.389999,37.02,37.150002,210500
2016-05-23,37.049999,37.599998,37.049999,37.119999,196200
2016-05-24,37.439999,38.220001,37.23,38.099998,309400
2016-05-25,38.299999,38.490002,38,38.200001,271400
2016-05-26,38.369999,38.540001,37.950001,38.34,262000
2016-05-27,38.240002,39.18,38.240002,39.169998,290900
2016-05-31,39.240002,39.330002,38.389999,39.290001,444400
2016-06-01,39.259998,39.880001,38.880001,39.880001,237500
2016-06-02,39.669998,40.34,39.669998,40.330002,281900
2016-06-03,40.32,40.360001,39.560001,40.119999,208100
2016-06-06,40.150002,40.860001,39.740002,40.700001,180700
2016-06-07,40.610001,40.830002,40.549999,40.75,289600
2016-06-08,40.75,41.130001,40.57,41.09,574800
2016-06-09,40.830002,41.209999,40.599998,41.119999,363000
2016-06-10,40.860001,40.970001,40.09,40.27,554100
2016-06-13,40.099998,40.48,39.689999,39.790001,336300
2016-06-14,39.75,40.02,39.529999,39.900002,393200
2016-06-15,40.099998,40.279999,39.709999,39.77,464100
2016-06-16,39.700001,39.889999,39.299999,39.84,336100
2016-06-17,39.880001,39.959999,39.400002,39.630001,375000
2016-06-20,40.080002,40.759998,39.59,40.599998,564200
2016-06-21,40.68,40.68,39.73,40.139999,172300
2016-06-22,40.110001,40.380001,39.98,40.189999,150900
2016-06-23,40.669998,40.790001,40.23,40.790001,169000
2016-06-24,39.080002,39.5,38.130001,38.150002,828200
2016-06-27,37.790001,38.049999,36.779999,37.209999,786300
2016-06-28,37.580002,38.16,37.540001,38.049999,340000
2016-06-29,38.529999,39.630001,38.529999,39.220001,407500
2016-06-30,39.220001,39.849998,38.919998,39.810001,287300
2016-07-01,39.759998,40.209999,39.540001,40.110001,167700
2016-07-05,39.709999,41.240002,39.68,40.799999,397800
2016-07-06,40.689999,41.130001,39.919998,40.02,385900
2016-07-07,40.060001,40.75,39.75,40.009998,319500
2016-07-08,40.450001,41.25,40.150002,40.290001,541800
2016-07-11,40.639999,40.810001,40.290001,40.41,548100
2016-07-12,40.939999,41.43,40.459999,41.259998,672100
2016-07-13,41.299999,42.290001,41.18,42.23,743600
2016-07-14,42.5,42.950001,42.34,42.860001,357600
2016-07-15,43.07,43.150002,42.75,43.029999,312800
2016-07-18,43.130001,43.389999,42.93,43.189999,365000
2016-07-19,43.02,43.369999,42.939999,43.189999,269200
2016-07-20,43.299999,43.630001,43.130001,43.560001,359200
2016-07-21,43.630001,43.799999,43.009998,43.169998,452900
2016-07-22,43.110001,43.720001,42.970001,43.610001,573400
2016-07-25,43.599998,43.700001,43.290001,43.529999,254100
2016-07-26,43.369999,43.889999,43.310001,43.720001,505000
2016-07-27,43.709999,44.209999,43.630001,44.18,391500
2016-07-28,44.09,44.490002,43.869999,44.369999,463600
2016-07-29,43.919998,45.439999,43.580002,43.990002,886400
2016-08-01,44.02,44.759998,43.599998,44.66,636000
2016-08-02,44.5,44.98,44.25,44.880001,564100
2016-08-03,44.919998,45.099998,44.720001,45.009998,237200
2016-08-04,44.98,46.049999,44.900002,46,424000
2016-08-05,46.25,46.630001,45.799999,46.07,693400
2016-08-08,46.02,46.779999,45.830002,46.330002,572300
2016-08-09,46.400002,46.66,46.240002,46.389999,493400
2016-08-10,46.41,46.650002,45.669998,45.84,408500
2016-08-11,46.189999,46.450001,46.040001,46.389999,419900
2016-08-12,46.200001,46.470001,45.900002,46.27,212300
2016-08-15,46.009998,46.959999,46.009998,46.82,400800
2016-08-16,46.75,47.610001,46.700001,47.48,460900
2016-08-17,47.610001,48.459999,47.02,47.200001,216900
2016-08-18,47.060001,48.040001,46.98,47.439999,321200
2016-08-19,46.619999,46.849998,45.02,45.709999,355000
2016-08-22,45.41,45.849998,45.16,45.759998,339900
2016-08-23,45.98,46.18,45.25,45.299999,545100
2016-08-24,45.509998,45.509998,44.98,45.139999,312900
2016-08-25,45.040001,45.57,44.939999,45.07,398600
2016-08-26,45.060001,45.43,44.68,45,332500
2016-08-29,45,45.16,44.75,44.790001,262400
2016-08-30,44.799999,45.09,44.709999,45.040001,179000
2016-08-31,44.970001,45.389999,44.73,44.91,327300
2016-09-01,45.029999,45.029999,44.189999,44.34,385300
2016-09-02,44.450001,44.619999,44.200001,44.459999,387200
2016-09-06,44.599998,44.599998,44.169998,44.560001,215900
2016-09-07,44.43,45.029999,44.310001,45.009998,441500
2016-09-08,44.849998,45.009998,44.470001,44.740002,167000
2016-09-09,44.509998,44.52,42.959999,42.959999,343900
2016-09-12,42.66,43.27,42.66,42.970001,405900
2016-09-13,42.790001,42.810001,42.169998,42.400002,455500
2016-09-14,42.560001,42.610001,42.110001,42.189999,214900
2016-09-15,42.220001,43.450001,42.07,43.040001,247400
2016-09-16,43.060001,43.060001,42.189999,42.299999,409800
2016-09-19,42.310001,42.790001,41.810001,42.279999,317600
2016-09-20,42.380001,42.830002,42.240002,42.639999,327700
2016-09-21,42.84,43.509998,42.459999,43.490002,321100
2016-09-22,43.599998,44.540001,43.599998,44.380001,341500
2016-09-23,44.110001,44.200001,43.380001,43.650002,282200
2016-09-26,43.470001,44.09,43.400002,43.779999,525500
2016-09-27,43.689999,44.080002,43.52,43.599998,195800
2016-09-28,43.75,44.150002,43.130001,44.080002,164800
2016-09-29,43.900002,43.959999,43.610001,43.860001,291300
2016-09-30,44.130001,44.82,43.939999,44.599998,305300
2016-10-03,44.959999,48.18,44.610001,48.139999,1350600
2016-10-04,48.849998,49.169998,48.290001,48.91,737600
2016-10-05,49.139999,49.41,48.099998,48.16,546400
2016-10-06,47.889999,48.880001,47.720001,48.779999,440400
2016-10-07,48.98,48.98,47.849998,48.759998,329300
2016-10-10,49.290001,49.98,48.759998,49.93,367800
2016-10-11,49.73,50.16,49.389999,50.099998,523600
2016-10-12,50.279999,50.450001,49.310001,50.189999,377700
2016-10-13,50.029999,50.029999,49.139999,49.540001,521400
2016-10-14,49.599998,49.880001,49.240002,49.459999,290000
2016-10-17,48.98,49.709999,48.400002,49.16,391400
2016-10-18,49.610001,49.73,48.779999,48.790001,458300
2016-10-19,49,49.779999,48.810001,49.709999,312100
2016-10-20,49.700001,49.700001,48.630001,49.220001,253200
2016-10-21,48.779999,49.5,48.700001,49.16,354000
2016-10-24,49.549999,49.93,49.220001,49.470001,266200
2016-10-25,49.5,49.599998,48.48,48.630001,305200
2016-10-26,48.099998,48.700001,46.200001,47.549999,316300
2016-10-27,47.869999,48.099998,45,47.560001,296500
2016-10-28,47.43,48.73,45.91,48.650002,809100
2016-10-31,48.939999,50.259998,48.299999,50,681700
2016-11-01,50.099998,50.349998,48.580002,48.889999,545700
2016-11-02,48.330002,48.919998,47.98,48.310001,501300
2016-11-03,48.400002,48.880001,48.18,48.349998,258700
2016-11-04,48.18,48.389999,47.25,47.349998,422800
2016-11-07,48.060001,48.389999,47.709999,48.07,210100
2016-11-08,48.060001,48.470001,47.740002,48.009998,155200
2016-11-09,47.419998,49.18,46.889999,49.110001,286400
2016-11-10,49.540001,49.919998,48.849998,49.23,393200
2016-11-11,49.200001,51.360001,48.709999,51.25,543600
2016-11-14,51.740002,52.560001,51.139999,52.330002,423800
2016-11-15,52.369999,52.790001,51.18,52.66,320100
2016-11-16,51.810001,52.41,50,51.41,717700
2016-11-17,51.34,52.240002,51.34,51.560001,225800
2016-11-18,51.75,51.91,50.970001,51.150002,237900
2016-11-21,51.049999,51.869999,50.650002,50.82,314800
2016-11-22,50.91,50.93,49.799999,50.02,722900
2016-11-23,50.060001,50.700001,49.810001,50.689999,259100
2016-11-25,50.689999,51.84,50.490002,51.82,120800
2016-11-28,51.82,51.82,49.950001,50.360001,325700
2016-11-29,50.259998,50.509998,48.700001,48.790001,364600
2016-11-30,49.599998,49.599998,48.599998,49.470001,695400
2016-12-01,49.48,50.630001,49.099998,50.240002,395100
2016-12-02,50.48,51.080002,50.040001,50.59,207900
2016-12-05,51.41,52.389999,51.09,51.77,500600
2016-12-06,52.130001,52.68,50.75,52.580002,426200
2016-12-07,52.540001,53.459999,51.740002,53.200001,325800
2016-12-08,53.549999,54.470001,52.540001,54.470001,479000
2016-12-09,54.369999,54.630001,53.509998,53.939999,363100
2016-12-12,54,55.09,53.52,54.290001,419500
2016-12-13,54.669998,54.959999,53.439999,53.5,360500
2016-12-14,53.290001,54.099998,52.240002,52.740002,291100
2016-12-15,52.740002,53.950001,52.740002,53.689999,393900
2016-12-16,53.689999,53.709999,52.919998,53.119999,763000
2016-12-19,53.43,54.27,53.07,53.779999,401500
2016-12-20,54.029999,54.740002,53.939999,54.59,189400
2016-12-21,54.48,54.880001,53.57,54.029999,197600
2016-12-22,54.099998,54.240002,53.509998,54.07,237700
2016-12-23,54.290001,55.02,54.18,54.970001,188500
2016-12-27,55.150002,55.700001,54.860001,55.669998,238600
2016-12-28,55.669998,55.849998,54.849998,55.080002,308000
2016-12-29,55.130001,55.73,54.599998,54.939999,299900
2016-12-30,55.200001,55.419998,54.330002,54.57,447000
2017-01-03,54.779999,55.849998,54.779999,55.619999,339400
2017-01-04,55.52,56,55.16,55.889999,451400
2017-01-05,55.59,55.889999,54.299999,54.470001,336200
2017-01-06,54.669998,55.040001,54.150002,54.32,271900
2017-01-09,54.220001,54.509998,53.810001,53.98,305400
2017-01-10,54.27,54.599998,54.02,54.48,457200
2017-01-11,54.330002,55.139999,54.110001,54.68,340900
2017-01-12,54.439999,54.77,53.880001,54.34,223500
2017-01-13,54.549999,55.299999,54.07,55.099998,216300
2017-01-17,55.09,55.209999,54.490002,54.560001,236900
2017-01-18,54.669998,55.459999,54.290001,55.380001,236400
2017-01-19,55.32,55.610001,54.919998,55.389999,185400
2017-01-20,55.290001,55.650002,54.73,54.91,284100
2017-01-23,54.790001,55.400002,53.82,53.84,353700
2017-01-24,54.080002,54.849998,54.080002,54.41,435600
2017-01-25,54.849998,55.700001,54.68,55.380001,352200
2017-01-26,55.23,55.529999,54.610001,55.009998,325200
2017-01-27,54.900002,55.02,54.369999,54.830002,213500
2017-01-30,54.459999,54.799999,53.810001,54.709999,267200
2017-01-31,54.59,55.369999,53.91,54.580002,467200
2017-02-01,54.639999,55.27,53.529999,53.810001,529700
2017-02-02,53.549999,55.130001,53.279999,54.540001,358400
2017-02-03,54.790001,55.709999,54.439999,55.68,280300
2017-02-06,55.060001,55.060001,50.720001,51.189999,1207200
2017-02-07,51.490002,51.689999,50.02,50.48,919900
2017-02-08,50.43,51.259998,50.220001,50.5,593500
2017-02-09,50.73,51.09,50.41,50.889999,608200
2017-02-10,48.98,50.450001,45.169998,45.490002,2817800
2017-02-13,45.27,45.720001,43.990002,44.279999,948100
2017-02-14,44.07,45.25,43.630001,44.599998,779200
2017-02-15,44.07,44.82,44,44.549999,586700
2017-02-16,44.5,45,44.310001,44.84,429000
2017-02-17,44.900002,45.029999,44.23,44.630001,481800
2017-02-21,44.560001,44.98,44.029999,44.540001,390100
2017-02-22,44.560001,44.959999,44,44.790001,267300
2017-02-23,44.68,44.790001,43.799999,44.509998,509600
2017-02-24,44.459999,44.73,44.040001,44.650002,308900
2017-02-27,44.630001,45.16,44.389999,44.990002,357300
2017-02-28,44.75,45.189999,44.009998,44.080002,525100
2017-03-01,44.66,45.439999,44.279999,44.790001,381500
2017-03-02,44.360001,44.709999,44.209999,44.259998,450500
2017-03-03,44.099998,45.049999,44.099998,44.82,464200
2017-03-06,44.459999,44.849998,44.060001,44.73,313100
2017-03-07,44.5,44.790001,44.240002,44.389999,297500
2017-03-08,44.41,45,44.110001,44.560001,386700
2017-03-09,44.630001,44.959999,44.16,44.860001,260200
2017-03-10,44.950001,45.130001,44.57,44.799999,324500
2017-03-13,44.549999,44.990002,44.540001,44.919998,413900
2017-03-14,44.630001,45.41,44.630001,45.169998,253200
2017-03-15,45.240002,46.950001,45.200001,46.669998,732900
2017-03-16,46.82,47.25,46.389999,46.849998,382000
2017-03-17,46.580002,47.450001,45.799999,47.16,831300
2017-03-20,47.139999,47.209999,45.810001,46.68,223300
2017-03-21,46.990002,47.360001,45.18,45.209999,280600
2017-03-22,45.200001,45.540001,44.619999,45.169998,226600
2017-03-23,45.110001,45.799999,44.950001,45.540001,269500
2017-03-24,45.599998,45.860001,45.110001,45.459999,236700
2017-03-27,45.060001,45.549999,44.27,45.310001,214100
2017-03-28,45.259998,45.77,44.599998,45.599998,237900
2017-03-29,45.549999,46.34,45.330002,46.119999,227500
2017-03-30,46.330002,46.66,46,46.599998,220300
2017-03-31,46.540001,46.939999,46.279999,46.75,276900
2017-04-03,46.610001,46.950001,45.459999,45.5,214800
2017-04-04,45.27,45.82,45.150002,45.619999,391400
2017-04-05,45.82,46,45.110001,45.169998,357900
2017-04-06,45.099998,45.25,44.459999,44.57,335000
2017-04-07,44.52,44.959999,44.380001,44.549999,364600
2017-04-10,44.470001,45.32,44.009998,44.66,263400
2017-04-11,44.48,44.759998,44.130001,44.369999,494300
2017-04-12,44.200001,44.5,43.810001,43.849998,248100
2017-04-13,43.720001,43.959999,42.959999,43.080002,470200
2017-04-17,43.200001,43.700001,43.099998,43.630001,329700
2017-04-18,43.619999,43.990002,43.529999,43.799999,336800
2017-04-19,43.779999,44.599998,43.779999,44.060001,586900
2017-04-20,44.18,44.599998,44.18,44.549999,477100
2017-04-21,44.549999,44.959999,44.18,44.619999,624500
2017-04-24,45.099998,45.099998,41.900002,41.950001,977500
2017-04-25,42.220001,43.57,42.18,43.029999,894600
2017-04-26,42.970001,43.860001,42.75,43.529999,813300
2017-04-27,43.580002,44.150002,43.23,43.41,413500
2017-04-28,43.580002,43.580002,41.549999,41.580002,720200
2017-05-01,41.619999,43.200001,41.619999,42.650002,1057600
2017-05-02,42.5,42.75,42.080002,42.470001,583900
2017-05-03,42.470001,42.470001,41.5,42.200001,714800
2017-05-04,37.509998,40,35.630001,37.419998,2240200
2017-05-05,37.349998,37.560001,35.77,36.060001,1134300
2017-05-08,35.959999,36.610001,35.509998,36.200001,711600
2017-05-09,36.310001,36.419998,35.009998,35.369999,840200
2017-05-10,35.290001,35.66,34.860001,35.43,744100
2017-05-11,35.369999,35.459999,34.700001,35.080002,504100
2017-05-12,35.080002,35.73,34.580002,34.990002,499600
2017-05-15,35,35.810001,35,35.509998,417100
2017-05-16,35.639999,35.98,35.259998,35.57,516300
2017-05-17,35.110001,35.599998,34.990002,35.349998,592700
2017-05-18,35.16,35.450001,34.259998,34.439999,885900
2017-05-19,34.43,35.16,34.029999,34.529999,507000
2017-05-22,34.669998,34.98,33.73,33.959999,940400
2017-05-23,33.98,33.990002,33.599998,33.77,369500
2017-05-24,33.880001,34.240002,33.560001,33.759998,693800
2017-05-25,33.950001,34.529999,33.759998,34.200001,671800
2017-05-26,34.200001,34.549999,34.060001,34.470001,271100
2017-05-30,34.48,34.52,34.259998,34.259998,251400
2017-05-31,34.380001,34.689999,33.740002,34.25,418000
2017-06-01,34.439999,34.66,33.970001,34.16,880000
2017-06-02,34.099998,34.380001,33.810001,33.93,766500
2017-06-05,33.84,34.16,33.669998,34.130001,198300
2017-06-06,33.959999,34.34,33.290001,33.75,511400
2017-06-07,33.779999,33.880001,33.369999,33.48,516100
2017-06-08,33.599998,34,33.349998,33.740002,335000
2017-06-09,33.73,34.02,33.259998,33.52,756100
2017-06-12,33.619999,33.73,33.360001,33.529999,562000
2017-06-13,33.57,33.799999,33.110001,33.41,337500
2017-06-14,33.439999,33.5,32.939999,33.41,341700
2017-06-15,33.07,33.540001,32.709999,33.360001,603000
2017-06-16,32.919998,33.360001,32.580002,33.349998,568500
2017-06-19,34.029999,34.029999,33.09,33.41,332500
2017-06-20,33.389999,33.400002,32.650002,32.959999,655400
2017-06-21,33.060001,33.060001,32.150002,32.240002,296800
2017-06-22,32.029999,32.98,31.559999,32.48,590800
2017-06-23,32.490002,33.209999,32.209999,33.080002,596700
2017-06-26,33.09,33.32,32.810001,32.93,212900
2017-06-27,32.900002,32.91,32.470001,32.48,306700
2017-06-28,32.720001,33.16,32.490002,33.09,270600
2017-06-29,33.139999,33.139999,32.450001,32.82,245800
2017-06-30,32.950001,33.07,32.52,32.860001,285600
2017-07-03,32.900002,33.32,32.740002,33.07,166800
2017-07-05,32.939999,32.939999,32.099998,32.669998,410900
2017-07-06,32.580002,33.009998,32.119999,32.880001,433100
2017-07-07,32.790001,32.91,32.450001,32.669998,309700
2017-07-10,32.630001,32.830002,32.099998,32.189999,317800
2017-07-11,32.310001,32.810001,32.09,32.75,196400
2017-07-12,32.759998,33.029999,32.43,32.5,280300
2017-07-13,32.330002,32.810001,32.310001,32.73,232100
2017-07-14,32.720001,32.919998,32.32,32.330002,163700
2017-07-17,32.380001,32.630001,31.879999,32.259998,348100
2017-07-18,32.23,32.349998,31.940001,31.969999,265000
2017-07-19,32.029999,32.369999,31.799999,31.879999,319400
2017-07-20,31.879999,32.110001,31.75,31.969999,218200
2017-07-21,32.189999,32.349998,31.290001,31.370001,450400
2017-07-24,31.360001,31.610001,30.51,30.52,323200
2017-07-25,30.629999,31,30.450001,30.799999,540800
2017-07-26,30.92,32.200001,30.790001,31.98,532400
2017-07-27,32.060001,32.380001,31.35,31.790001,397100
2017-07-28,31.65,31.950001,31.4,31.76,310300
2017-07-31,31.790001,31.790001,31.15,31.299999,592500
2017-08-01,31.549999,32.27,31.4,31.969999,397100
2017-08-02,32,32.490002,31.02,31.98,834700
2017-08-03,34.900002,34.900002,27.049999,27.540001,3385300
2017-08-04,27.549999,27.719999,26.469999,26.860001,928500
2017-08-07,26.93,27.360001,26.440001,26.74,533400
2017-08-08,26.73,27.09,26.25,26.77,546100
2017-08-09,26.719999,27.040001,26.15,26.620001,633000
2017-08-10,26.540001,26.6,25.870001,26,652700
2017-08-11,25.959999,26.16,25.9,26,371500
2017-08-14,26.200001,26.299999,25.940001,26.030001,269400
2017-08-15,26.049999,26.549999,25.809999,26.450001,263700
2017-08-16,26.59,26.940001,26.5,26.76,578900
2017-08-17,26.709999,26.889999,25.9,25.950001,732500
2017-08-18,25.780001,25.92,25.32,25.4,377300
2017-08-21,25.35,25.360001,24.91,25.139999,333600
2017-08-22,25.370001,26.139999,25.370001,25.83,883000
2017-08-23,25.76,25.82,25.190001,25.440001,466300
2017-08-24,25.450001,25.889999,25.35,25.370001,260600
2017-08-25,25.540001,25.74,25.280001,25.700001,273100
2017-08-28,25.709999,25.709999,25.290001,25.67,240200
2017-08-29,25.459999,25.9,25.360001,25.74,228500
2017-08-30,25.790001,25.940001,25.49,25.809999,309800
2017-08-31,25.84,26.049999,25.610001,25.98,295800
2017-09-01,25.950001,26.120001,25.559999,26.120001,320700
2017-09-05,26.07,26.389999,25.9,26.049999,302400
2017-09-06,26.059999,27.030001,26.01,26.91,453300
2017-09-07,26.860001,27.129999,26.389999,26.950001,380400
2017-09-08,26.85,27.26,26.610001,27,360400
2017-09-11,27.139999,27.82,27.059999,27.74,401000
2017-09-12,27.9,28.469999,27.709999,28.200001,451600
2017-09-13,28.1,28.24,27.74,27.959999,268700
2017-09-14,27.809999,27.809999,26.82,27.719999,459300
2017-09-15,27.77,28.290001,27.459999,28.280001,607600
2017-09-18,28.33,28.99,28.200001,28.559999,520000
2017-09-19,28.549999,28.690001,27.290001,28.450001,261900
2017-09-20,28.530001,29.01,28.379999,28.59,261800
2017-09-21,28.530001,29.17,28.34,29.110001,372100
2017-09-22,29.120001,29.389999,29.08,29.27,629500
2017-09-25,29.299999,29.48,25.110001,26.1,2476300
2017-09-26,24.84,25.860001,23.25,23.42,2446500
2017-09-27,23.389999,24.07,23.09,23.870001,854600
2017-09-28,23.93,24.219999,23.51,23.83,897300
2017-09-29,23.959999,23.959999,22.83,23.01,1010000
2017-10-02,23.110001,23.639999,23.059999,23.5,1018800
2017-10-03,23.559999,23.950001,23.450001,23.75,705600
2017-10-04,23.620001,23.940001,23.5,23.57,644400
2017-10-05,23.610001,24.620001,23.51,24.35,878800
2017-10-06,24.209999,24.75,24.209999,24.620001,348200
2017-10-09,24.620001,25.49,24.59,25.450001,590600
2017-10-10,25.440001,25.76,25.02,25.440001,362500
2017-10-11,25.440001,25.530001,24.139999,24.25,430200
2017-10-12,24.030001,24.41,24.01,24.25,379200
2017-10-13,24.41,24.58,24.16,24.18,260700
2017-10-16,24.35,24.59,23.559999,23.57,370300
2017-10-17,23.48,23.57,23.15,23.440001,363700
2017-10-18,23.51,23.98,23.469999,23.68,430700
2017-10-19,23.549999,23.84,23.040001,23.24,308100
2017-10-20,23.440001,24.07,23.07,23.780001,533300
2017-10-23,23.969999,23.969999,23.32,23.52,255400
2017-10-24,23.629999,23.82,23.459999,23.48,365400
2017-10-25,23.5,23.629999,22.83,23.33,443700
2017-10-26,23.4,23.52,22.99,23.01,242600
2017-10-27,23.25,23.26,22.66,23.059999,426100
2017-10-30,23.08,23.1,22.290001,22.68,507500
2017-10-31,22.690001,23.23,22.690001,22.9,401300
2017-11-01,23.01,23.110001,22.200001,22.58,275200
2017-11-02,22.639999,22.639999,18.26,18.469999,2352400
2017-11-03,20.110001,20.51,17.41,17.549999,2892100
2017-11-06,17.549999,17.870001,16.99,17.290001,1587400
2017-11-07,17.290001,17.58,16.639999,16.65,754200
2017-11-08,16.540001,17.65,16.110001,17.52,866400
2017-11-09,17.48,18.799999,17,18.190001,1429400
2017-11-10,18.120001,18.34,17,17.26,782600
2017-11-13,17.67,18.120001,16.690001,16.700001,2168200
2017-11-14,16.620001,17.17,16.379999,16.43,990000
2017-11-15,16.290001,16.76,15.8,16.26,968100
2017-11-16,16.25,17.040001,16.17,16.68,790000
2017-11-17,16.610001,17.33,16.59,16.99,555800
2017-11-20,16.91,17.18,16.82,16.91,534500
2017-11-21,16.98,17.780001,16.719999,17.73,797700
2017-11-22,17.690001,18.1,17.5,17.799999,405100
2017-11-24,17.9,18.030001,17.57,17.950001,180500
2017-11-27,17.91,17.959999,17.280001,17.51,353700
2017-11-28,17.610001,18.09,17.540001,18.01,614100
2017-11-29,18,19.049999,18,18.780001,473400
2017-11-30,18.799999,19.07,18.68,18.73,427700
2017-12-01,18.73,18.780001,17.870001,18.459999,404100
2017-12-04,18.629999,19.139999,18.549999,18.6,355300
2017-12-05,18.629999,18.74,17.82,17.969999,527500
2017-12-06,17.74,18.32,17.57,17.59,552800
2017-12-07,17.59,18.4,17.07,17.82,933900
2017-12-08,17.9,18.040001,17.57,17.65,339500
2017-12-11,17.879999,18.459999,17.35,18.309999,406500
2017-12-12,18.27,18.370001,17.48,17.52,337400
2017-12-13,17.43,18.110001,17.43,17.940001,440700
2017-12-14,17.99,18.16,17.870001,17.98,379200
2017-12-15,18.09,18.940001,17.9,18.74,1777800
2017-12-18,19.02,19.67,18.870001,19.32,410100
2017-12-19,19.32,19.5,18.92,18.950001,769900
2017-12-20,18.99,19.07,18.540001,18.65,195000
2017-12-21,18.719999,19.08,18.379999,18.43,335100
2017-12-22,18.360001,18.58,17.799999,17.889999,304100
2017-12-26,17.77,18.389999,17.66,18.049999,286700
2017-12-27,18.040001,18.360001,17.93,18.110001,214900
2017-12-28,18.16,18.610001,18,18.58,228600
2017-12-29,18.709999,18.82,18.34,18.52,270300
2018-01-02,18.67,20.290001,18.620001,20.25,1410500
2018-01-03,20.24,20.450001,19.9,20.16,860000
2018-01-04,20.25,20.49,20.040001,20.32,676100
2018-01-05,20.35,20.48,19.68,20.110001,538000
2018-01-08,20.120001,20.690001,19.42,20.58,695900
2018-01-09,20.610001,20.719999,20.32,20.709999,660100
2018-01-10,20.58,20.73,20.139999,20.65,466200
2018-01-11,20.66,21.790001,20.66,21.719999,481500
2018-01-12,21.780001,21.780001,21.440001,21.67,327100
2018-01-16,21.780001,22.41,21.700001,22.25,795500
2018-01-17,22.34,22.34,21.889999,22.200001,554700
2018-01-18,21.5,21.940001,21.299999,21.68,1487300
2018-01-19,21.620001,21.85,21.200001,21.719999,586800
2018-01-22,21.58,22.23,21.42,22.200001,2915200
2018-01-23,22.309999,23.09,21.950001,23.07,809800
2018-01-24,24,24.860001,23.139999,23.709999,1194600
2018-01-25,23.719999,24.120001,23.18,23.41,581000
2018-01-26,23.58,23.940001,23.26,23.93,812200
2018-01-29,23.889999,24.18,23.42,24.049999,729200
2018-01-30,23.719999,24.43,23.299999,24.360001,984800
2018-01-31,24.51,24.77,23.450001,24.459999,1431400
2018-02-01,24.379999,26.379999,24.309999,26.360001,1466800
2018-02-02,26.219999,26.219999,25.559999,25.66,1397200
2018-02-05,25.389999,25.58,24.940001,24.940001,1238300
2018-02-06,24.540001,25.360001,24.190001,25.17,1001500
2018-02-07,25.129999,25.219999,24.120001,24.25,789200
2018-02-08,24.25,24.620001,23.4,23.4,593800
2018-02-09,23.75,24.01,22.35,22.950001,733500
2018-02-12,23.049999,23.57,22.719999,23.379999,458500
2018-02-13,23.24,23.799999,22.879999,23.6,463100
2018-02-14,23.52,24.360001,22.75,24.34,598300
2018-02-15,24.530001,24.74,23.959999,24.309999,552600
2018-02-16,24.26,25.66,24.26,25.280001,745400
2018-02-20,25.07,25.219999,24.66,24.690001,915400
2018-02-21,23,24.93,22.35,23.41,2866100
2018-02-22,23.43,23.82,22.440001,22.469999,835700
2018-02-23,22.75,23.700001,22.02,23.360001,849500
2018-02-26,23.389999,23.91,22.82,23.75,582800
2018-02-27,23.6,24.17,23.110001,23.139999,542800
2018-02-28,23.25,23.530001,22.33,22.379999,605500
2018-03-01,22.459999,23.15,22.1,22.6,894000
2018-03-02,22.34,24.299999,22.34,24.040001,844500
2018-03-05,23.799999,24.469999,23.52,24.030001,712200
2018-03-06,24.280001,27.059999,23.33,26.77,1679800
2018-03-07,26.450001,27.059999,25.73,26.48,704800
2018-03-08,26.49,26.51,25.74,25.83,515000
2018-03-09,26.049999,27.24,25.73,26.799999,769600
2018-03-12,26.790001,27.120001,25.879999,26.5,703200
2018-03-13,26.629999,26.809999,26.299999,26.379999,728900
2018-03-14,26.530001,27.49,26.42,26.959999,671900
2018-03-15,26.98,27.24,26.58,26.92,374000
2018-03-16,27.049999,27.52,26.639999,27.42,786400
2018-03-19,27.24,27.24,25.83,26.25,353800
2018-03-20,26.41,26.530001,25.93,26.379999,236600
2018-03-21,26.379999,27.16,25.57,26.51,305000
2018-03-22,26.309999,26.51,25.719999,26.049999,420500
2018-03-23,26.129999,26.73,24.959999,25.01,547400
2018-03-26,25.549999,25.969999,24.59,24.959999,471200
2018-03-27,25.129999,25.129999,23.610001,23.709999,644100
2018-03-28,23.709999,23.84,22.16,22.58,761200
2018-03-29,22.65,22.799999,22.049999,22.309999,533800
2018-04-02,22.32,22.66,21.83,21.91,536500
2018-04-03,22.290001,23,22.049999,22.57,435700
2018-04-04,22.200001,23.200001,22.200001,22.9,594200
2018-04-05,23.120001,23.200001,22.43,22.790001,371000
2018-04-06,22.540001,23.030001,21.1,21.32,525500
2018-04-09,21.42,21.690001,20.780001,20.85,400500
2018-04-10,21.110001,22.23,21.110001,22.15,496400
2018-04-11,22.030001,23.639999,22.030001,23.309999,1588700
2018-04-12,23.24,23.76,22.950001,23.700001,559700
2018-04-13,23.870001,24.450001,23.700001,24.02,602000
2018-04-16,24.41,24.68,24.219999,24.6,248500
2018-04-17,24.68,25.08,24.52,25.01,274900
2018-04-18,25.049999,26.049999,25.049999,25.74,369000
2018-04-19,25.559999,26,25.42,25.540001,281800
2018-04-20,25.43,26.110001,24.98,25.02,750000
2018-04-23,25.129999,26,24.870001,25.49,245100
2018-04-24,25.66,26.08,25.389999,25.610001,266700
2018-04-25,25.67,26.110001,25.299999,25.879999,384000
2018-04-26,25.870001,26.23,25.43,26.049999,394500
2018-04-27,26.129999,26.23,25.629999,26.040001,394700
2018-04-30,26.08,26.67,26.08,26.25,384900
2018-05-01,26.370001,26.370001,25.629999,25.98,557700
2018-05-02,26.01,26.33,24.98,25.02,777900
2018-05-03,24.940001,25.809999,24.620001,25.629999,553100
2018-05-04,27.98,30.25,27.190001,28.51,1358900
2018-05-07,28.860001,31.02,28.709999,29.719999,908000
2018-05-08,29.719999,30.6,29.700001,30.290001,799800
2018-05-09,30.58,30.610001,30.01,30.33,703600
2018-05-10,30.549999,31.57,30.42,31.52,699900
2018-05-11,31.450001,31.6,28.370001,28.74,640900
2018-05-14,28.75,29.780001,28.75,29.450001,365300
2018-05-15,29.290001,29.92,29.030001,29.43,417700
2018-05-16,29.48,29.709999,29.09,29.26,445700
2018-05-17,29.290001,29.780001,29.17,29.709999,422800
2018-05-18,29.700001,29.700001,28.68,28.73,359200
2018-05-21,28.969999,29.16,28.540001,28.6,271200
2018-05-22,28.639999,28.75,27.969999,27.969999,330900
2018-05-23,27.83,28.309999,27.379999,27.48,380000
2018-05-24,27.370001,27.6,26.93,27.41,399500
2018-05-25,27.25,27.33,26.639999,27.040001,256200
2018-05-29,26.889999,27.27,26.709999,26.879999,304100
2018-05-30,26.91,26.98,25.809999,26.530001,533100
2018-05-31,26.459999,26.68,25.620001,25.66,668000
2018-06-01,25.91,26.42,25.5,25.610001,512300
2018-06-04,25.629999,26.360001,25.610001,26,675800
2018-06-05,26.129999,26.83,25.42,26.799999,521200
2018-06-06,26.799999,27.540001,26.799999,27.52,344700
2018-06-07,27.51,27.65,26.24,26.27,441600
2018-06-08,26.190001,28.440001,25.559999,25.620001,405800
2018-06-11,25.690001,25.93,25.18,25.209999,227300
2018-06-12,25.360001,26.299999,25.040001,25.530001,523600
2018-06-13,25.5,26.209999,23.620001,23.709999,743600
2018-06-14,23.91,25.309999,23.879999,24.91,656000
2018-06-15,24.76,25.01,23.48,23.85,754500
2018-06-18,23.67,24.93,23.67,24.49,419300
2018-06-19,24.219999,25.200001,24.17,24.940001,532300
2018-06-20,25.07,25.610001,24.75,25.34,424900
2018-06-21,25.43,26.25,24.84,26.01,463900
2018-06-22,26.15,27.030001,25.950001,26.040001,1189500
2018-06-25,26.040001,26.5,25.040001,25.129999,423100
2018-06-26,25.139999,25.290001,24.33,25.02,393500
2018-06-27,25.09,25.1,24.57,24.58,306000
2018-06-28,24.52,25.08,24.139999,24.92,390200
2018-06-29,25.01,25.209999,24.17,24.18,330000
2018-07-02,24.059999,24.860001,23.75,24.790001,433700
2018-07-03,24.92,25.219999,24.610001,24.83,142300
2018-07-05,24.92,25.43,24.9,25.41,248400
2018-07-06,25.42,26.370001,25.42,26.33,209300
2018-07-09,26.41,26.719999,26.24,26.57,363600
2018-07-10,26.5,27.09,26.440001,26.790001,343000
2018-07-11,26.58,26.99,26.42,26.610001,208600
2018-07-12,26.82,26.98,26.200001,26.42,185400
2018-07-13,26.41,26.559999,25.469999,26.280001,225800
2018-07-16,26.16,26.870001,25.77,26.58,379700
2018-07-17,27.51,28.26,26.83,27.92,723700
2018-07-18,27.76,28.24,26.65,27.1,380000
2018-07-19,27.059999,27.18,26.49,26.889999,362900
2018-07-20,26.959999,26.959999,26.440001,26.719999,263200
2018-07-23,26.709999,26.860001,26.280001,26.690001,194200
2018-07-24,26.889999,26.91,25.93,26.08,172000
2018-07-25,26.17,26.459999,25.77,26.1,196800
2018-07-26,26.040001,26.57,25.76,26.370001,215100
2018-07-27,26.33,26.530001,24.870001,24.91,238900
2018-07-30,24.85,25.32,24.700001,24.76,319300
2018-07-31,24.879999,25.360001,24.379999,25.32,387100
2018-08-01,25.110001,25.299999,24.469999,24.719999,486000
2018-08-02,24.43,24.73,23.9,23.959999,517100
2018-08-03,28.610001,32.330002,27.700001,30.200001,2668900
2018-08-06,30.379999,32.209999,30.299999,31.709999,883600
2018-08-07,31.9,31.9,29.870001,30.15,574100
2018-08-08,30.18,30.610001,29.43,30.41,355600
2018-08-09,30.530001,31.34,30.129999,30.360001,308100
2018-08-10,30,30.6,30,30.27,223600
2018-08-13,30.790001,30.799999,29.65,30.17,428100
2018-08-14,30.35,31.860001,30.190001,31.84,417500
2018-08-15,31.860001,33.619999,31.76,32.830002,819500
2018-08-16,33.110001,34.360001,32.889999,34.150002,1783700
2018-08-17,34.150002,37.48,34.150002,37.169998,914200
2018-08-20,37.18,37.869999,35.84,36.389999,1083900
2018-08-21,36.59,37.380001,35.93,37.290001,448600
2018-08-22,37.25,38.150002,36.720001,38,331100
2018-08-23,37.900002,38.380001,37.41,38.16,314500
2018-08-24,38.369999,39.099998,37.77,37.990002,283900
2018-08-27,38.23,38.540001,37.439999,37.580002,348300
2018-08-28,37.91,38.09,36.5,36.580002,407200
2018-08-29,36.48,37.259998,35.75,36.099998,453900
2018-08-30,36.009998,36.700001,35.52,35.830002,249600
2018-08-31,35.619999,35.669998,34.66,35.09,448200
2018-09-04,35.07,35.07,34.07,34.189999,516200
2018-09-05,34.040001,34.490002,33.41,34.119999,389200
2018-09-06,34.220001,34.52,33.490002,33.650002,362800
2018-09-07,33.740002,33.799999,33.369999,33.57,291800
2018-09-10,33.82,34.099998,33.310001,33.540001,595100
2018-09-11,33.349998,33.639999,32.91,33.279999,438200
2018-09-12,33.330002,33.610001,32.73,33.27,337700
2018-09-13,33.330002,33.330002,31.469999,31.84,835600
2018-09-14,31.74,31.93,31.15,31.370001,660800
2018-09-17,31.190001,31.719999,30.790001,31.209999,677200
2018-09-18,31.209999,32.849998,30.82,32.220001,612400
2018-09-19,32.130001,32.25,31.15,31.860001,568900
2018-09-20,32.110001,32.779999,31.34,31.9,639100
2018-09-21,31.790001,32.439999,31.459999,31.940001,2623700
2018-09-24,31.950001,33.200001,31.25,33.119999,696100
2018-09-25,33.220001,33.419998,32.52,32.900002,534500
2018-09-26,33,33.25,32.419998,32.540001,311900
2018-09-27,32.650002,32.799999,31.67,32.18,399200
2018-09-28,32.119999,32.5,31.549999,31.639999,353400
2018-10-01,31.73,32.52,31.469999,31.610001,282300
2018-10-02,31.450001,31.940001,31.200001,31.360001,285400
2018-10-03,31.42,32.52,30.959999,32.209999,504900
2018-10-04,32.040001,32.040001,31.43,31.629999,208100
2018-10-05,31.700001,32.740002,31.219999,32.459999,407800
2018-10-08,32.5,33.220001,32.110001,32.91,338100
2018-10-09,33.07,34.509998,33.07,34.200001,526700
2018-10-10,34.130001,34.52,32.130001,32.599998,549900
2018-10-11,32.57,33.040001,31.32,32.080002,530900
2018-10-12,32.650002,32.790001,32.119999,32.490002,521500
2018-10-15,32.540001,32.82,30.549999,30.58,657300
2018-10-16,30.700001,32.040001,30,31.889999,388300
2018-10-17,31.76,32.279999,31.559999,31.809999,868600
2018-10-18,31.780001,31.98,29.5,29.540001,469400
2018-10-19,29.43,30.290001,28.24,28.440001,718500
2018-10-22,28.379999,29.85,28.379999,28.66,376200
2018-10-23,28.190001,29.190001,27.65,28.860001,384100
2018-10-24,28.860001,29.120001,26.610001,26.719999,720600
2018-10-25,26.98,27.809999,26.719999,27.280001,408200
2018-10-26,26.75,27.469999,26.25,26.66,329100
2018-10-29,27.09,27.43,25.16,25.57,358700
2018-10-30,25.59,26.66,25.549999,26.559999,545200
2018-10-31,26.940001,27.790001,26.540001,27.16,392800
2018-11-01,27.299999,28.43,27.299999,27.76,898900
2018-11-02,34,34.669998,31.59,33.959999,2369100
2018-11-05,34.130001,34.130001,32.349998,33.110001,791600
2018-11-06,32.860001,34.34,32.549999,34.099998,563700
2018-11-07,34.110001,35.84,33.700001,35.759998,509300
2018-11-08,35.360001,36.049999,34.790001,35.740002,480600
2018-11-09,35.549999,36.389999,35.16,36.049999,544000
2018-11-12,35.720001,36.380001,32.48,32.540001,685400
2018-11-13,32.779999,33.630001,32.650002,33.060001,656300
2018-11-14,33.369999,33.84,32.470001,33.02,532800
2018-11-15,33.110001,34.560001,32.59,33.93,452600
2018-11-16,33.669998,34.299999,33.310001,34.279999,316300
2018-11-19,34.330002,34.52,32.119999,32.18,333100
2018-11-20,31.549999,32.240002,30.24,30.299999,533900
2018-11-21,30.57,31.66,30.1,31.209999,347200
2018-11-23,30.940001,31.450001,30.639999,30.77,88800
2018-11-26,31.129999,31.549999,30.610001,31.200001,307200
2018-11-27,30.969999,31.58,30.6,31.549999,334500
2018-11-28,31.82,32.970001,30.85,32.779999,342700
2018-11-29,32.439999,32.439999,31.41,31.6,335300
2018-11-30,31.6,32.610001,30.82,32.439999,764500
2018-12-03,33.349998,33.68,29.469999,29.74,579700
2018-12-04,29.559999,30.719999,29.290001,29.379999,452900
2018-12-06,29,30.139999,28.01,30.049999,529100
2018-12-07,30.049999,30.68,29.059999,30.299999,326200
2018-12-10,30.17,30.73,29.690001,30.24,293300
2018-12-11,30.6,31.15,30.450001,30.809999,293100
2018-12-12,31.09,32.700001,31.09,32.59,571600
2018-12-13,32.549999,32.91,29.469999,29.540001,604800
2018-12-14,29.280001,29.66,27.15,27.450001,612400
2018-12-17,27.48,27.73,25.25,25.41,743100
2018-12-18,26,27.379999,25.5,27.07,573800
2018-12-19,27.02,28.549999,26.9,27.190001,402100
2018-12-20,26.99,27.799999,26.33,27.07,316900
2018-12-21,27.110001,27.110001,24.65,24.85,1356100
2018-12-24,24.549999,24.99,23.870001,23.879999,235700
2018-12-26,24.030001,25.370001,23.57,25.33,422900
2018-12-27,24.99,26.32,24.41,25.6,404300
2018-12-28,25.75,26.059999,25.15,25.389999,290700
2018-12-31,25.639999,26.129999,24.76,26,296400
2019-01-02,25.469999,26.309999,25.190001,25.52,416300
2019-01-03,25.370001,26.290001,24.950001,25.190001,291700
2019-01-04,25.26,27.08,25.26,26.93,272400
2019-01-07,26.92,28.709999,26.92,28.379999,465700
2019-01-08,28.700001,29.549999,28.309999,29.540001,398800
2019-01-09,29.610001,30.610001,29.1,30.370001,660000
2019-01-10,30.02,30.9,29.709999,30.860001,238100
2019-01-11,30.51,30.700001,29.059999,30.559999,211600
2019-01-14,30.35,30.620001,29.77,29.84,218000
2019-01-15,29.860001,30.360001,29.299999,29.889999,250600
2019-01-16,30.110001,30.540001,28.959999,29.139999,394300
2019-01-17,29.030001,29.73,29.030001,29.5,469100
2019-01-18,29.51,30.360001,29.389999,30.33,326900
2019-01-22,29.969999,30.16,28.35,29.1,300600
2019-01-23,29.309999,30.15,29.309999,29.4,223600
2019-01-24,29.4,30.139999,29.290001,29.76,151100
2019-01-25,30.08,30.9,29.809999,30.77,271200
2019-01-28,30.27,30.93,30.17,30.719999,229000
2019-01-29,30.709999,30.709999,27.610001,27.790001,312000
2019-01-30,28.049999,28.68,27.370001,28.559999,239200
2019-01-31,28.52,28.530001,26.870001,27.07,530200
2019-02-01,27.01,27.389999,26.030001,26.27,362200
2019-02-04,26.219999,27.01,25.91,27.01,305400
2019-02-05,27.030001,27.610001,26.9,27.49,286400
2019-02-06,27.34,27.530001,26.84,26.98,260100
2019-02-07,26.690001,27.27,25.700001,26.110001,277700
2019-02-08,25.889999,26.530001,25.82,26.290001,203700
2019-02-11,26.52,27.76,26.25,27.549999,427300
2019-02-12,27.84,28.27,27.540001,28.17,399900
2019-02-13,28.200001,29.110001,28.200001,28.42,387900
2019-02-14,28.280001,28.559999,27.98,28.07,514600
2019-02-15,28.209999,28.540001,27.91,27.99,438900
2019-02-19,27.959999,28.379999,25.709999,26.120001,643800
2019-02-20,26.1,27.27,26,27.1,530800
2019-02-21,27.030001,27.18,25.83,25.99,484000
2019-02-22,28.99,32.43,28.59,31.25,2234500
2019-02-25,31.48,31.860001,30.25,31.700001,724100
2019-02-26,31.549999,31.790001,29.99,30.120001,615800
2019-02-27,29.950001,30.879999,29.530001,30.4,387600
2019-02-28,30.360001,30.57,29.440001,29.51,359500
2019-03-01,29.809999,30.959999,29.73,30.33,415100
2019-03-04,30.469999,30.620001,29.68,30.09,274700
2019-03-05,29.959999,30.49,29.879999,30.18,194400
2019-03-06,30.08,30.190001,28.9,28.91,324400
2019-03-07,28.950001,29.52,28.700001,29.15,243600
2019-03-08,28.76,29.51,28.209999,29.35,195200
2019-03-11,29.59,30.33,29.42,30.15,235000
2019-03-12,30.23,31.01,30.139999,30.76,196700
2019-03-13,30.85,31.92,29.4,31.559999,297500
2019-03-14,31.540001,32.150002,31.07,31.99,243300
2019-03-15,31.969999,32.110001,31.41,31.57,511800
2019-03-18,31.540001,32.790001,31.540001,32.630001,243000
2019-03-19,32.759998,34.400002,32.759998,33.380001,546900
2019-03-20,33.259998,33.619999,32.380001,32.880001,284400
2019-03-21,32.720001,34.189999,32.720001,34.150002,355700
2019-03-22,33.790001,34.740002,33.790001,34.349998,402200
2019-03-25,34.330002,34.720001,33.73,34.25,298900
2019-03-26,34.66,35.150002,32.950001,33.939999,296100
2019-03-27,34.560001,35.41,34.330002,35.209999,622900
2019-03-28,35.560001,35.950001,34.73,35.16,361400
2019-03-29,35.549999,35.799999,34.900002,35.580002,361600
2019-04-01,35.84,37.41,35.75,37.369999,363900
2019-04-02,37.220001,37.220001,35.650002,35.77,301800
2019-04-03,36.209999,36.349998,35.450001,35.459999,299500
2019-04-04,35.549999,35.759998,34.650002,34.869999,179800
2019-04-05,34.950001,36,34.950001,35.860001,188000
2019-04-08,35.709999,35.880001,34.919998,35.599998,201500
2019-04-09,35.380001,36.16,35.16,35.389999,190500
2019-04-10,35.509998,35.639999,34.93,35.200001,321400
2019-04-11,35.259998,35.380001,34.52,34.849998,174800
2019-04-12,35.119999,35.330002,34.799999,35.009998,121900
2019-04-15,35.110001,35.459999,34.57,34.860001,154000
2019-04-16,35.099998,35.240002,34.200001,34.82,192600
2019-04-17,35.16,35.619999,34.689999,35.580002,325100
2019-04-18,35.389999,35.82,33.200001,33.43,246700
2019-04-22,33.310001,34.52,33.310001,34.400002,397000
2019-04-23,34.27,35.939999,34.27,35.599998,358300
2019-04-24,35.73,35.75,34.98,35.540001,206100
2019-04-25,35.52,35.810001,35.130001,35.57,262400
2019-04-26,35.5,35.799999,34.810001,34.959999,193000
2019-04-29,35.150002,35.849998,34.849998,35.73,185900
2019-04-30,35.669998,36.25,34.990002,35.759998,242000
2019-05-01,35.73,36.119999,35.119999,35.580002,569900
2019-05-02,35.580002,36.040001,34.279999,35.41,413600
2019-05-03,35.759998,36.099998,31.040001,34.919998,828600
2019-05-06,34.459999,36.150002,33.919998,34.009998,399700
2019-05-07,33.720001,34.759998,33.299999,34.599998,304900
2019-05-08,34.41,35.5,34.41,35.290001,243700
2019-05-09,34.919998,35.23,33.98,34.950001,299700
2019-05-10,34.700001,35.09,33.98,35,203100
2019-05-13,34.189999,34.330002,32.700001,32.889999,272900
2019-05-14,33.150002,34.25,33.080002,33.82,282800
2019-05-15,33.470001,34.43,33.470001,34.23,177800
2019-05-16,34.25,34.689999,33.529999,33.630001,286500
2019-05-17,33.209999,33.84,32.919998,33.07,235200
2019-05-20,32.849998,33.240002,32.490002,33.200001,157100
2019-05-21,33.529999,33.939999,33.310001,33.400002,264000
2019-05-22,33.220001,33.549999,32.939999,33.110001,150300
2019-05-23,32.720001,32.720001,31.870001,32.099998,255300
2019-05-24,32.380001,34.209999,32.380001,33.52,250700
2019-05-28,33.580002,34.150002,30.530001,30.83,985100
2019-05-29,30.379999,30.48,29.43,30.4,681500
2019-05-30,30.48,30.950001,29.42,29.83,333400
2019-05-31,29.709999,30.67,29.049999,30.200001,444100
2019-06-03,30.07,30.24,29.52,29.809999,397700
2019-06-04,30.27,30.629999,29.709999,30.559999,450200
2019-06-05,30.700001,30.860001,29.59,30.049999,321000
2019-06-06,29.93,30.629999,29.700001,30.379999,212100
2019-06-07,30.620001,31.059999,30.209999,30.379999,266800
2019-06-10,30.52,30.870001,29.860001,29.91,338900
2019-06-11,30.24,30.83,29.68,29.75,390000
2019-06-12,29.65,30.01,28.4,28.629999,543800
2019-06-13,28.82,29.25,28.23,28.48,1029900
2019-06-14,28.639999,28.799999,28,28.120001,621000
2019-06-17,27.91,28.57,27.690001,28.01,957400
2019-06-18,28.17,29.33,28.01,28.93,485100
2019-06-19,29.120001,29.120001,27.74,28.299999,422300
2019-06-20,28.67,28.85,27.549999,27.559999,306500
2019-06-21,27.48,27.610001,26.889999,27.049999,580300
2019-06-24,26.959999,27.15,26.16,26.76,568300
2019-06-25,26.82,27.76,26.440001,26.799999,603000
2019-06-26,27,27.82,26.76,26.809999,414600
2019-06-27,27.040001,27.389999,26.33,26.82,398800
2019-06-28,26.85,27.530001,26.6,27.32,403300
2019-07-01,27.709999,27.9,27.1,27.610001,341700
2019-07-02,27.540001,27.809999,27.01,27.709999,769700
2019-07-03,27.889999,28.709999,27.85,28.35,383700
2019-07-05,27.940001,28.360001,27.57,28.08,1127800
2019-07-08,27.99,28.9,27.83,28.52,572900
2019-07-09,28.34,28.92,28.299999,28.690001,307700
2019-07-10,28.940001,29.139999,28.51,28.59,361000
2019-07-11,28.709999,28.889999,27.68,27.860001,241600
2019-07-12,27.98,28.389999,27.469999,28.35,250700
2019-07-15,28.49,28.58,27.99,28.110001,235000
2019-07-16,28.190001,28.4,27.73,28,292300
2019-07-17,27.91,28.15,27.459999,27.459999,281600
2019-07-18,27.51,28.290001,27.23,28.23,464100
2019-07-19,28.09,28.66,27.959999,28.16,351800
2019-07-22,28.26,29.18,28.24,29,529200
2019-07-23,29.209999,29.34,28.73,29.27,412200
2019-07-24,29.200001,29.51,27.870001,28.610001,470500
2019-07-25,28.68,29.1,27.98,28,406200
2019-07-26,28.09,28.91,28.040001,28.74,304800
2019-07-29,28.629999,28.91,28,28.290001,371800
2019-07-30,28.02,29.040001,27.940001,28.93,349600
2019-07-31,29.08,29.52,28.360001,28.48,525400
2019-08-01,28.469999,30.040001,28.469999,30.02,793500
2019-08-02,36.98,37.310001,31.889999,33.119999,2120100
2019-08-05,32.169998,33.810001,31.389999,33.650002,1084300
2019-08-06,34.049999,34.09,33.009998,33.25,548500
2019-08-07,32.82,33.959999,32.490002,32.869999,475700
2019-08-08,33.119999,33.509998,32.759998,33.130001,386700
2019-08-09,32.93,33.43,31.959999,32.18,458500
2019-08-12,31.85,32.509998,31.43,31.440001,509700
2019-08-13,31.25,32.150002,30.59,30.620001,473500
2019-08-14,30.18,30.5,28.889999,28.9,713700
2019-08-15,28.91,30.01,27.51,27.52,785400
2019-08-16,27.67,28.02,26.83,26.99,815700
2019-08-19,27.360001,28.66,27.360001,28.09,673300
2019-08-20,27.950001,28.51,27.75,27.780001,484000
2019-08-21,28,28.91,27.83,28.75,552600
2019-08-22,28.91,29.15,28.360001,29.07,371400
2019-08-23,28.85,29.610001,28.02,28.48,685200
2019-08-26,28.780001,29.389999,28.66,28.74,280900
2019-08-27,28.83,29.26,28.52,29,416700
2019-08-28,29.059999,29.25,28.48,29.030001,283700
2019-08-29,28.99,29.77,28,29.68,465000
2019-08-30,29.889999,30.040001,29.33,29.620001,279400
2019-09-03,29.440001,29.91,28.48,28.5,565100
2019-09-04,28.690001,29.059999,28.280001,28.9,368400
2019-09-05,29.32,29.690001,28.77,29.18,401400
2019-09-06,29.200001,29.9,28.83,29.879999,399000
2019-09-09,29.969999,30.41,29.91,30.309999,393200
2019-09-10,30.200001,31.370001,29.540001,31.309999,600500
2019-09-11,31.299999,31.93,30.940001,31.9,479200
2019-09-12,31.860001,32.599998,31.49,31.530001,498500
2019-09-13,31.440001,31.799999,31.049999,31.33,344400
2019-09-16,31.200001,31.530001,30.01,30.040001,436100
2019-09-17,30.040001,30.379999,29.9,30.1,276100
2019-09-18,30.27,30.530001,29.709999,30.040001,385400
2019-09-19,30.110001,30.969999,29.790001,30.6,261200
2019-09-20,30.549999,30.9,29.860001,30.139999,590100
2019-09-23,30.139999,31.48,30,31.34,537500
2019-09-24,31.360001,31.440001,29.459999,29.870001,573400
2019-09-25,29.76,30.82,29.76,30.709999,321500
2019-09-26,30.610001,30.84,30.309999,30.700001,171700
2019-09-27,30.870001,31.17,29.76,29.809999,441400
2019-09-30,29.75,30.48,29.75,30.24,343500
2019-10-01,30.370001,31.17,29.950001,30.26,430900
2019-10-02,30.01,30.190001,28.959999,29.559999,433200
2019-10-03,29.52,30.110001,29.219999,29.91,264300
2019-10-04,29.85,30.41,29.67,30.35,245200
2019-10-07,30.139999,30.48,29.809999,29.959999,234900
2019-10-08,29.66,29.68,28.68,28.74,387500
2019-10-09,28.9,30.09,28.040001,29.92,336000
2019-10-10,30.049999,30.389999,29.790001,30.030001,217100
2019-10-11,30.5,31.389999,30.07,31.049999,307900
2019-10-14,30.860001,31.4,30.860001,31.360001,132500
2019-10-15,31.469999,32.380001,31.09,32.130001,387000
2019-10-16,32.130001,32.73,31.879999,32.669998,233900
2019-10-17,32.75,32.91,32.43,32.880001,279000
2019-10-18,32.66,32.77,32.110001,32.450001,180700
2019-10-21,32.810001,33,32.169998,32.639999,246600
2019-10-22,32.619999,33.150002,32.48,32.93,527900
2019-10-23,32.950001,34.5,32.490002,34.450001,426500
2019-10-24,34.5,34.73,33.900002,34.25,314200
2019-10-25,34.130001,34.66,33.860001,34.560001,317100
2019-10-28,34.790001,35.810001,34.689999,35.799999,665600
2019-10-29,35.59,36.16,35.59,35.82,590000
2019-10-30,35.970001,36.700001,33.459999,36.700001,1086000
2019-10-31,37.810001,38,33.720001,34.259998,2573000
2019-11-01,34.759998,37.040001,34.509998,35.860001,1261700
2019-11-04,36.099998,37.27,35.84,36.990002,638500
2019-11-05,37.16,37.860001,36.799999,37.5,942300
2019-11-06,37.5,38.689999,37.099998,38.490002,637600
2019-11-07,38.799999,39.189999,38.41,38.759998,511000
2019-11-08,38.59,39.700001,38.490002,39.639999,556600
2019-11-11,39.43,40.259998,39.189999,39.59,372700
2019-11-12,39.630001,40.32,39.509998,40.119999,295900
2019-11-13,39.73,40.5,39.73,40.400002,339300
2019-11-14,40.259998,40.810001,39.889999,39.919998,371500
2019-11-15,40.189999,40.75,39.939999,40.599998,362500
2019-11-18,40.400002,41.240002,40.07,41.220001,311500
2019-11-19,41.48,42.389999,41.009998,41.380001,690600
2019-11-20,41.41,41.779999,40.32,40.720001,321600
2019-11-21,42.040001,42.209999,41.139999,41.470001,535200
2019-11-22,41.52,43.119999,41.52,42.93,379900
2019-11-25,43,43.689999,42.82,42.93,787300
2019-11-26,42.970001,43.200001,42.48,42.599998,508600
2019-11-27,42.790001,43.09,42.459999,42.759998,346400
2019-11-29,42.610001,42.790001,41.939999,42.220001,139000
2019-12-02,42.439999,42.450001,41.029999,41.18,387400
2019-12-03,40.459999,40.939999,39.810001,40.889999,445400
2019-12-04,41.27,42.369999,41.259998,42.060001,461900
2019-12-05,42.189999,42.189999,40.07,40.330002,305700
2019-12-06,40.66,41.330002,40.66,41.07,251900
2019-12-09,40.880001,41,40.349998,40.439999,193100
2019-12-10,40.27,40.799999,40.080002,40.380001,240700
2019-12-11,40.34,40.75,39.880001,39.919998,190500
2019-12-12,39.959999,41.060001,39.470001,40.889999,401300
2019-12-13,40.900002,42.049999,40.75,41.450001,262700
2019-12-16,41.84,42.200001,41.130001,41.66,493700
2019-12-17,41.759998,42.23,41.43,41.720001,664500
2019-12-18,41.860001,42.299999,41.5,42.23,320600
2019-12-19,42.459999,42.84,42.150002,42.360001,396400
2019-12-20,42.610001,43.060001,41.91,42.75,1011000
2019-12-23,43.040001,43.470001,42.650002,43.310001,637600
2019-12-24,43.32,43.34,42.810001,42.93,166300
2019-12-26,42.939999,43.610001,42.509998,43.59,306800
2019-12-27,43.709999,43.759998,43.009998,43.669998,198900
2019-12-30,43.75,44.02,43.41,43.759998,306200
2019-12-31,43.540001,44.720001,43.540001,44.650002,543700
2020-01-02,45,45.16,43.630001,43.860001,452200
2020-01-03,43.189999,43.790001,40.919998,43.529999,684500
2020-01-06,43.029999,44.080002,42.599998,43.709999,717900
2020-01-07,43.669998,43.669998,42.380001,42.450001,285800
2020-01-08,42.41,42.939999,42.200001,42.73,240900
2020-01-09,42.869999,43.330002,42.59,43.240002,282600
2020-01-10,43.279999,43.849998,42.860001,43.59,512800
2020-01-13,43.779999,44.84,43.41,44.810001,327900
2020-01-14,44.59,45.619999,44.060001,45.549999,671200
2020-01-15,45.32,46.490002,45.110001,45.919998,518900
2020-01-16,46.200001,46.650002,45.689999,46.52,618400
2020-01-17,46.630001,47.07,45.66,46.939999,619500
2020-01-21,46.32,47.369999,46.25,46.349998,801300
2020-01-22,46.580002,47.41,46.259998,46.549999,807100
2020-01-23,46.459999,46.459999,45.330002,46.119999,343400
2020-01-24,46.169998,46.75,45.549999,45.709999,545800
2020-01-27,44.66,45.84,43.759998,45.169998,425600
2020-01-28,45.459999,46.529999,45.349998,45.970001,250100
2020-01-29,46.169998,46.299999,45.16,45.720001,282800
2020-01-30,45.240002,46.349998,44.580002,46.029999,440400
2020-01-31,45.720001,46.060001,44.919998,45,726100
2020-02-03,45.330002,46.09,44.049999,44.540001,410100
2020-02-04,45.27,45.810001,45.029999,45.490002,283100
2020-02-05,46.110001,46.259998,45.299999,45.720001,244400
2020-02-06,45.900002,45.98,45.360001,45.66,399000
2020-02-07,45.48,45.540001,44.189999,44.32,305700
2020-02-10,44.259998,45.07,44.060001,45.07,200900
2020-02-11,45.27,45.68,44.849998,45.279999,347500
2020-02-12,45.66,45.66,43.619999,43.740002,314700
2020-02-13,43.349998,43.900002,42.73,42.860001,282500
2020-02-14,42.900002,42.950001,42.110001,42.389999,542600
2020-02-18,42.18,42.77,41.490002,41.490002,388200
2020-02-19,41.66,42.84,41.150002,42.689999,570000
2020-02-20,42.650002,42.970001,41.25,41.970001,747800
2020-02-21,42.369999,43.139999,37.990002,38.509998,1709000
2020-02-24,37,38.630001,36.580002,38.150002,682900
2020-02-25,38.419998,38.580002,37.740002,38.290001,678000
2020-02-26,38.400002,39.389999,38.009998,38.220001,908300
2020-02-27,37.27,38.380001,36.5,37.009998,714800
2020-02-28,36.009998,36.939999,35.25,36.27,978700
2020-03-02,36.48,36.799999,34.34,35,704400
2020-03-03,34.93,36.349998,32.419998,33.200001,835600
2020-03-04,33.709999,34.509998,32.799999,34.419998,487500
2020-03-05,33.59,35.380001,33.279999,35.34,964200
2020-03-06,34.48,36.380001,33.470001,36.27,1123900
2020-03-09,34.18,35,32.470001,32.509998,1030000
2020-03-10,33.52,34.560001,32.169998,33.259998,789000
2020-03-11,32.630001,32.990002,29.91,30.700001,685600
2020-03-12,29.049999,30.049999,27.200001,27.32,945100
2020-03-13,27.73,28.65,24.51,25.92,681200
2020-03-16,23.450001,24.01,22.23,23.15,827200
2020-03-17,23.549999,26.4,21.860001,26.07,1304400
2020-03-18,24.549999,25.74,21.68,23.469999,848800
2020-03-19,23.35,28.200001,22.41,27.75,1089900
2020-03-20,27.379999,28.059999,22.76,23.200001,1390200
2020-03-23,23.5,23.5,19.59,19.93,637400
2020-03-24,20.950001,23.190001,18.98,19.99,691000
2020-03-25,20.129999,22.24,19.700001,21.01,905600
2020-03-26,20.469999,23.77,20.469999,23.18,633000
2020-03-27,22.26,23.17,21.1,22.34,415400
2020-03-30,22.5,23.84,20.879999,21.639999,438400
2020-03-31,21.440001,22.549999,20.719999,20.92,520600
2020-04-01,19.98,19.98,15.71,15.93,1047600
2020-04-02,16.01,17.950001,15.89,16.52,648200
2020-04-03,16.41,17.200001,15.77,16.68,662600
2020-04-06,17.5,20.85,17.5,20.370001,676000
2020-04-07,21.139999,21.950001,20.15,20.620001,545500
2020-04-08,20.9,21.34,19.469999,19.65,526900
2020-04-09,20.299999,23.610001,20.16,23.120001,716500
2020-04-13,23.120001,23.639999,21.4,21.530001,687900
2020-04-14,22.059999,22.469999,20.219999,20.799999,490600
2020-04-15,20.01,20.02,17.85,18.450001,1122500
2020-04-16,18.52,19.48,16.459999,17.450001,1110400
2020-04-17,17.93,20.4,17.93,20.110001,699100
2020-04-20,19.52,19.52,18.27,19.01,765900
2020-04-21,18.09,18.549999,17.33,18.030001,576200
2020-04-22,18.540001,19.26,18.030001,19.08,571500
2020-04-23,19.4,20.280001,19.16,19.610001,462900
2020-04-24,19.58,19.879999,18.870001,19.68,470600
2020-04-27,19.879999,21.35,19.6,20.92,469300
2020-04-28,21.639999,22.389999,20.83,21.450001,595700
2020-04-29,22.370001,25.379999,22.25,24.02,815000
2020-04-30,23.51,23.76,22.5,22.9,408100
2020-05-01,22.190001,22.51,20.35,20.6,777000
2020-05-04,20.26,21.17,19.66,20.719999,663000
2020-05-05,21.200001,21.4,19.370001,19.389999,1410200
2020-05-06,19.530001,19.83,18.610001,19.48,1097200
2020-05-07,19.77,21.02,19.77,20.200001,1370300
2020-05-08,21.620001,23.440001,20.5,21.790001,1278800
2020-05-11,21.559999,21.77,19.35,19.4,764700
2020-05-12,20.15,20.52,19.290001,19.34,479000
2020-05-13,19.09,19.09,17.549999,18.209999,702100
2020-05-14,17.690001,19.17,17.26,18.709999,606400
2020-05-15,18.309999,19.33,18.059999,19.059999,575800
2020-05-18,19.940001,21.75,19.92,21.620001,536800
2020-05-19,22.08,22.18,21.030001,21.719999,679500
2020-05-20,22.629999,25.389999,22.290001,25.129999,1109600
2020-05-21,25.48,25.790001,24.15,24.35,715000
2020-05-22,24.879999,25.6,24.379999,25.139999,703400
2020-05-26,26.07,27.709999,25.91,26.780001,793900
2020-05-27,27.25,28.030001,26.66,27.799999,645900
2020-05-28,28.110001,28.15,25.379999,25.549999,395800
2020-05-29,25.040001,25.4,23.66,24.190001,646100
2020-06-01,24.559999,25.799999,24.139999,25.33,670600
2020-06-02,25.450001,26.52,25.17,26.26,362400
2020-06-03,26.969999,27.379999,26.610001,26.700001,442700
2020-06-04,27.110001,27.540001,26.299999,27.48,313500
2020-06-05,28.549999,30.16,28.549999,29.299999,602000
2020-06-08,29.76,30.1,28.66,29.49,428300
2020-06-09,28.58,28.77,27.01,27.030001,437000
2020-06-10,26.91,26.950001,25.18,25.309999,515100
2020-06-11,24.02,24.02,22.4,22.67,464400
2020-06-12,24.059999,24.870001,22.940001,23.639999,282100
2020-06-15,23.02,27.33,23.02,26.690001,1153200
2020-06-16,28.110001,28.629999,25.42,26.059999,501700
2020-06-17,26,26,24.35,24.540001,480300
2020-06-18,24.02,24.85,23.190001,23.370001,543700
2020-06-19,23.58,24.450001,23.200001,23.57,903600
2020-06-22,23.84,24.32,23.43,24.040001,389600
2020-06-23,24.42,24.709999,23.9,24.450001,555100
2020-06-24,24.530001,24.959999,23.5,24.6,600300
2020-06-25,24.32,25.16,23.51,24.309999,640300
2020-06-26,24.02,24.02,22.030001,22.33,739400
2020-06-29,22.809999,24.24,22.299999,24.129999,441100
2020-06-30,24.24,24.82,23.75,23.98,351300
2020-07-01,24.040001,24.52,23.059999,23.24,513900
2020-07-02,23.91,24.16,22.969999,23.190001,299700
2020-07-06,23.629999,23.85,22,22.290001,458700
2020-07-07,21.969999,22.07,20.32,20.43,457200
2020-07-08,20.200001,20.559999,19.65,20.34,968100
2020-07-09,20.48,20.66,19.139999,20.27,596200
2020-07-10,20.040001,21.450001,19.809999,21.41,490800
2020-07-13,21.9,22.07,20.719999,21.25,309000
2020-07-14,20.98,21.719999,20.74,21.709999,316700
2020-07-15,22.23,23.360001,22.23,23.33,515900
2020-07-16,23.01,24.049999,22.58,23.559999,475800
2020-07-17,23.549999,23.91,23.09,23.120001,384400
2020-07-20,23.09,23.440001,22.57,23.25,477100
2020-07-21,23.42,24.110001,23.16,23.4,667800
2020-07-22,23.139999,24.26,23,23.58,460300
2020-07-23,23.66,23.969999,23.25,23.389999,263000
2020-07-24,23.23,23.559999,22.83,23.299999,440400
2020-07-27,23.16,23.17,22.49,22.700001,343100
2020-07-28,22.66,22.92,22.16,22.200001,257900
2020-07-29,22.34,23.66,22.219999,23.42,473400
2020-07-30,22.870001,23.530001,22.379999,23.040001,269000
2020-07-31,22.98,23.02,21.92,22.33,468800
2020-08-03,22.51,22.66,20.280001,21.99,1168000
2020-08-04,21.99,23.559999,21.75,23.049999,652500
2020-08-05,23.57,24.4,23.4,23.690001,471900
2020-08-06,23.4,24.43,23.309999,24.25,718900
2020-08-07,23.780001,24.25,21.09,21.4,1473600
2020-08-10,21.51,23.190001,21.4,22.32,585100
2020-08-11,22.66,23.969999,22.65,23.620001,548100
2020-08-12,23.77,24.059999,22.629999,23.27,392100
2020-08-13,23.15,23.17,22.32,22.799999,417000
2020-08-14,22.690001,22.959999,22.209999,22.68,274100
2020-08-17,22.65,22.889999,22.209999,22.57,376100
2020-08-18,22.620001,22.709999,21.9,22.02,359800
2020-08-19,21.91,22.57,21.799999,22.07,282500
2020-08-20,21.52,22.190001,21.52,21.85,278600
2020-08-21,21.74,22.09,21.57,21.709999,346300
2020-08-24,22.01,22.73,21.65,22.700001,343500
2020-08-25,22.860001,23,22.389999,22.84,342800
2020-08-26,22.85,23,22.370001,22.48,207500
2020-08-27,22.450001,23.09,22.219999,22.799999,503800
2020-08-28,22.82,22.940001,22.190001,22.700001,272800
2020-08-31,22.58,22.58,21.58,21.709999,514300
2020-09-01,21.719999,22,21.209999,21.709999,627600
2020-09-02,21.799999,23.1,21.799999,22.969999,595800
2020-09-03,22.98,23.290001,21.9,22.139999,426100
2020-09-04,22.57,22.67,21.52,21.75,287500
2020-09-08,21.25,21.43,20.620001,20.700001,432900
2020-09-09,20.83,20.889999,19.59,19.9,483400
2020-09-10,20,20.4,19.68,19.68,499900
2020-09-11,19.65,19.940001,19.25,19.4,391300
2020-09-14,19.559999,20.1,19.49,19.780001,567800
2020-09-15,19.969999,20.530001,18.559999,18.719999,589300
2020-09-16,18.73,19.6,18.67,19.15,443800
2020-09-17,19.33,21.389999,19.200001,20.66,1245200
2020-09-18,20.92,21.09,20.360001,20.799999,911500
2020-09-21,20.17,20.35,18.99,20.25,605000
2020-09-22,20.65,21.25,20.4,20.93,413600
2020-09-23,20.9,21.440001,19.799999,19.83,444500
2020-09-24,19.700001,20.18,19.09,19.549999,359300
2020-09-25,19.370001,19.790001,19.08,19.51,439300
2020-09-28,19.82,20.9,19.82,20.27,347700
2020-09-29,20.24,20.57,19.860001,20.280001,390500
2020-09-30,20.41,20.83,19.440001,19.799999,306800
2020-10-01,19.780001,20.41,19.34,20.41,414700
2020-10-02,19.83,21.219999,19.4,21.059999,395000
2020-10-05,21.41,21.43,20.58,20.969999,356500
2020-10-06,21.33,22.030001,21.049999,21.33,390000
2020-10-07,21.43,21.889999,20.610001,20.879999,396100
2020-10-08,21.17,21.75,20.940001,21.190001,296400
2020-10-09,21.43,21.43,20.709999,21.030001,206400
2020-10-12,21.139999,21.24,20.620001,21.209999,543800
2020-10-13,21.040001,21.639999,20.879999,21.08,317600
2020-10-14,21.07,21.25,20.709999,20.82,335800
2020-10-15,20.530001,20.780001,19.91,20.42,293900
2020-10-16,20.42,20.99,20.17,20.200001,245800
2020-10-19,20.43,20.549999,19.76,19.809999,257800
2020-10-20,20.030001,20.360001,19.4,19.43,271200
2020-10-21,19.35,19.92,19.26,19.32,236600
2020-10-22,19.58,20.74,19.33,20.57,388100
2020-10-23,20.73,21.18,20.32,20.450001,284000
2020-10-26,20.049999,20.35,19.299999,19.780001,250500
2020-10-27,19.629999,19.790001,18.74,18.99,797200
2020-10-28,18.58,18.700001,17.66,17.76,302700
2020-10-29,17.73,19.059999,17.57,17.940001,570400
2020-10-30,18.99,18.99,16.67,17.809999,693000
2020-11-02,17.99,18.57,17.52,18.01,471300
2020-11-03,18.120001,18.790001,18.120001,18.5,356500
2020-11-04,18.389999,18.77,18.01,18.5,318700
2020-11-05,18.76,19.68,18.76,19.4,271800
2020-11-06,19.35,19.35,17.559999,17.629999,343900
2020-11-09,19.120001,21.92,18.85,21.33,1216000
2020-11-10,21.83,22.35,21.389999,21.77,642000
2020-11-11,21.780001,22.379999,20.040001,20.469999,353900
2020-11-12,20.190001,20.66,19.48,19.879999,485000
2020-11-13,20.16,21.540001,19.93,21.34,322300
2020-11-16,22.17,23.620001,21.790001,22.879999,659600
2020-11-17,22.49,23.549999,21.91,23.110001,689500
2020-11-18,23.389999,23.43,22.52,22.559999,560100
2020-11-19,22.450001,23.209999,21.99,22.9,167900
2020-11-20,22.59,23.049999,22.25,22.860001,189700
2020-11-23,23.17,25.41,22.940001,24.639999,798200
2020-11-24,25.43,25.799999,24.540001,24.870001,613300
2020-11-25,24.889999,25.780001,24.41,25.73,330100
2020-11-27,25.85,25.9,25.07,25.9,218700
2020-11-30,26,26,24.18,24.280001,459600
2020-12-01,24.950001,25,24.24,24.43,289200
2020-12-02,24.34,25.290001,24.01,25.15,260200
2020-12-03,25.24,25.389999,24.799999,25.200001,470900
2020-12-04,25.530001,26.370001,25.139999,26.309999,400000
2020-12-07,26.190001,26.76,25.32,26.17,491300
2020-12-08,25.940001,26.4,25.68,25.870001,317200
2020-12-09,32,35.32,31.450001,34.110001,2792400
2020-12-10,33,36,32.110001,35.52,1429800
2020-12-11,34.959999,36.240002,34.77,36.09,1013200
2020-12-14,36.119999,37,35.27,35.669998,860200
2020-12-15,35.049999,36.080002,35.040001,35.77,3502600
2020-12-16,35.779999,36.27,35.380001,35.75,2845800
2020-12-17,35.869999,36.25,35.740002,36.009998,1266100
2020-12-18,35.91,36.200001,35.389999,35.389999,2609500
2020-12-21,35.41,35.740002,35.049999,35.150002,1073800
2020-12-22,35.279999,35.490002,34.950001,35.18,768900
2020-12-23,35.200001,35.5,35.060001,35.110001,566100
2020-12-24,35.080002,35.41,35.040001,35.200001,327400
2020-12-28,35.200001,35.459999,35.099998,35.209999,540900
2020-12-29,35.209999,35.700001,35.029999,35.349998,596600
2020-12-30,35.310001,35.689999,35.150002,35.240002,311300
2020-12-31,35.299999,35.419998,35.119999,35.299999,469400
2021-01-04,35.290001,35.490002,34.93,35.330002,1435300
2021-01-05,35.27,35.779999,35.259998,35.540001,768700
2021-01-06,35.860001,36.18,35.470001,35.740002,750700
2021-01-07,35.799999,35.830002,35.52,35.68,302700
2021-01-08,40.5,42.09,40.23,41.080002,4769700
2021-01-11,40.080002,41.34,40,40.59,2151700
2021-01-12,40.880001,41.400002,40.419998,40.77,567000
2021-01-13,40.400002,41.150002,40.400002,40.830002,705300
2021-01-14,40.900002,40.98,40.5,40.630001,401300
2021-01-15,40.599998,40.889999,40.419998,40.709999,1018700
2021-01-19,40.919998,41,40.310001,40.400002,479000
2021-01-20,40.549999,41,40.400002,40.779999,439500
2021-01-21,40.669998,41.490002,40.669998,41.27,376200
2021-01-22,40.970001,41.450001,40.75,40.860001,397900
2021-01-25,38.450001,38.82,38.259998,38.810001,6758300
2021-01-26,38.790001,38.880001,38.66,38.759998,1371100
2021-01-27,38.66,38.849998,38.540001,38.599998,1734400
2021-01-28,38.68,38.790001,38.529999,38.549999,1231800
2021-01-29,38.419998,38.860001,38.419998,38.849998,1511900
2021-02-01,38.639999,38.849998,38.52,38.790001,634700
2021-02-02,38.799999,38.869999,38.73,38.849998,895300
2021-02-03,39.09,39.09,38.77,38.84,1093200
2021-02-04,38.82,38.939999,38.700001,38.700001,659000
2021-02-05,38.849998,38.849998,38.599998,38.75,427400
2021-02-08,38.84,38.889999,38.700001,38.77,489500
2021-02-09,38.73,38.889999,38.549999,38.77,1361700
2021-02-10,38.790001,38.849998,38.689999,38.790001,395600
2021-02-11,38.779999,38.860001,38.66,38.82,390100
2021-02-12,38.73,38.900002,38.73,38.830002,417900
2021-02-16,38.849998,38.880001,38.779999,38.830002,346300
2021-02-17,38.799999,38.830002,38.66,38.75,667700
2021-02-18,38.73,38.790001,38.639999,38.669998,416800
2021-02-19,38.720001,38.82,38.68,38.73,436600
2021-02-22,38.75,38.84,38.720001,38.75,375700
2021-02-23,38.720001,38.810001,38.599998,38.66,488400
2021-02-24,38.700001,38.799999,38.650002,38.669998,241000
2021-02-25,38.68,38.799999,38.57,38.610001,346600
2021-02-26,38.66,38.68,38.470001,38.549999,914600
2021-03-01,38.650002,38.810001,38.610001,38.759998,465700
2021-03-02,38.66,38.75,38.59,38.59,1065600
2021-03-03,38.650002,38.720001,38.509998,38.560001,673800
2021-03-04,38.560001,38.669998,38.400002,38.52,929700
2021-03-05,38.279999,38.709999,38.279999,38.540001,433200
2021-03-08,38.549999,38.709999,38.5,38.580002,551900
2021-03-09,38.619999,38.68,38.5,38.52,478800
2021-03-10,38.599998,38.75,38.459999,38.669998,402500
2021-03-11,38.700001,38.799999,38.619999,38.759998,391000
2021-03-12,38.759998,38.799999,38.66,38.790001,291800
2021-03-15,38.73,38.84,38.66,38.82,404700
2021-03-16,38.790001,38.849998,38.619999,38.790001,378300
2021-03-17,38.73,38.830002,38.709999,38.75,219900
2021-03-18,38.77,38.779999,38.709999,38.759998,278500
2021-03-19,38.73,38.82,38.509998,38.639999,788700
2021-03-22,38.650002,38.82,38.580002,38.779999,329300
2021-03-23,38.700001,38.82,38.689999,38.75,510200
2021-03-24,38.779999,38.810001,38.720001,38.73,348000
2021-03-25,38.709999,38.799999,38.709999,38.75,410700
2021-03-26,38.77,38.82,38.73,38.799999,330500
2021-03-29,38.990002,38.990002,38.709999,38.759998,223800
2021-03-30,38.790001,38.830002,38.720001,38.779999,301000
2021-03-31,38.799999,38.830002,38.759998,38.799999,329200
2021-04-01,38.869999,39,38.799999,38.900002,258300
