date,open,high,low,close,volume
2010-11-15,7800,7890,7500,7500,0
2010-11-16,7500,7500,6240,6240,0
2010-11-17,7350,7500,6300,6300,0
2010-11-18,6300,6750,6300,6750,0
2010-11-19,6750,6750,6600,6600,0
2010-11-22,6600,6600,6240,6270,0
2010-11-23,7650,7650,3900,3900,0
2010-11-24,6270,6270,4950,4950,0
2010-11-26,4950,6270,3900,6270,0
2010-11-29,6120,6150,4800,6000,0
2010-11-30,6000,6150,6000,6150,0
2010-12-01,6000,6450,6000,6450,0
2010-12-02,7200,7200,6420,6510,0
2010-12-03,6690,6690,6210,6660,0
2010-12-06,6690,6690,6540,6660,0
2010-12-07,6600,6750,6600,6750,0
2010-12-08,6600,6750,6600,6600,0
2010-12-09,6750,6750,6630,6630,0
2010-12-10,6810,6810,6630,6780,0
2010-12-13,6780,6780,6360,6360,0
2010-12-14,6600,6600,6300,6300,0
2010-12-15,6540,6540,6060,6060,0
2010-12-16,6330,6330,6030,6030,0
2010-12-17,6030,6150,5730,6150,0
2010-12-20,6240,6240,6240,6240,0
2010-12-21,6390,6780,5820,6600,0
2010-12-22,6600,6780,6600,6660,0
2010-12-23,6780,6780,6660,6660,0
2010-12-27,6780,6780,6660,6660,0
2010-12-28,6780,6780,6660,6660,0
2010-12-29,6780,6780,6660,6660,0
2010-12-30,6750,6750,6660,6660,0
2010-12-31,6690,6750,6690,6750,0
2011-01-03,6780,6780,5760,5880,0
2011-01-04,6750,6750,6000,6000,0
2011-01-05,5880,5940,5700,5700,0
2011-01-06,5850,5850,5850,5850,0
2011-01-07,6000,6000,5850,5850,0
2011-01-10,6000,6000,6000,6000,0
2011-01-11,6210,6210,5850,5850,0
2011-01-12,6060,6060,6000,6000,0
2011-01-13,6000,6000,5850,5850,0
2011-01-14,6120,6150,5850,6150,0
2011-01-18,6030,6030,5850,5850,0
2011-01-19,5850,5850,4950,5700,0
2011-01-20,5040,5040,3600,4830,0
2011-01-21,4860,6150,4860,5250,0
2011-01-24,5820,5850,5250,5250,0
2011-01-25,5850,6150,4650,6030,0
2011-01-26,4800,4800,4800,4800,0
2011-01-27,5550,5550,4800,4800,0
2011-01-28,5400,5550,4800,4800,0
2011-01-31,5700,6150,5250,5280,0
2011-02-01,5550,6000,5280,5280,0
2011-02-02,5250,5400,5250,5400,0
2011-02-03,6000,6000,5550,5550,0
2011-02-04,5550,5550,5250,5250,0
2011-02-07,5400,5400,5250,5250,0
2011-02-08,4950,4950,4950,4950,0
2011-02-09,4800,4950,4650,4950,0
2011-02-10,4950,5100,4800,4950,0
2011-02-11,4950,4950,4950,4950,0
2011-02-14,5100,5100,5100,5100,0
2011-02-15,4950,5550,4950,5550,0
2011-02-16,5850,5850,5550,5820,0
2011-02-17,5850,5850,5550,5550,0
2011-02-18,5550,5700,5550,5700,0
2011-02-22,5760,5760,5550,5640,0
2011-02-23,5700,5760,5550,5550,0
2011-02-24,5550,5550,5550,5550,0
2011-02-25,5550,5550,5550,5550,0
2011-02-28,5760,5760,5760,5760,0
2011-03-01,5610,5760,5610,5760,0
2011-03-02,5610,5610,5610,5610,0
2011-03-03,5760,5760,5700,5700,0
2011-03-04,5700,5700,5610,5610,0
2011-03-07,5700,5700,5550,5550,0
2011-03-08,5610,5700,5610,5700,0
2011-03-09,5700,5700,5100,5310,0
2011-03-10,5160,5160,4800,4800,0
2011-03-11,4800,5100,4800,4800,0
2011-03-14,4830,4830,4500,4500,0
2011-03-15,4500,4500,3600,3600,0
2011-03-16,3750,3900,3600,3900,0
2011-03-17,4500,4500,3300,3750,0
2011-03-18,3900,3900,3450,3450,0
2011-03-21,3750,3750,3600,3750,0
2011-03-22,3600,3600,3300,3300,0
2011-03-23,3300,3300,2790,3300,0
2011-03-24,3300,3300,3030,3030,0
2011-03-25,3150,3150,2250,2310,0
2011-03-28,2490,2490,2490,2490,0
2011-03-29,3150,3150,2340,2340,0
2011-03-30,2550,2700,2250,2550,100
2011-03-31,2700,2700,2550,2550,0
2011-04-01,2700,2700,2400,2400,0
2011-04-04,3000,3000,2400,2400,0
2011-04-05,2700,2700,2520,2520,0
2011-04-06,2700,2700,2460,2460,0
2011-04-07,2550,2550,2550,2550,0
2011-04-08,2700,2700,2550,2550,0
2011-04-11,2670,2700,2400,2400,0
2011-04-12,2400,2670,2400,2400,0
2011-04-13,2670,2670,2610,2610,0
2011-04-14,2640,2640,2400,2460,0
2011-04-15,2550,2550,2430,2430,0
2011-04-18,2550,2550,2460,2460,0
2011-04-19,2550,2550,2490,2490,0
2011-04-20,2520,2550,2520,2520,0
2011-04-21,2520,2520,2400,2520,0
2011-04-25,2520,2520,2400,2400,0
2011-04-26,2400,2550,1800,2460,0
2011-04-27,2550,2670,1800,1800,0
2011-04-28,1950,2670,1950,2670,0
2011-04-29,2490,2490,2490,2490,0
2011-05-02,2670,2700,2580,2580,0
2011-05-03,2460,2700,2460,2460,0
2011-05-04,2700,2700,2460,2460,0
2011-05-05,2670,2700,2250,2250,0
2011-05-06,2400,2700,2250,2250,0
2011-05-09,2250,2400,2250,2400,0
2011-05-10,2250,2700,2250,2700,0
2011-05-11,2700,2700,2250,2250,0
2011-05-12,2700,2700,2370,2370,0
2011-05-13,2370,2370,2370,2370,0
2011-05-16,2700,2700,2370,2370,0
2011-05-17,2250,2700,2250,2370,0
2011-05-18,2700,2700,2370,2700,0
2011-05-19,2550,2550,2100,2250,0
2011-05-20,2250,2250,2100,2100,0
2011-05-23,2100,2550,2100,2550,0
2011-05-24,2250,2250,2250,2250,0
2011-05-25,2250,2250,2250,2250,0
2011-05-26,2250,2250,2100,2250,0
2011-05-27,2250,2250,2100,2250,0
2011-05-31,2250,2250,2100,2100,0
2011-06-01,2100,2100,2100,2100,0
2011-06-02,2100,2100,2100,2100,0
2011-06-03,2250,2250,2250,2250,0
2011-06-06,2250,2250,2100,2100,0
2011-06-07,2100,3000,2100,3000,0
2011-06-08,3000,3000,2550,3000,0
2011-06-09,3000,3000,2550,2550,0
2011-06-10,2700,2700,2400,2400,0
2011-06-13,3000,3000,2400,2550,0
2011-06-14,2400,2400,2400,2400,0
2011-06-15,2550,2700,2550,2550,0
2011-06-16,2550,2550,2550,2550,0
2011-06-17,2550,2550,2550,2550,0
2011-06-20,2550,2550,2550,2550,0
2011-06-21,2550,3300,2130,2130,0
2011-06-22,2550,2550,2550,2550,0
2011-06-23,3000,3030,3000,3000,0
2011-06-24,2700,2700,1980,1980,0
2011-06-27,3000,3000,2550,2550,0
2011-06-28,3000,3000,2550,2550,0
2011-06-29,2550,3000,2550,3000,0
2011-06-30,3000,3000,2970,2970,0
2011-07-01,2700,2700,2700,2700,0
2011-07-05,3000,3000,2700,2700,0
2011-07-06,3000,3000,2700,2700,0
2011-07-07,3000,3000,2700,2700,0
2011-07-08,3000,3000,2700,2700,0
2011-07-11,3600,3600,2550,3030,0
2011-07-12,3150,3600,3150,3150,0
2011-07-13,3300,3600,3150,3600,0
2011-07-14,3600,3600,3300,3300,0
2011-07-15,3300,3300,3060,3060,0
2011-07-18,3060,3060,2550,2700,0
2011-07-19,3000,3030,2730,2730,0
2011-07-20,3270,3270,2850,2850,0
2011-07-21,3000,3000,2850,2850,0
2011-07-22,2730,2850,2550,2700,0
2011-07-25,2850,2850,2850,2850,0
2011-07-26,3000,3150,2700,2880,0
2011-07-27,3120,3300,3000,3300,0
2011-07-28,3180,3300,2700,2700,0
2011-07-29,2910,3300,2850,2970,0
2011-08-01,3000,3300,2970,3000,0
2011-08-02,3000,3360,3000,3300,100
2011-08-03,3300,3360,3000,3000,0
2011-08-04,3000,3240,2970,2970,0
2011-08-05,2970,3150,2850,2850,100
2011-08-08,2850,2940,2730,2730,0
2011-08-09,2700,2850,2700,2700,0
2011-08-10,2700,2850,2700,2700,0
2011-08-11,2430,2700,2400,2460,0
2011-08-12,2640,3150,2430,2550,0
2011-08-15,2610,2910,2550,2910,0
2011-08-16,2850,2850,2670,2700,0
2011-08-17,2940,2940,2580,2580,0
2011-08-18,2550,2550,2400,2400,0
2011-08-19,2550,2550,2550,2550,0
2011-08-22,2640,2640,2640,2640,0
2011-08-23,2550,2550,2250,2400,0
2011-08-24,2400,2400,2340,2370,0
2011-08-25,2370,2400,2250,2250,0
2011-08-26,2400,2700,2250,2340,0
2011-08-29,2550,2550,2400,2400,0
2011-08-30,2400,2400,2250,2340,0
2011-08-31,2490,2490,2400,2490,0
2011-09-01,2490,2550,2340,2340,0
2011-09-02,2400,2400,2340,2400,0
2011-09-06,2400,2550,2400,2400,0
2011-09-07,2400,2550,2250,2400,0
2011-09-08,2400,2400,2250,2340,0
2011-09-09,2400,2400,2280,2340,0
2011-09-12,2340,2340,2280,2280,0
2011-09-13,2340,2400,2250,2400,0
2011-09-14,2400,2400,2280,2340,0
2011-09-15,2250,2250,2250,2250,0
2011-09-16,2340,2340,2250,2250,0
2011-09-19,2310,2310,2100,2220,0
2011-09-20,2100,2250,2100,2100,0
2011-09-21,2400,2400,1950,1950,0
2011-09-22,1950,2190,1800,2040,0
2011-09-23,2040,2340,2040,2340,0
2011-09-26,2400,2400,1950,1950,0
2011-09-27,2250,2250,2160,2250,0
2011-09-28,2220,2400,2160,2190,0
2011-09-29,2100,2100,2100,2100,0
2011-09-30,2100,2100,1980,1980,0
2011-10-03,2040,2100,2040,2040,0
2011-10-04,2070,2070,1830,1830,0
2011-10-05,1920,2100,1860,2040,0
2011-10-06,2040,2040,1800,1800,0
2011-10-07,1830,1830,1830,1830,0
2011-10-10,1830,1830,1830,1830,0
2011-10-11,1950,1950,1800,1860,0
2011-10-12,1800,2100,1800,2100,0
2011-10-13,2040,2100,1800,1800,0
2011-10-14,1800,1950,1800,1920,0
2011-10-17,2040,2040,1950,1950,0
2011-10-18,2100,2100,1950,1950,0
2011-10-19,2040,2100,1950,1950,0
2011-10-20,2040,2100,1950,2100,0
2011-10-21,2100,2100,2040,2040,0
2011-10-24,1950,2100,1950,2100,0
2011-10-25,2040,2100,2040,2100,0
2011-10-26,2100,2100,2040,2100,0
2011-10-27,2070,2070,1950,2070,0
2011-10-28,2070,2070,1920,2070,0
2011-10-31,2160,2460,2160,2280,100
2011-11-01,2400,4500,2310,3570,200
2011-11-02,3570,3600,3240,3300,0
2011-11-03,3450,3450,2730,2760,100
2011-11-04,2820,3270,2820,2940,100
2011-11-07,3210,3450,3120,3360,100
2011-11-08,3450,3870,3360,3510,100
2011-11-09,3600,3600,3360,3570,100
2011-11-10,3690,3690,3150,3150,100
2011-11-11,3210,3450,3030,3240,100
2011-11-14,3330,3330,3240,3330,0
2011-11-15,3270,4350,3120,3930,0
2011-11-16,4050,5880,3960,5580,500
2011-11-17,5730,6690,5010,5250,300
2011-11-18,5370,5370,4350,4680,200
2011-11-21,4410,5400,4350,5280,400
2011-11-22,5430,6780,5430,6240,200
2011-11-23,6210,7710,6030,7710,300
2011-11-25,7770,8850,7020,8490,200
2011-11-28,8490,8490,6300,7440,400
2011-11-29,7440,7650,6210,6810,100
2011-11-30,6600,7380,6180,7320,100
2011-12-01,7290,7290,6390,6930,0
2011-12-02,6930,7110,6510,6510,0
2011-12-05,6780,6900,5520,5610,200
2011-12-06,5610,5910,5250,5760,100
2011-12-07,5760,6600,5400,6480,100
2011-12-08,6450,6720,5880,5880,0
2011-12-09,6000,6360,5880,5940,0
2011-12-12,6030,6270,5700,5730,0
2011-12-13,5790,6750,5700,6240,0
2011-12-14,6240,6270,5550,5940,0
2011-12-15,5850,6270,5850,6120,0
2011-12-16,5850,6240,5700,6240,100
2011-12-19,6270,6270,5700,6180,0
2011-12-20,6780,7200,6450,7050,300
2011-12-21,7110,7500,6990,7350,200
2011-12-22,7410,8610,7350,8100,400
2011-12-23,8820,9690,8580,9300,200
2011-12-27,9210,9270,7650,8670,200
2011-12-28,8850,8850,7980,8070,100
2011-12-29,8040,8250,7200,7380,300
2011-12-30,7680,8460,7500,8250,100
2012-01-03,8460,8820,8250,8370,100
2012-01-04,8490,8520,7740,7800,100
2012-01-05,8070,8190,7500,7740,100
2012-01-06,7740,8040,7440,8010,100
2012-01-09,8040,8580,8040,8280,0
2012-01-10,8280,8280,8040,8160,0
2012-01-11,8190,8250,7350,7500,100
2012-01-12,7650,7830,7230,7500,100
2012-01-13,7590,7680,7140,7350,100
2012-01-17,7350,7650,7290,7590,100
2012-01-18,7770,8130,7200,7200,0
2012-01-19,7230,7500,7140,7230,0
2012-01-20,7380,7500,7140,7140,0
2012-01-23,7050,7200,6150,6720,100
2012-01-24,6630,6840,6060,6240,100
2012-01-25,6300,6360,6000,6180,100
2012-01-26,6150,6450,6120,6180,100
2012-01-27,6240,6270,6120,6270,0
2012-01-30,6300,6300,6090,6180,0
2012-01-31,6300,7050,6300,6750,0
2012-02-01,6900,6900,6240,6360,0
2012-02-02,6240,6450,6180,6180,0
2012-02-03,6720,6720,6180,6270,100
2012-02-06,6390,6450,6150,6240,100
2012-02-07,6210,7080,6060,6600,0
2012-02-08,6840,6840,6450,6690,0
2012-02-09,6750,7200,6600,6930,0
2012-02-10,6930,7500,6900,7080,0
2012-02-13,7320,8160,7110,7350,200
2012-02-14,7500,7980,7410,7920,100
2012-02-15,8250,8640,7860,8520,200
2012-02-16,8580,8820,7050,7260,400
2012-02-17,6420,6600,6060,6540,1400
2012-02-21,6600,6660,6300,6420,300
2012-02-22,6450,6840,6450,6780,300
2012-02-23,6720,6990,6720,6990,100
2012-02-24,6990,7020,6780,6930,100
2012-02-27,7050,7050,6840,6870,100
2012-02-28,6990,7140,6930,7110,100
2012-02-29,7140,7230,7080,7170,0
2012-03-01,7200,7260,7110,7110,0
2012-03-02,7110,7470,7110,7260,100
2012-03-05,7320,8100,7260,8040,200
2012-03-06,8010,8220,7350,7740,100
2012-03-07,7740,7950,7530,7680,100
2012-03-08,7740,7800,7560,7650,100
2012-03-09,7650,7770,7590,7590,0
2012-03-12,7620,7620,7260,7440,100
2012-03-13,7470,7530,7440,7470,0
2012-03-14,7530,7530,7170,7200,100
2012-03-15,7320,7500,7140,7380,100
2012-03-16,7470,8070,7380,7650,100
2012-03-19,7500,7800,7410,7620,100
2012-03-20,7800,7890,7590,7740,100
2012-03-21,7800,7800,7680,7680,0
2012-03-22,7680,7830,7560,7770,0
2012-03-23,7740,7950,7740,7950,0
2012-03-26,7950,8040,7680,7770,100
2012-03-27,7770,7800,7050,7470,100
2012-03-28,7470,7500,7110,7500,100
2012-03-29,7350,7440,7260,7320,0
2012-03-30,7470,7500,7350,7440,0
2012-04-02,7530,7530,7410,7470,0
2012-04-03,7500,7500,7200,7350,0
2012-04-04,7290,7500,7290,7440,0
2012-04-05,7470,7470,7080,7170,100
2012-04-09,7200,7260,7080,7080,0
2012-04-10,7200,7200,6720,6750,100
2012-04-11,6900,6900,6330,6660,100
2012-04-12,6630,6630,6420,6480,100
2012-04-13,6540,7500,6510,7080,300
2012-04-16,7200,7500,7020,7110,200
2012-04-17,7260,7500,7020,7470,100
2012-04-18,7320,7470,7050,7290,0
2012-04-19,7290,7500,6990,7140,0
2012-04-20,7140,7200,7020,7170,0
2012-04-23,7170,7320,6960,7200,0
2012-04-24,6960,7230,6960,7080,0
2012-04-25,6990,7260,6990,7080,0
2012-04-26,7050,7050,6630,7050,0
2012-04-27,6840,7170,6840,7110,0
2012-04-30,7140,7200,6810,7110,0
2012-05-01,7140,7140,6840,6900,0
2012-05-02,6900,6900,6660,6750,100
2012-05-03,6810,6810,6690,6780,0
2012-05-04,6690,6720,6420,6720,0
2012-05-07,6750,6750,6420,6510,0
2012-05-08,6480,6690,6420,6450,0
2012-05-09,6570,6600,6420,6600,100
2012-05-10,6660,6660,6480,6540,0
2012-05-11,6600,6660,6540,6630,0
2012-05-14,6630,7260,6570,6930,0
2012-05-15,7500,7500,6780,7140,100
2012-05-16,7050,7500,6900,6900,0
2012-05-17,7110,7110,6660,6660,0
2012-05-18,6900,7020,6600,6840,0
2012-05-21,6900,6930,6600,6630,0
2012-05-22,6720,6840,6510,6600,100
2012-05-23,6570,6660,6510,6630,0
2012-05-24,6600,6630,6480,6630,0
2012-05-25,6630,6630,6510,6600,0
2012-05-29,6720,6840,6600,6600,0
2012-05-30,6630,6630,6600,6600,0
2012-05-31,6570,6630,6510,6570,0
2012-06-01,6570,6630,6540,6600,0
2012-06-04,6600,6600,6570,6600,0
2012-06-05,6570,6630,6480,6480,0
2012-06-06,6600,6660,6510,6600,0
2012-06-07,6600,6630,6000,6480,100
2012-06-08,6480,6600,6360,6450,0
2012-06-11,6450,6510,6210,6270,100
2012-06-12,6210,6360,6030,6210,0
2012-06-13,6240,6570,5910,6570,0
2012-06-14,6360,6360,6240,6300,0
2012-06-15,6360,6360,6000,6120,0
2012-06-18,6150,6330,6120,6330,0
2012-06-19,6180,6240,5880,6150,0
2012-06-20,6210,6330,6150,6150,0
2012-06-21,6450,6450,6240,6300,0
2012-06-22,6300,6330,6240,6330,0
2012-06-25,6300,7740,6300,7140,300
2012-06-26,7230,7920,6990,7200,300
2012-06-27,7170,7200,6510,6780,100
2012-06-28,7140,7170,6570,6720,0
2012-06-29,6900,6960,6540,6870,100
2012-07-02,7080,7260,6900,7050,0
2012-07-03,7140,7710,7140,7440,100
2012-07-05,7500,7980,7470,7680,100
2012-07-06,7740,7770,7440,7740,0
2012-07-09,7770,7770,7500,7560,0
2012-07-10,7560,7740,7380,7500,0
2012-07-11,7620,7800,7500,7590,100
2012-07-12,7590,7770,7410,7650,0
2012-07-13,7650,7770,7620,7710,100
2012-07-16,7710,7860,7650,7770,0
2012-07-17,7830,7860,7440,7650,100
2012-07-18,7650,7770,6930,7140,0
2012-07-19,7350,7590,7080,7200,0
2012-07-20,7230,7560,7230,7380,0
2012-07-23,7470,7470,6930,7320,0
2012-07-24,7320,7410,6900,6900,0
2012-07-25,7350,7380,7110,7110,100
2012-07-26,7260,7410,7080,7260,0
2012-07-27,7260,7470,7080,7320,0
2012-07-30,7320,7440,7320,7410,0
2012-07-31,7350,7410,7350,7410,0
2012-08-01,7470,7470,7140,7140,0
2012-08-02,7290,7800,7290,7650,100
2012-08-03,7650,7740,7380,7470,0
2012-08-06,7500,7650,7380,7470,0
2012-08-07,7410,7500,7380,7470,0
2012-08-08,7380,7470,7290,7380,0
2012-08-09,7410,7470,7260,7260,0
2012-08-10,7260,7350,7230,7290,0
2012-08-13,7290,7470,7290,7380,0
2012-08-14,7380,7530,7290,7530,0
2012-08-15,7500,7560,7350,7410,0
2012-08-16,7500,7500,7170,7440,0
2012-08-17,7560,7560,7260,7470,0
2012-08-20,7320,7530,7320,7470,0
2012-08-21,7410,7470,7230,7260,0
2012-08-22,7200,7500,7200,7440,0
2012-08-23,7440,7500,7230,7290,0
2012-08-24,7440,7440,7110,7230,0
2012-08-27,7110,7200,6450,6630,100
2012-08-28,6630,6630,6000,6600,100
2012-08-29,6540,6600,6150,6240,100
2012-08-30,6180,6300,5010,5760,300
2012-08-31,5760,6450,5610,6330,100
2012-09-04,6300,6480,6090,6300,0
2012-09-05,6150,6210,6060,6060,0
2012-09-06,6060,6120,5370,5760,100
2012-09-07,5790,5850,5580,5850,0
2012-09-10,5850,5850,5700,5820,0
2012-09-11,5820,6270,5730,5820,100
2012-09-12,5820,5820,5550,5640,0
2012-09-13,5760,5760,5250,5340,100
2012-09-14,5250,5400,4980,5160,100
2012-09-17,5130,5220,5100,5160,0
2012-09-18,5160,5190,4080,4500,300
2012-09-19,4650,4710,4440,4560,0
2012-09-20,4530,5250,4530,4800,0
2012-09-21,4920,4980,4800,4980,0
2012-09-24,5040,5190,4980,5100,0
2012-09-25,5160,5220,5010,5160,0
2012-09-26,5070,5160,5040,5040,0
2012-09-27,5160,5160,4890,4890,0
2012-09-28,4830,4830,4590,4650,0
2012-10-01,4560,4680,4200,4260,100
2012-10-02,4530,4560,4260,4500,100
2012-10-03,4620,4800,4260,4290,100
2012-10-04,4290,4590,4080,4200,100
2012-10-05,4200,4260,4050,4110,0
2012-10-08,4170,4170,3840,4050,0
2012-10-09,3990,4020,3750,3840,100
2012-10-10,3900,3990,3780,3930,0
2012-10-11,3930,4380,3900,4350,0
2012-10-12,4560,5850,4410,5370,300
2012-10-15,5370,5520,5100,5250,0
2012-10-16,5400,5400,5070,5100,0
2012-10-17,5070,5430,5070,5370,0
2012-10-18,5400,5550,5310,5490,0
2012-10-19,5490,5700,5280,5310,0
2012-10-22,5310,5760,5310,5640,0
2012-10-23,5640,5640,5250,5430,0
2012-10-24,5430,5580,5400,5430,0
2012-10-25,5460,5640,5040,5130,0
2012-10-26,5130,5400,4980,5070,0
2012-10-31,5070,5160,4920,5070,0
2012-11-01,5070,5070,4770,4950,0
2012-11-02,4650,4890,4620,4770,0
2012-11-05,4830,4980,4710,4860,0
2012-11-06,4950,5040,4650,4800,0
2012-11-07,4710,4800,4650,4650,0
2012-11-08,4650,4650,4440,4440,0
2012-11-09,4440,4650,4290,4290,0
2012-11-12,4350,4500,4290,4410,0
2012-11-13,4350,4950,4290,4950,0
2012-11-14,5250,5280,4260,4950,0
2012-11-15,4950,5220,4500,4680,0
2012-11-16,4680,4710,4410,4620,0
2012-11-19,4620,5070,4440,4680,0
2012-11-20,4740,4740,4500,4590,0
2012-11-21,4620,4860,4590,4740,0
2012-11-23,4770,4770,4500,4650,0
2012-11-26,4680,5100,4560,4890,0
2012-11-27,4920,5070,4500,4650,0
2012-11-28,4500,4920,4500,4530,0
2012-11-29,4650,4650,4500,4500,0
2012-11-30,4530,4800,4470,4710,0
2012-12-03,4770,4950,4770,4920,0
2012-12-04,4920,5190,4920,5190,0
2012-12-05,5220,5250,5010,5190,0
2012-12-06,5190,5190,4920,5100,0
2012-12-07,5100,5100,4950,5040,0
2012-12-10,5100,5250,4980,5190,0
2012-12-11,5250,5280,4920,5100,0
2012-12-12,5130,5130,4710,4890,0
2012-12-13,4890,4890,4650,4800,0
2012-12-14,4860,5250,4800,4950,0
2012-12-17,4950,4950,4410,4560,100
2012-12-18,4500,5100,4470,4950,0
2012-12-19,4890,5100,4800,5100,0
2012-12-20,4830,5250,4800,4890,0
2012-12-21,4890,5100,4650,5100,0
2012-12-24,4650,5070,4590,5070,0
2012-12-26,5100,5250,4800,5220,0
2012-12-27,5100,5850,5040,5610,0
2012-12-28,5640,5700,5370,5460,0
2012-12-31,5460,5820,4950,5220,100
2013-01-02,5550,5550,4890,5250,0
2013-01-03,5460,5730,5220,5340,0
2013-01-04,5310,5640,5160,5640,0
2013-01-07,5790,6240,5700,6120,100
2013-01-08,6270,6450,6180,6390,100
2013-01-09,6420,7500,6420,7050,100
2013-01-10,7290,7470,6780,7020,100
2013-01-11,6900,7020,6330,6990,100
2013-01-14,7020,7200,6810,7080,0
2013-01-15,7230,7770,6990,7200,100
2013-01-16,7260,7650,7200,7500,100
2013-01-17,7410,7650,7200,7290,100
2013-01-18,7350,7500,7080,7500,100
2013-01-22,7620,7740,7350,7500,100
2013-01-23,7620,7650,7200,7620,0
2013-01-24,7620,7620,7350,7410,0
2013-01-25,7410,7410,7110,7350,0
2013-01-28,7320,7440,7080,7290,0
2013-01-29,7290,7500,7080,7170,0
2013-01-30,7110,7140,5850,6270,100
2013-01-31,6120,6600,5880,6180,0
2013-02-01,6120,6420,5850,5910,100
2013-02-04,5940,6240,5880,6000,0
2013-02-05,6000,6420,6000,6150,100
2013-02-06,6300,6300,6000,6090,0
2013-02-07,6300,6450,6000,6120,0
2013-02-08,6120,6150,5850,6150,0
2013-02-11,6090,6330,5610,5850,100
2013-02-12,5880,5970,5580,5580,0
2013-02-13,5580,5580,4860,4980,500
2013-02-14,4980,5550,4830,5460,100
2013-02-15,5640,6120,5340,5400,200
2013-02-19,5490,5550,5010,5400,100
2013-02-20,5700,5700,5160,5190,100
2013-02-21,5370,5400,4830,4860,100
2013-02-22,5070,5250,4860,5250,100
2013-02-25,5250,5340,5070,5250,0
2013-02-26,5400,5730,5340,5430,100
2013-02-27,5400,5820,5400,5760,100
2013-02-28,6000,6570,5970,6210,100
2013-03-01,5970,6660,5910,6300,100
2013-03-04,6300,7140,6300,6990,100
2013-03-05,7020,7170,6630,6870,0
2013-03-06,6840,7050,6540,6960,100
2013-03-07,7020,7020,6210,6750,100
2013-03-08,6840,6840,6360,6600,0
2013-03-11,6450,6600,6360,6540,0
2013-03-12,6540,6810,6450,6720,0
2013-03-13,6900,6900,6600,6690,0
2013-03-14,6690,7500,6660,7500,100
2013-03-15,7500,7500,7140,7320,100
2013-03-18,7350,7410,7050,7140,0
2013-03-19,6930,7410,6600,7290,0
2013-03-20,7260,7320,7050,7260,0
2013-03-21,7260,7440,7260,7350,0
2013-03-22,7440,7500,7350,7440,0
2013-03-25,7440,7470,7140,7470,0
2013-03-26,7260,7470,7140,7470,0
2013-03-27,7320,7470,7290,7290,0
2013-03-28,7200,7350,7140,7170,0
2013-04-01,7140,7170,6600,6930,0
2013-04-02,6840,7080,6630,6780,0
2013-04-03,6660,7440,6660,7080,0
2013-04-04,7590,8820,7560,8250,200
2013-04-05,8550,8700,8190,8400,200
2013-04-08,8550,9630,8430,9570,400
2013-04-09,9510,9510,9000,9300,200
2013-04-10,9300,9330,8880,9330,100
2013-04-11,9300,9600,9150,9480,100
2013-04-12,9450,11370,9450,9900,400
2013-04-15,10110,10350,9450,9540,100
2013-04-16,9600,9900,9180,9720,100
2013-04-17,9930,10140,9510,9870,100
2013-04-18,9870,9900,9150,9360,100
2013-04-19,9600,9600,9180,9510,0
2013-04-22,9690,9690,8730,8940,100
2013-04-23,9000,9300,8730,8850,100
2013-04-24,8910,8970,8760,8790,100
2013-04-25,8880,8880,8490,8520,100
2013-04-26,8520,8970,8340,8970,100
2013-04-29,9000,9420,8880,9270,200
2013-04-30,9510,10290,9180,9300,200
2013-05-01,9540,9900,8880,8940,100
2013-05-02,8850,9720,8850,8970,100
2013-05-03,9240,9540,8940,9000,100
2013-05-06,9000,9360,8940,9000,100
2013-05-07,8970,9030,8550,8700,200
2013-05-08,8700,8880,8490,8700,100
2013-05-09,8700,9120,8550,8970,0
2013-05-10,8700,9030,8490,9000,100
2013-05-13,8550,9150,8520,8850,100
2013-05-14,8850,8850,8490,8700,100
2013-05-15,8580,8700,8430,8610,100
2013-05-16,8610,8640,8460,8610,0
2013-05-17,8550,8700,8490,8670,0
2013-05-20,8640,8700,8550,8670,0
2013-05-21,8670,8700,8550,8700,0
2013-05-22,8700,8820,8550,8700,0
2013-05-23,8670,8820,8490,8820,100
2013-05-24,8850,9210,8790,9030,100
2013-05-28,8880,9600,8880,9210,100
2013-05-29,9300,9510,9210,9510,0
2013-05-30,9360,10320,9360,10020,100
2013-05-31,10020,10410,9510,9750,100
2013-06-03,9990,11040,9900,10860,200
2013-06-04,11250,12000,11100,11700,300
2013-06-05,11670,11850,11280,11850,100
2013-06-06,11940,11940,11580,11820,0
2013-06-07,11820,12960,11760,12570,200
2013-06-10,12750,13950,12600,13530,300
2013-06-11,14010,14250,12000,12780,300
2013-06-12,12990,13170,12180,12510,100
2013-06-13,12240,12270,10410,11580,400
2013-06-14,11640,12150,11280,12000,100
2013-06-17,12150,12690,11970,12000,100
2013-06-18,12000,12120,11250,11670,100
2013-06-19,11700,11790,10890,11580,100
2013-06-20,11550,11550,10980,11310,100
2013-06-21,11190,11550,11010,11370,100
2013-06-24,11370,11520,11070,11490,0
2013-06-25,11250,11550,11130,11550,100
2013-06-26,11700,12660,11700,12660,200
2013-06-27,12630,13350,12330,12900,200
2013-06-28,12900,13110,12210,12390,100
2013-07-01,12390,12540,12060,12390,100
2013-07-02,12330,12510,11850,12270,100
2013-07-03,12180,12270,11880,12120,0
2013-07-05,12180,12240,12000,12150,0
2013-07-08,12210,12270,11910,12000,100
2013-07-09,11940,12120,11550,11880,100
2013-07-10,11880,12570,11640,12510,100
2013-07-11,12510,13350,12480,13260,100
2013-07-12,13320,14190,13200,14190,300
2013-07-15,14550,15120,14520,15060,400
2013-07-16,15270,16050,14760,15660,300
2013-07-17,15720,16050,15480,16020,200
2013-07-18,15990,15990,15270,15450,100
2013-07-19,15450,16470,15450,16470,200
2013-07-22,16620,18600,16530,17010,500
2013-07-23,17340,17820,16560,16650,200
2013-07-24,16710,17550,16200,16800,200
2013-07-25,16890,16890,15990,16470,200
2013-07-26,16110,16260,14640,15300,300
2013-07-29,15030,15930,14820,15420,100
2013-07-30,15390,15660,15210,15330,100
2013-07-31,11760,13350,11730,13230,1000
2013-08-01,13410,14370,13320,14250,200
2013-08-02,14160,14370,12990,13530,100
2013-08-05,13620,13620,12360,12630,200
2013-08-06,12360,13290,12300,13200,100
2013-08-07,13200,14190,13050,13500,100
2013-08-08,13860,14100,13230,13350,0
2013-08-09,13350,13350,12660,12660,100
2013-08-12,12750,14070,12750,13200,0
2013-08-13,13200,13500,12360,12750,100
2013-08-14,12810,13170,12360,13050,100
2013-08-15,13050,13410,12450,12540,0
2013-08-16,12450,12600,12150,12600,0
2013-08-19,12540,12630,12150,12240,100
2013-08-20,12360,12450,12180,12330,0
2013-08-21,12390,12810,12300,12660,0
2013-08-22,12600,12750,12210,12390,0
2013-08-23,12000,12030,7830,8940,1000
2013-08-26,8430,10590,8070,10350,500
2013-08-27,7680,8580,5490,6210,1500
2013-08-28,5790,5790,4380,5130,1200
2013-08-29,4950,5460,3930,4410,800
2013-08-30,4140,4410,3450,3570,800
2013-09-03,3690,4380,2820,4230,1800
2013-09-04,4200,5070,3780,4710,1000
2013-09-05,4920,5220,4470,4740,400
2013-09-06,4950,5460,4560,5370,100
2013-09-09,5340,6300,5130,6150,500
2013-09-10,4530,5160,3750,4710,900
2013-09-11,4680,5310,4050,4200,400
2013-09-12,4500,4800,3900,4740,200
2013-09-13,4530,4770,4350,4500,100
2013-09-16,4500,4650,4020,4230,200
2013-09-17,4230,4800,4050,4200,200
2013-09-18,4200,4350,3930,4230,100
2013-09-19,4260,4290,3960,4260,100
2013-09-20,4170,4440,3990,4140,100
2013-09-23,4080,4440,4050,4200,100
2013-09-24,4320,4710,4200,4560,100
2013-09-25,4560,5280,4410,4740,100
2013-09-26,4860,5070,4650,4770,100
2013-09-27,4740,4770,4560,4620,0
2013-09-30,4620,4620,4200,4290,100
2013-10-01,4230,4410,4110,4170,0
2013-10-02,4140,4440,4110,4380,0
2013-10-03,4440,4590,4110,4290,0
2013-10-04,4260,4260,4110,4200,0
2013-10-07,4350,4530,3840,4170,100
2013-10-08,4140,4440,4080,4320,100
2013-10-09,4350,4650,4260,4590,200
2013-10-10,4650,4800,4380,4650,0
2013-10-11,4560,4740,4410,4680,0
2013-10-14,4440,4680,4410,4560,0
2013-10-15,4410,4590,4380,4500,0
2013-10-16,4560,4560,4470,4470,0
2013-10-17,4440,4440,4260,4350,0
2013-10-18,4410,4440,4260,4350,0
2013-10-21,4290,4440,4170,4410,100
2013-10-22,4380,4440,4050,4230,100
2013-10-23,4050,4230,4050,4200,0
2013-10-24,4080,4200,4050,4140,100
2013-10-25,4080,4140,3870,3990,100
2013-10-28,4020,4110,3750,3870,100
2013-10-29,3870,3870,3360,3750,100
2013-10-30,3690,3750,3450,3600,100
2013-10-31,3570,3570,3450,3570,100
2013-11-01,3420,3540,3330,3420,100
2013-11-04,3420,3780,3390,3540,100
2013-11-05,3570,3570,3390,3450,100
2013-11-06,3450,3510,3360,3390,0
2013-11-07,3420,3450,3300,3390,0
2013-11-08,3330,3660,3240,3300,100
2013-11-11,3300,3540,3270,3450,0
2013-11-12,3480,3510,3450,3510,0
2013-11-13,3510,3540,3330,3450,100
2013-11-14,3420,3540,3300,3450,0
2013-11-15,3420,5850,3330,5370,700
2013-11-18,5760,6900,5760,6150,500
2013-11-19,5970,6120,5400,5610,200
2013-11-20,5580,5940,5400,5550,100
2013-11-21,5550,5880,5190,5850,100
2013-11-22,5790,6150,5760,6000,100
2013-11-25,6030,6030,5940,6000,100
2013-11-26,6000,6180,5880,6150,0
2013-11-27,6180,6270,5790,5880,100
2013-11-29,5880,6120,5850,5940,0
2013-12-02,6000,6180,5850,6030,0
2013-12-03,6060,6060,5010,5220,100
2013-12-04,5220,5430,5130,5190,100
2013-12-05,5190,5250,4650,4680,100
2013-12-06,4680,4680,4440,4620,100
2013-12-09,4590,4800,4590,4770,0
2013-12-10,4620,5400,4620,5340,100
2013-12-11,5280,6510,5280,5340,200
2013-12-12,5340,5790,5340,5400,0
2013-12-13,5130,5490,5130,5400,0
2013-12-16,5430,5670,5400,5550,0
2013-12-17,5550,5910,5550,5790,0
2013-12-18,5760,6000,5760,5940,0
2013-12-19,5880,5970,5730,5850,0
2013-12-20,5820,6090,5790,6000,0
2013-12-23,6150,6150,5640,5940,100
2013-12-24,5820,6150,5640,6000,100
2013-12-26,6000,7050,5910,6480,300
2013-12-27,6690,7470,6630,7230,200
2013-12-30,7170,7170,6300,6420,100
2013-12-31,6420,6960,6420,6900,0
2014-01-02,6840,6900,6480,6720,0
2014-01-03,6750,7440,6450,7020,100
2014-01-06,6900,7470,6900,7050,100
2014-01-07,7080,7530,7080,7350,100
2014-01-08,7530,7530,7380,7500,0
2014-01-09,7500,7530,7050,7110,100
2014-01-10,7110,7170,6540,6840,100
2014-01-13,6810,6900,6420,6450,100
2014-01-14,6870,6870,6450,6600,0
2014-01-15,6570,6990,6450,6840,0
2014-01-16,6870,7200,6810,6960,0
2014-01-17,6960,7500,6870,7230,0
2014-01-21,7260,7350,6840,6900,100
2014-01-22,6900,6900,6450,6900,100
2014-01-23,6810,6990,6660,6750,0
2014-01-24,6660,7020,6600,6900,0
2014-01-27,6990,7050,6540,6900,100
2014-01-28,6600,6930,6450,6690,0
2014-01-29,6840,6900,6450,6570,0
2014-01-30,6570,6600,6420,6570,0
2014-01-31,6540,6660,6450,6600,0
2014-02-03,6600,6900,5580,6900,100
2014-02-04,6900,6990,6210,6900,0
2014-02-05,6750,6900,6510,6750,0
2014-02-06,6660,6870,6390,6630,0
2014-02-07,6690,6900,6630,6870,0
2014-02-10,6840,6900,6630,6870,0
2014-02-11,6840,6900,6690,6720,0
2014-02-12,6690,6870,6690,6750,0
2014-02-13,6750,6870,6600,6660,0
2014-02-14,6630,6870,6630,6870,0
2014-02-18,6870,6900,6690,6780,0
2014-02-19,6840,6840,6600,6720,0
2014-02-20,6750,6750,6630,6750,0
2014-02-21,6780,6780,6600,6690,0
2014-02-24,6660,7020,6630,6990,100
2014-02-25,7020,7170,6690,7050,0
2014-02-26,7020,7080,6750,6930,0
2014-02-27,6870,8010,6780,7800,100
2014-02-28,7740,7980,6990,7800,100
2014-03-03,7500,7800,7230,7650,0
2014-03-04,7650,7860,7500,7590,0
2014-03-05,7590,7650,6780,7530,100
2014-03-06,7530,7560,7050,7500,0
2014-03-07,7290,7500,7080,7380,0
2014-03-10,7410,7410,6990,7170,0
2014-03-11,6900,7080,6900,6930,0
2014-03-12,6930,7050,6900,6990,0
2014-03-13,7020,7560,6900,7560,0
2014-03-14,7200,7770,7200,7500,100
2014-03-17,7470,7590,7260,7440,0
2014-03-18,7080,7110,6540,6900,100
2014-03-19,6540,6780,6150,6270,100
2014-03-20,6180,6270,5640,6060,100
2014-03-21,6060,6060,4470,4920,400
2014-03-24,4950,6000,4950,5640,100
2014-03-25,5700,5700,5100,5310,0
2014-03-26,5280,5310,4950,5070,0
2014-03-27,4860,5400,4650,5250,0
2014-03-28,5250,5400,5160,5190,0
2014-03-31,5190,5310,5130,5280,0
2014-04-01,5310,5370,4980,5100,0
2014-04-02,5040,5400,4800,5340,0
2014-04-03,5250,5400,4980,5160,0
2014-04-04,5220,5250,4920,5010,0
2014-04-07,4980,4980,4800,4920,0
2014-04-08,4920,4980,4710,4740,0
2014-04-09,4800,4800,4530,4710,0
2014-04-10,4710,5160,4680,4770,0
2014-04-11,4710,5160,4710,4920,0
2014-04-14,4950,5040,4530,4770,0
2014-04-15,4770,4950,4590,4650,0
2014-04-16,4680,5040,4620,4740,0
2014-04-17,4770,5040,4560,4800,0
2014-04-21,4740,4950,4500,4620,0
2014-04-22,4620,4710,4470,4650,0
2014-04-23,4680,4680,4530,4590,0
2014-04-24,4560,4620,4500,4620,0
2014-04-25,4470,4650,4470,4500,0
2014-04-28,4500,6150,4470,5520,200
2014-04-29,5580,5610,5400,5400,100
2014-04-30,5580,5910,5400,5520,100
2014-05-01,5520,6750,5520,6570,100
2014-05-02,6540,6660,5460,5760,200
2014-05-05,5760,5760,4860,5250,100
2014-05-06,3270,3630,3240,3450,1700
2014-05-07,3510,3810,3480,3660,500
2014-05-08,3750,3780,3480,3600,200
2014-05-09,3630,3630,3570,3600,100
2014-05-12,3600,3630,3480,3510,100
2014-05-13,3660,3660,3510,3540,200
2014-05-14,3570,3600,3510,3570,100
2014-05-15,3570,3660,3540,3600,100
2014-05-16,3630,3750,3570,3630,100
2014-05-19,3690,3750,3630,3690,100
2014-05-20,3690,3750,3510,3570,100
2014-05-21,3540,3600,3480,3540,100
2014-05-22,3540,3540,3450,3540,0
2014-05-23,3540,3570,3480,3570,100
2014-05-27,3570,3630,3570,3600,100
2014-05-28,3600,3690,3480,3540,0
2014-05-29,3510,3570,3480,3540,100
2014-05-30,3510,3600,3510,3570,0
2014-06-02,3570,3630,3510,3540,0
2014-06-03,3600,3600,3510,3540,100
2014-06-04,3510,3570,3450,3450,0
2014-06-05,3450,3510,3450,3450,0
2014-06-06,3450,3510,3450,3480,100
2014-06-09,3450,3540,3390,3420,0
2014-06-10,3480,3480,3360,3420,0
2014-06-11,3390,3450,3360,3420,0
2014-06-12,3360,3510,3300,3390,0
2014-06-13,3420,3450,3300,3420,0
2014-06-16,3420,3450,3300,3390,0
2014-06-17,3330,3450,3300,3390,0
2014-06-18,3330,3420,3330,3360,0
2014-06-19,3360,3450,3360,3390,0
2014-06-20,3390,3450,3390,3450,0
2014-06-23,3420,3450,3360,3390,0
2014-06-24,3300,3360,2820,3030,300
2014-06-25,2790,3030,2790,3030,100
2014-06-26,3030,3210,3000,3150,100
2014-06-27,3150,3210,3030,3210,0
2014-06-30,3120,3210,3060,3120,0
2014-07-01,3120,3300,3120,3210,0
2014-07-02,3210,3390,3180,3330,100
2014-07-03,3390,3480,3330,3450,100
2014-07-07,3480,3600,3450,3510,100
2014-07-08,3510,3630,3450,3450,100
2014-07-09,3420,3540,3150,3330,100
2014-07-10,3330,3450,3300,3420,0
2014-07-11,3390,3420,3360,3420,0
2014-07-14,3360,3450,3150,3240,0
2014-07-15,3210,3300,3180,3210,0
2014-07-16,3210,3300,3030,3210,0
2014-07-17,3210,3240,2940,3000,100
2014-07-18,3150,3210,3000,3030,0
2014-07-21,3060,3150,3030,3090,0
2014-07-22,3120,3180,3000,3030,0
2014-07-23,3060,3090,3000,3030,0
2014-07-24,3030,3090,2850,2880,100
2014-07-25,2850,2970,2700,2850,100
2014-07-28,2850,2910,2640,2910,200
2014-07-29,2790,3000,2760,2910,0
2014-07-30,2910,2910,2640,2790,100
2014-07-31,2760,2790,2700,2760,0
2014-08-01,2790,2790,2640,2790,0
2014-08-04,2790,2820,2700,2760,0
2014-08-05,2760,2760,2250,2430,400
2014-08-06,2340,2550,2250,2460,100
2014-08-07,2460,2460,2280,2400,100
2014-08-08,2460,2520,2340,2460,100
2014-08-11,2460,2520,2310,2370,100
2014-08-12,2370,2370,2220,2310,100
2014-08-13,2250,2310,2100,2130,100
2014-08-14,2100,2130,1890,2040,200
2014-08-15,2040,2130,1920,1980,100
2014-08-18,1950,2130,1950,2040,100
2014-08-19,2130,2190,1980,2100,100
2014-08-20,2100,2220,1980,2010,100
2014-08-21,2010,2130,1980,2070,100
2014-08-22,2010,2100,1950,2010,100
2014-08-25,2010,2040,1920,1980,100
2014-08-26,1980,2010,1920,1950,100
2014-08-27,1920,1980,1890,1890,100
2014-08-28,1890,1920,1740,1860,100
2014-08-29,1860,1950,1800,1860,100
2014-09-02,1860,1890,1770,1800,0
2014-09-03,1830,1830,1680,1710,100
2014-09-04,1680,1710,1560,1650,200
2014-09-05,1650,1710,1440,1500,200
2014-09-08,1500,1560,1470,1530,100
2014-09-09,1530,1560,1470,1530,0
2014-09-10,1500,2100,1410,2040,200
2014-09-11,1980,2040,1800,1980,100
2014-09-12,1980,2010,1770,1920,100
2014-09-15,1920,1920,1650,1710,100
2014-09-16,1710,1710,1560,1560,0
2014-09-17,1590,1620,1500,1560,100
2014-09-18,1560,1620,1470,1500,0
2014-09-19,1560,1650,1500,1620,0
2014-09-22,1620,1620,1500,1590,0
2014-09-23,1560,1620,1530,1560,0
2014-09-24,1560,1770,1530,1740,0
2014-09-25,1740,1920,1620,1860,0
2014-09-26,1830,1860,1770,1830,0
2014-09-29,1800,1890,1680,1770,0
2014-09-30,1770,1770,1650,1680,0
2014-10-01,1680,1770,1680,1740,0
2014-10-02,1710,1890,1710,1830,0
2014-10-03,1830,1920,1800,1830,0
2014-10-06,1860,1950,1710,1770,0
2014-10-07,1770,1800,1710,1770,0
2014-10-08,1740,1860,1590,1650,400
2014-10-09,1680,1680,1590,1590,0
2014-10-10,1590,1650,1530,1590,0
2014-10-13,1560,1590,1500,1500,0
2014-10-14,1560,1560,1470,1500,100
2014-10-15,1920,2160,1650,2130,1200
2014-10-16,2160,2220,1920,2070,400
2014-10-17,2070,2310,2010,2220,100
2014-10-20,2250,2820,2250,2700,300
2014-10-21,2820,3150,2760,2880,600
2014-10-22,2940,2970,2550,2700,300
2014-10-23,2700,3000,2460,2910,200
2014-10-24,2940,3060,2700,2730,100
2014-10-27,2700,2790,2610,2700,0
2014-10-28,2610,2730,2550,2670,100
2014-10-29,3000,3180,2850,3000,300
2014-10-30,3000,3090,3000,3060,300
2014-10-31,3060,3060,2880,3030,100
2014-11-03,3000,3060,2940,3000,200
2014-11-04,3000,3060,2940,3030,300
2014-11-05,3000,3060,2970,3030,100
2014-11-06,3030,3060,2940,3000,100
2014-11-07,2940,3030,2940,3000,100
2014-11-10,3000,3060,2970,3000,0
2014-11-11,3000,3150,2970,3120,100
2014-11-12,3630,4410,3600,4290,1600
2014-11-13,4440,4800,3870,4080,1200
2014-11-14,4110,4320,3570,3960,400
2014-11-17,3810,3930,3600,3840,100
2014-11-18,3750,4050,3750,4020,100
2014-11-19,4050,4110,3900,3930,100
2014-11-20,3900,3990,3780,3810,100
2014-11-21,3870,3960,3870,3930,100
2014-11-24,3930,3990,3720,3900,100
2014-11-25,3900,3900,3660,3750,100
2014-11-26,3750,3780,3420,3600,100
2014-11-28,3600,3600,3450,3480,0
2014-12-01,3480,3480,2970,3030,200
2014-12-02,3030,3150,2820,2940,200
2014-12-03,2970,3420,2640,3300,300
2014-12-04,3270,3330,2940,3270,100
2014-12-05,3210,3270,3090,3240,0
2014-12-08,3150,3270,3030,3180,100
2014-12-09,3210,3210,2970,3090,100
2014-12-10,3030,3150,3030,3150,0
2014-12-11,3150,3150,3030,3120,0
2014-12-12,3120,3120,3000,3030,0
2014-12-15,3000,3030,2820,2910,100
2014-12-16,3330,3450,3090,3210,300
2014-12-17,3270,3270,3180,3240,100
2014-12-18,3270,3780,3240,3780,300
2014-12-19,3900,4320,3780,4260,400
2014-12-22,4500,4770,3930,4050,500
2014-12-23,4170,4170,3660,3930,200
2014-12-24,3960,4170,3840,4170,200
2014-12-26,4170,4410,4140,4320,100
2014-12-29,4410,4410,3960,4110,200
2014-12-30,4140,4140,3840,3960,100
2014-12-31,4080,4080,3690,3960,100
2015-01-02,3900,3960,3780,3900,0
2015-01-05,3900,3990,3780,3990,100
2015-01-06,3960,4440,3960,4350,300
2015-01-07,4470,4620,4260,4380,200
2015-01-08,4350,4470,4290,4320,100
2015-01-09,4410,4500,4140,4290,200
2015-01-12,4290,4440,4170,4290,200
2015-01-13,4470,4470,4260,4410,300
2015-01-14,4380,4590,4350,4590,300
2015-01-15,4620,4680,4260,4410,300
2015-01-16,4410,4470,4260,4410,100
2015-01-20,4440,4470,4380,4410,200
2015-01-21,4950,5550,4620,5040,1400
2015-01-22,5370,5520,5010,5160,800
2015-01-23,5190,5310,4800,5310,400
2015-01-26,5370,6510,5310,6270,1100
2015-01-27,6360,7050,5820,6510,1200
2015-01-28,6180,6780,5700,6570,700
2015-01-29,5610,6120,5370,5970,900
2015-01-30,5940,6120,5790,5880,200
2015-02-02,5940,5940,5550,5940,400
2015-02-03,5970,6060,5760,5880,200
2015-02-04,5940,6000,5880,6000,200
2015-02-05,6000,6150,5970,6090,200
2015-02-06,6090,6090,5970,6030,200
2015-02-09,6060,6540,6030,6450,500
2015-02-10,6450,6690,6450,6630,400
2015-02-11,6630,6720,6000,6480,300
2015-02-12,6480,6510,6330,6450,200
2015-02-13,6570,6570,6450,6480,200
2015-02-17,6540,6630,6510,6630,400
2015-02-18,6690,7080,6660,7020,400
2015-02-19,7020,7740,6990,7500,700
2015-02-20,7500,7620,6990,7590,300
2015-02-23,7620,7710,7560,7650,200
2015-02-24,7650,7680,7470,7560,200
2015-02-25,7590,7710,7500,7650,200
2015-02-26,7710,8040,7620,7830,400
2015-02-27,7980,8940,7950,8760,700
2015-03-02,8910,9300,8790,9060,700
2015-03-03,9120,9360,8850,9120,500
2015-03-04,9150,9270,8880,9120,300
2015-03-05,9060,9060,8280,8910,400
2015-03-06,9000,9000,7650,7920,800
2015-03-09,8010,8130,6360,7050,1000
2015-03-10,7080,7920,7050,7890,300
2015-03-11,7950,8100,7230,7530,200
2015-03-12,7560,7560,6660,7230,300
2015-03-13,7260,7260,6600,7170,300
2015-03-16,7110,7110,6630,6810,300
2015-03-17,6780,7680,6630,7620,200
2015-03-18,7650,7770,7200,7770,100
2015-03-19,7620,7800,7320,7620,100
2015-03-20,7560,8790,7380,8700,700
2015-03-23,8700,9090,8670,8940,300
2015-03-24,8490,8670,7800,8580,900
2015-03-25,8430,8490,8220,8430,200
2015-03-26,8400,8880,8370,8700,200
2015-03-27,8700,8850,8430,8820,200
2015-03-30,8910,9150,8820,9000,300
2015-03-31,9030,9120,8850,8910,200
2015-04-01,8910,8970,8400,8640,300
2015-04-02,8610,8700,8400,8490,100
2015-04-06,8550,8940,8460,8790,200
2015-04-07,8820,8850,8550,8700,200
2015-04-08,9000,9450,8827.5,9112.5,100
2015-04-09,9187.5,9360,9187.5,9262.5,100
2015-04-10,9262.5,9262.5,8947.5,9255,100
2015-04-13,9217.5,10500,9210,10500,400
2015-04-14,10912.5,11287.5,10665,10950,400
2015-04-15,10987.5,11617.5,10950,11550,300
2015-04-16,11850,12735,11625,12637.5,1000
2015-04-17,14550,14760,11250,12285,800
2015-04-20,11062.5,11062.5,9375,10125,1300
2015-04-21,9750,10635,8445,10462.5,1500
2015-04-22,10537.5,11070,10020,10320,300
2015-04-23,10275,10275,9000,9292.5,500
2015-04-24,9375,10042.5,9000,9772.5,300
2015-04-27,9750,9750,8925,9037.5,400
2015-04-28,8827.5,9562.5,8550,9397.5,900
2015-04-29,9270,9420,8910,9097.5,300
2015-04-30,9097.5,9240,8850,8992.5,100
2015-05-01,9097.5,9225,8925,9097.5,200
2015-05-04,9097.5,9517.5,9007.5,9300,200
2015-05-05,9322.5,9450,9045,9195,100
2015-05-06,9285,9345,9022.5,9337.5,100
2015-05-07,9345,9675,9187.5,9637.5,200
2015-05-08,9757.5,10005,9412.5,9712.5,200
2015-05-11,9637.5,9825,9502.5,9825,200
2015-05-12,9675,10440,9532.5,10327.5,400
2015-05-13,10365,10425,10140,10222.5,200
2015-05-14,9757.5,10117.5,9195,9562.5,600
2015-05-15,9577.5,9862.5,9375,9795,200
2015-05-18,9675,9675,8782.5,9067.5,400
2015-05-19,9037.5,9262.5,8625,8745,400
2015-05-20,8625,9375,8625,9315,300
2015-05-21,9315,9720,9000,9697.5,300
2015-05-22,9682.5,9780,9405,9630,200
2015-05-26,9532.5,9862.5,9277.5,9787.5,500
2015-05-27,9817.5,9825,9510,9600,200
2015-05-28,9570,10110,9472.5,9982.5,300
2015-05-29,9907.5,10252.5,9772.5,10027.5,300
2015-06-01,10282.5,10875,10170,10492.5,500
2015-06-02,10515,11242.5,10470,11100,800
2015-06-03,11025,11025,10417.5,10537.5,600
2015-06-04,10305,10590,10087.5,10575,300
2015-06-05,11002.5,11002.5,10620,10942.5,200
2015-06-08,11010,11310,10792.5,11220,300
2015-06-09,10935,11512.5,10935,11392.5,600
2015-06-10,11295,11460,10950,11377.5,300
2015-06-11,11370,11512.5,11182.5,11460,200
2015-06-12,11190,11730,11190,11437.5,500
2015-06-15,11370,12187.5,11362.5,12000,700
2015-06-16,12045,12607.5,11827.5,12232.5,700
2015-06-17,12202.5,12585,11362.5,11610,900
2015-06-18,11572.5,12210,11542.5,11670,500
2015-06-19,11745,12270,11745,12210,1800
2015-06-22,12705,13087.5,12697.5,12772.5,600
2015-06-23,13035,13042.5,12577.5,12862.5,400
2015-06-24,12780,13140,12765,13125,400
2015-06-25,13365,13372.5,12750,13020,600
2015-06-26,13020,13402.5,12847.5,13335,5200
2015-06-29,12967.5,13222.5,11640,11647.5,800
2015-06-30,11992.5,12247.5,11782.5,12112.5,600
2015-07-01,12187.5,12352.5,11385,11722.5,500
2015-07-02,11812.5,12082.5,11002.5,11745,700
2015-07-06,12735,13237.5,12277.5,12892.5,1100
2015-07-07,13012.5,13095,11700,12217.5,1300
2015-07-08,12142.5,12150,11752.5,11865,400
2015-07-09,12045,12105,11115,11265,700
2015-07-10,11340,11520,10237.5,10507.5,1100
2015-07-13,10687.5,11025,10297.5,10830,700
2015-07-14,10770,10875,10627.5,10822.5,300
2015-07-15,10815,11842.5,10680,11782.5,400
2015-07-16,11820,12135,11625,11715,400
2015-07-17,11790,11887.5,11482.5,11790,400
2015-07-20,11842.5,12487.5,11625,12420,700
2015-07-21,12585,12607.5,12307.5,12517.5,400
2015-07-22,12472.5,12652.5,12105,12615,300
2015-07-23,12607.5,12892.5,12487.5,12787.5,300
2015-07-24,12787.5,12825,11550,11692.5,400
2015-07-27,11527.5,11527.5,10762.5,11092.5,500
2015-07-28,11212.5,11370,10860,11272.5,300
2015-07-29,11227.5,11325,11062.5,11107.5,300
2015-07-30,10875,11025,9757.5,10657.5,600
2015-07-31,10657.5,11227.5,10545,10912.5,200
2015-08-03,10875,11047.5,10560,10770,300
2015-08-04,10875,10987.5,10770,10867.5,400
2015-08-05,10980,10980,10282.5,10590,500
2015-08-06,10702.5,10875,9817.5,9907.5,600
2015-08-07,9847.5,9900,9150,9690,500
2015-08-10,9765,9960,9270,9405,400
2015-08-11,9682.5,9682.5,8827.5,9427.5,500
2015-08-12,9247.5,9397.5,8812.5,9232.5,300
2015-08-13,9307.5,9412.5,8812.5,8842.5,400
2015-08-14,8775,9412.5,8280,8370,600
2015-08-17,8505,9420,8415,9232.5,300
2015-08-18,9225,9352.5,8527.5,8745,400
2015-08-19,8700,8745,7987.5,8160,700
2015-08-20,8212.5,8595,8145,8175,500
2015-08-21,8010,8070,7252.5,7372.5,900
2015-08-24,6757.5,7732.5,5497.5,6982.5,1000
2015-08-25,7447.5,7732.5,7117.5,7440,500
2015-08-26,7567.5,7687.5,6847.5,7245,400
2015-08-27,7350,7522.5,6907.5,6997.5,500
2015-08-28,6945,7267.5,6945,7245,300
2015-08-31,7245,7672.5,7245,7312.5,300
2015-09-01,7132.5,7132.5,6757.5,6840,300
2015-09-02,6960,7170,6652.5,7147.5,300
2015-09-03,7132.5,7395,7050,7110,200
2015-09-04,6982.5,7425,6945,7387.5,200
2015-09-08,7650,8535,7545,8220,700
2015-09-09,8467.5,8557.5,8077.5,8130,300
2015-09-10,8085,8250,7972.5,8047.5,100
2015-09-11,7957.5,8167.5,7695,7905,200
2015-09-14,7987.5,7987.5,7350,7477.5,200
2015-09-15,7440,8092.5,7395,7987.5,200
2015-09-16,7950,8100,7732.5,7995,200
2015-09-17,7957.5,8205,7852.5,8055,200
2015-09-18,7897.5,8250,7672.5,8242.5,300
2015-09-21,8302.5,8400,7860,8122.5,300
2015-09-22,7995,8302.5,7807.5,8182.5,200
2015-09-23,8152.5,8280,8040,8130,100
2015-09-24,8107.5,8107.5,7800,7950,200
2015-09-25,8025,8220,7275,7327.5,300
2015-09-28,7305,7327.5,6660,6795,400
2015-09-29,6742.5,6892.5,6307.5,6577.5,500
2015-09-30,6472.5,6682.5,6247.5,6465,400
2015-10-01,6465,6690,6292.5,6412.5,200
2015-10-02,6307.5,6667.5,6300,6480,300
2015-10-05,6487.5,6735,6210,6375,500
2015-10-06,6307.5,6405,5880,6120,500
2015-10-07,6135,6525,5962.5,6382.5,400
2015-10-08,6360,6382.5,6052.5,6255,200
2015-10-09,6255,6750,6187.5,6607.5,300
2015-10-12,6660,6660,6015,6082.5,300
2015-10-13,6060,6060,5625,5647.5,500
2015-10-14,5700,5700,5182.5,5355,500
2015-10-15,5325,6180,5325,6142.5,400
2015-10-16,6127.5,6337.5,5910,6150,300
2015-10-19,6262.5,6555,5992.5,6097.5,300
2015-10-20,6060,6060,5647.5,5835,200
2015-10-21,5880,5880,5460,5542.5,200
2015-10-22,5557.5,5842.5,5377.5,5535,300
2015-10-23,6367.5,6367.5,5632.5,6022.5,600
2015-10-26,5872.5,6150,5782.5,5902.5,200
2015-10-27,5865,5887.5,5512.5,5550,300
2015-10-28,5542.5,5955,5437.5,5730,200
2015-10-29,5737.5,5910,5430,5430,300
2015-10-30,5437.5,5497.5,5085,5445,600
2015-11-02,5475,5992.5,5467.5,5925,300
2015-11-03,5925,6255,5812.5,6030,300
2015-11-04,6030,6247.5,5947.5,6037.5,300
2015-11-05,5947.5,6067.5,5685,5955,200
2015-11-06,5902.5,6082.5,5707.5,6060,200
2015-11-09,6022.5,6142.5,5737.5,5917.5,200
2015-11-10,5880,6225,5775,6210,300
2015-11-11,6247.5,6262.5,5625,5730,300
2015-11-12,5670,6172.5,5437.5,5557.5,200
2015-11-13,5505,5760,5460,5550,200
2015-11-16,5512.5,5700,5467.5,5587.5,200
2015-11-17,5610,5662.5,5377.5,5445,200
2015-11-18,5475,5512.5,5325,5475,100
2015-11-19,5400,5407.5,5220,5362.5,200
2015-11-20,5400,5730,5332.5,5625,200
2015-11-23,5632.5,5910,5482.5,5722.5,200
2015-11-24,5677.5,5685,5430,5512.5,200
2015-11-25,5482.5,6225,5445,6172.5,300
2015-11-27,6247.5,7065,6247.5,6952.5,300
2015-11-30,7050,7635,6825,7237.5,800
2015-12-01,7245,7500,7012.5,7462.5,300
2015-12-02,7687.5,8242.5,7627.5,8092.5,700
2015-12-03,8625,8850,7875,7897.5,1300
2015-12-04,7117.5,7125,6435,6495,1000
2015-12-07,6442.5,6442.5,5760,5865,600
2015-12-08,5775,6045,5655,5662.5,400
2015-12-09,5625,5640,5340,5430,600
2015-12-10,5400,5617.5,5310,5527.5,400
2015-12-11,5460,5632.5,5302.5,5385,500
2015-12-14,5362.5,5572.5,4972.5,5032.5,900
2015-12-15,5182.5,5287.5,4912.5,5115,500
2015-12-16,5175,5745,5092.5,5362.5,300
2015-12-17,5460,5805,5362.5,5715,400
2015-12-18,5722.5,6547.5,5677.5,6495,800
2015-12-21,6562.5,6630,5775,6045,1000
2015-12-22,6022.5,6060,5707.5,5842.5,200
2015-12-23,5880,5977.5,5782.5,5880,100
2015-12-24,5850,5940,5625,5677.5,100
2015-12-28,5655,5775,5460,5520,300
2015-12-29,5550,5677.5,5302.5,5437.5,300
2015-12-30,5437.5,5895,5370,5692.5,300
2015-12-31,5662.5,5812.5,5362.5,5400,400
2016-01-04,5347.5,5550,5175,5452.5,400
2016-01-05,5430,5535,5265,5452.5,300
2016-01-06,5310,5377.5,5145,5250,400
2016-01-07,5145,5175,4762.5,4912.5,700
2016-01-08,4882.5,4972.5,4627.5,4657.5,400
2016-01-11,4747.5,4762.5,3937.5,3952.5,1000
2016-01-12,3975,4222.5,3517.5,3682.5,900
2016-01-13,3795,3855,3375,3390,700
2016-01-14,3412.5,3652.5,2940,3487.5,900
2016-01-15,3382.5,3600,3225,3502.5,400
2016-01-19,3547.5,3600,3277.5,3292.5,300
2016-01-20,3142.5,3495,3000,3435,700
2016-01-21,3472.5,3502.5,3157.5,3210,400
2016-01-22,3262.5,3390,3187.5,3337.5,400
2016-01-25,3322.5,3592.5,3277.5,3352.5,300
2016-01-26,3367.5,3420,3165,3315,200
2016-01-27,3292.5,3472.5,3202.5,3232.5,200
2016-01-28,3262.5,3292.5,3112.5,3150,300
2016-01-29,3165,3412.5,3090,3322.5,300
2016-02-01,3322.5,3435,3270,3352.5,200
2016-02-02,3315,3397.5,3232.5,3247.5,300
2016-02-03,3277.5,3277.5,2925,3015,500
2016-02-04,3000,3247.5,3000,3172.5,200
2016-02-05,3150,3150,3000,3015,200
2016-02-08,2925,2962.5,2722.5,2842.5,400
2016-02-09,2767.5,2962.5,2625,2790,500
2016-02-10,2865,2955,2707.5,2745,300
2016-02-11,2685,2880,2655,2850,200
2016-02-12,2880,3075,2722.5,3067.5,300
2016-02-16,3142.5,3322.5,3030,3217.5,300
2016-02-17,3202.5,3585,3202.5,3502.5,400
2016-02-18,3532.5,3577.5,3210,3240,200
2016-02-19,3292.5,3585,3210,3577.5,300
2016-02-22,3585,3810,3487.5,3540,400
2016-02-23,3645,3937.5,3450,3502.5,400
2016-02-24,3480,3480,3225,3360,200
2016-02-25,3382.5,3502.5,3225,3292.5,200
2016-02-26,3277.5,3540,3277.5,3480,100
2016-02-29,3540,3712.5,3435,3517.5,300
2016-03-01,3585,4335,3585,4267.5,1000
2016-03-02,4327.5,4575,4267.5,4477.5,800
2016-03-03,4545,5167.5,4545,5032.5,600
2016-03-04,5115,5790,4770,5655,700
2016-03-07,6270,7462.5,6270,7350,2100
2016-03-08,7215,7770,7102.5,7387.5,1200
2016-03-09,7222.5,7455,6187.5,6915,1200
2016-03-10,6907.5,6907.5,6480,6585,400
2016-03-11,6600,6825,6187.5,6810,700
2016-03-14,6862.5,6862.5,6480,6487.5,500
2016-03-15,6105,6105,5190,5310,3000
2016-03-16,5310,5377.5,5197.5,5250,700
2016-03-17,5227.5,5400,5212.5,5370,600
2016-03-18,5355,5385,5212.5,5362.5,500
2016-03-21,5362.5,5400,5295,5325,400
2016-03-22,5272.5,5392.5,5265,5362.5,400
2016-03-23,5392.5,5407.5,4897.5,5010,1000
2016-03-24,5212.5,5272.5,5040,5242.5,600
2016-03-28,5295,5295,4980,5205,600
2016-03-29,5152.5,5317.5,4995,5287.5,400
2016-03-30,5272.5,5295,5100,5130,200
2016-03-31,5167.5,5287.5,5130,5235,1200
2016-04-01,5190,5265,5175,5242.5,600
2016-04-04,5257.5,5280,5010,5055,600
2016-04-05,5017.5,5017.5,4710,4770,500
2016-04-06,4800,4927.5,4575,4860,500
2016-04-07,4815,4927.5,4695,4785,300
2016-04-08,4852.5,4875,4687.5,4725,400
2016-04-11,4747.5,4912.5,4620,4807.5,400
2016-04-12,4792.5,5092.5,4792.5,5032.5,400
2016-04-13,5062.5,5235,4650,4815,900
2016-04-14,4800,4852.5,4680,4732.5,400
2016-04-15,4695,4987.5,4695,4830,200
2016-04-18,4815,4942.5,4732.5,4890,300
2016-04-19,4777.5,4822.5,4500,4597.5,800
2016-04-20,4597.5,4755,4575,4605,300
2016-04-21,4605,4695,4425,4507.5,400
2016-04-22,4507.5,4620,4455,4582.5,300
2016-04-25,4582.5,4642.5,4440,4485,200
2016-04-26,5175,5325,4950,5115,2200
2016-04-27,5070,5212.5,4882.5,5047.5,600
2016-04-28,5017.5,5017.5,4672.5,4680,600
2016-04-29,4672.5,4717.5,4357.5,4500,900
2016-05-02,4552.5,4612.5,4447.5,4582.5,300
2016-05-03,4515,4567.5,4282.5,4350,500
2016-05-04,4327.5,4425,4110,4402.5,600
2016-05-05,4455,4455,4035,4140,500
2016-05-06,4162.5,4275,4072.5,4132.5,300
2016-05-09,4207.5,4425,4080,4357.5,300
2016-05-10,4425,4447.5,4125,4275,300
2016-05-11,4260,4410,4170,4192.5,300
2016-05-12,4237.5,4462.5,4057.5,4207.5,400
2016-05-13,4192.5,4590,4140,4567.5,600
2016-05-16,4567.5,4725,4462.5,4672.5,400
2016-05-17,4657.5,4980,4605,4747.5,500
2016-05-18,4845,4897.5,4740,4807.5,200
2016-05-19,4815,4950,4567.5,4642.5,200
2016-05-20,4680,4890,4612.5,4845,200
2016-05-23,4867.5,4965,4740,4860,300
2016-05-24,4912.5,5122.5,4800,5107.5,400
2016-05-25,5100,5160,4987.5,5077.5,400
2016-05-26,5062.5,5062.5,4755,4800,300
2016-05-27,4815,5047.5,4807.5,5010,300
2016-05-31,5055,5242.5,4890,5085,600
2016-06-01,5062.5,5197.5,5025,5160,200
2016-06-02,5152.5,5310,5040,5235,300
2016-06-03,5235,5317.5,5025,5137.5,200
2016-06-06,5160,5250,5062.5,5197.5,200
2016-06-07,5242.5,5242.5,5062.5,5100,300
2016-06-08,5100,5190,4995,5152.5,300
2016-06-09,5130,5130,4882.5,4927.5,300
2016-06-10,4882.5,4882.5,4455,4650,300
2016-06-13,4642.5,4777.5,4612.5,4642.5,200
2016-06-14,4620,4732.5,4470,4582.5,300
2016-06-15,4627.5,4830,4507.5,4680,200
2016-06-16,4620,4800,4477.5,4590,200
2016-06-17,4605,4680,4395,4470,300
2016-06-20,4530,4657.5,4432.5,4560,200
2016-06-21,4545,4575,4395,4507.5,100
2016-06-22,4477.5,4575,4395,4440,100
2016-06-23,4507.5,4605,4470,4582.5,200
2016-06-24,4335,4575,4275,4545,500
2016-06-27,4500,4522.5,4087.5,4155,400
2016-06-28,4282.5,4410,4282.5,4357.5,200
2016-06-29,4417.5,4485,4252.5,4410,200
2016-06-30,4447.5,4447.5,4230,4335,100
2016-07-01,4305,4485,4290,4395,100
2016-07-05,4372.5,4372.5,4147.5,4222.5,300
2016-07-06,4162.5,4372.5,4065,4290,200
2016-07-07,4500,4785,4500,4605,500
2016-07-08,4620,4950,4597.5,4882.5,600
2016-07-11,4935,5062.5,4890,5062.5,300
2016-07-12,5077.5,5227.5,4980,5197.5,400
2016-07-13,5197.5,5250,5070,5145,300
2016-07-14,5152.5,5160,4852.5,4957.5,700
2016-07-15,5025,5025,4537.5,4687.5,600
2016-07-18,4665,5010,4620,4980,400
2016-07-19,5002.5,5167.5,4777.5,4792.5,200
2016-07-20,4837.5,4890,4710,4860,100
2016-07-21,5025,5152.5,4882.5,4927.5,300
2016-07-22,4957.5,5017.5,4882.5,4957.5,200
2016-07-25,4950,5122.5,4950,4995,200
2016-07-26,4995,5040,4875,4912.5,100
2016-07-27,4995,5010,4890,4942.5,100
2016-07-28,4950,4950,4777.5,4897.5,200
2016-07-29,4867.5,4995,4807.5,4860,200
2016-08-01,4852.5,4867.5,4680,4762.5,200
2016-08-02,4755,4890,4680,4687.5,200
2016-08-03,4657.5,4807.5,4575,4800,100
2016-08-04,4822.5,4890,4747.5,4785,100
2016-08-05,4837.5,4837.5,4582.5,4777.5,200
2016-08-08,4770,4860,4770,4770,100
2016-08-09,4777.5,4777.5,4515,4612.5,200
2016-08-10,4605,4702.5,4597.5,4620,100
2016-08-11,4672.5,4837.5,4627.5,4762.5,200
2016-08-12,4755,4762.5,4635,4710,100
2016-08-15,4725,4875,4725,4837.5,100
2016-08-16,4800,4875,4627.5,4635,300
2016-08-17,5152.5,5347.5,4935,5227.5,1400
2016-08-18,5250,5737.5,5250,5730,1300
2016-08-19,5730,5827.5,5550,5610,700
2016-08-22,5610,5857.5,5580,5827.5,300
2016-08-23,5820,5955,5647.5,5677.5,400
2016-08-24,5685,5782.5,5437.5,5490,300
2016-08-25,5475,5527.5,5302.5,5377.5,300
2016-08-26,5467.5,5512.5,5250,5392.5,300
2016-08-29,5392.5,5512.5,5295,5415,300
2016-08-30,5370,5445,5325,5385,200
2016-08-31,5385,5422.5,5257.5,5280,300
2016-09-01,5250,5317.5,5047.5,5167.5,300
2016-09-02,5197.5,5235,5032.5,5115,100
2016-09-06,5145,5160,5040,5115,100
2016-09-07,5107.5,5175,4912.5,4965,300
2016-09-08,4965,5167.5,4950,5122.5,100
2016-09-09,5092.5,5130,4830,4845,300
2016-09-12,4762.5,5115,4725,5040,200
2016-09-13,4972.5,5017.5,4740,4875,200
2016-09-14,4890,5025,4815,4852.5,300
2016-09-15,4852.5,5025,4762.5,4980,200
2016-09-16,4995,5250,4950,4987.5,400
2016-09-19,5055,5055,4822.5,4882.5,200
2016-09-20,5032.5,5190,4965,5100,200
2016-09-21,5152.5,5205,4875,5002.5,300
2016-09-22,5025,5182.5,5025,5160,200
2016-09-23,5167.5,5220,5040,5040,200
2016-09-26,5025,5100,4972.5,5047.5,100
2016-09-27,5055,5085,5002.5,5070,100
2016-09-28,5047.5,5227.5,5040,5205,200
2016-09-29,5145,5197.5,4942.5,4957.5,200
2016-09-30,4980,5137.5,4927.5,5100,200
2016-10-03,5032.5,5077.5,4905,4987.5,200
2016-10-04,4980,5002.5,4755,4807.5,400
2016-10-05,4792.5,4822.5,4530,4597.5,400
2016-10-06,4552.5,4575,4125,4237.5,700
2016-10-07,4215,4342.5,3900,4012.5,800
2016-10-10,4050,4230,3915,3930,400
2016-10-11,3930,3967.5,3675,3727.5,500
2016-10-12,3750,3750,3382.5,3397.5,1100
2016-10-13,3217.5,3367.5,3172.5,3270,1000
2016-10-14,3270,3307.5,3172.5,3217.5,300
2016-10-17,3150,3262.5,3112.5,3150,200
2016-10-18,3150,3262.5,3112.5,3225,200
2016-10-19,3225,3562.5,3187.5,3487.5,700
2016-10-20,3562.5,3862.5,3562.5,3787.5,600
2016-10-21,3750,3900,3675,3712.5,300
2016-10-24,3750,3787.5,3487.5,3525,200
2016-10-25,3562.5,3675,3375,3375,300
2016-10-26,3337.5,3487.5,3300,3375,200
2016-10-27,3412.5,3412.5,3225,3225,200
2016-10-28,3225,3300,3037.5,3300,400
2016-10-31,3225,3337.5,3187.5,3262.5,200
2016-11-01,3225,3262.5,3150,3187.5,200
2016-11-02,3262.5,3337.5,3157.5,3187.5,300
2016-11-03,3150,3262.5,3037.5,3037.5,200
2016-11-04,3037.5,3150,3000,3037.5,300
2016-11-07,3112.5,3375,3075,3300,300
2016-11-08,3337.5,3450,3262.5,3300,200
2016-11-09,3187.5,3637.5,3187.5,3600,300
2016-11-10,3675,3862.5,3600,3787.5,400
2016-11-11,3750,4087.5,3750,4050,400
2016-11-14,4087.5,4312.5,3937.5,4050,400
2016-11-15,4050,4237.5,3975,4125,200
2016-11-16,4125,4237.5,4050,4162.5,200
2016-11-17,4387.5,4425,3787.5,3862.5,400
2016-11-18,3862.5,4087.5,3825,3975,100
2016-11-21,3975,4050,3787.5,3900,200
2016-11-22,3900,3975,3787.5,3937.5,100
2016-11-23,3862.5,3937.5,3825,3900,100
2016-11-25,3862.5,3862.5,3787.5,3862.5,0
2016-11-28,3825,3900,3787.5,3825,200
2016-11-29,3825,3862.5,3637.5,3675,300
2016-11-30,3637.5,3825,3600,3712.5,200
2016-12-01,3712.5,3825,3712.5,3712.5,200
2016-12-02,3712.5,3750,3600,3600,200
2016-12-05,3600,3810,3600,3637.5,200
2016-12-06,3637.5,3675,3412.5,3562.5,300
2016-12-07,3562.5,3712.5,3487.5,3562.5,200
2016-12-08,3487.5,3697.5,3375,3450,300
2016-12-09,3412.5,3585,3375,3525,300
2016-12-12,3487.5,3525,3262.5,3337.5,300
2016-12-13,3412.5,3412.5,3187.5,3300,200
2016-12-14,3300,3337.5,3187.5,3225,300
2016-12-15,3262.5,3337.5,3187.5,3262.5,400
2016-12-16,3300,3412.5,3225,3300,300
2016-12-19,3262.5,3375,3060,3112.5,400
2016-12-20,3187.5,3375,3150,3262.5,300
2016-12-21,3337.5,3337.5,3187.5,3225,200
2016-12-22,3187.5,3210,3112.5,3112.5,200
2016-12-23,3150,3300,3112.5,3262.5,200
2016-12-27,3225,3375,3225,3262.5,300
2016-12-28,3225,3262.5,3150,3187.5,200
2016-12-29,3150,3225,3112.5,3187.5,300
2016-12-30,3225,3262.5,3112.5,3150,300
2017-01-03,3150,3225,3112.5,3112.5,400
2017-01-04,3187.5,3562.5,3150,3337.5,600
2017-01-05,3337.5,3375,3150,3150,200
2017-01-06,3187.5,3225,3112.5,3150,100
2017-01-09,3150,3187.5,3112.5,3112.5,300
2017-01-10,3112.5,3375,3037.5,3375,600
2017-01-11,3375,3375,3262.5,3300,200
2017-01-12,3300,3375,3225,3337.5,200
2017-01-13,3375,3487.5,3345,3412.5,200
2017-01-17,3412.5,3412.5,3300,3337.5,100
2017-01-18,3300,3412.5,3262.5,3262.5,100
2017-01-19,3300,3375,3187.5,3300,200
2017-01-20,3300,3322.5,3262.5,3262.5,100
2017-01-23,3262.5,3300,3150,3150,100
2017-01-24,3337.5,3712.5,3337.5,3562.5,800
2017-01-25,3562.5,3637.5,3450,3637.5,400
2017-01-26,3675,3712.5,3600,3600,200
2017-01-27,3637.5,3712.5,3562.5,3712.5,300
2017-01-30,3675,3675,3487.5,3525,200
2017-01-31,3525,3600,3450,3562.5,100
2017-02-01,3637.5,3712.5,3450,3450,100
2017-02-02,3487.5,3540,3150,3300,400
2017-02-03,3300,3562.5,3300,3562.5,200
2017-02-06,3487.5,3540,3300,3300,200
2017-02-07,3375,3450,3300,3337.5,200
2017-02-08,3412.5,3412.5,3262.5,3262.5,200
2017-02-09,3225,3300,3225,3300,100
2017-02-10,3337.5,3337.5,3262.5,3337.5,100
2017-02-13,3375,3375,3262.5,3337.5,200
2017-02-14,3337.5,3375,3300,3375,200
2017-02-15,3337.5,3375,3337.5,3375,100
2017-02-16,3337.5,3450,3300,3322.5,100
2017-02-17,3337.5,3337.5,3225,3337.5,200
2017-02-21,3337.5,3435,3262.5,3412.5,200
2017-02-22,3375,3412.5,3300,3375,100
2017-02-23,3375,3375,3225,3225,200
2017-02-24,3225,3375,3187.5,3225,100
2017-02-27,3225,3337.5,3187.5,3262.5,200
2017-02-28,3262.5,3315,3150,3150,200
2017-03-01,3225,3337.5,3150,3300,300
2017-03-02,3300,3337.5,3187.5,3187.5,200
2017-03-03,3225,3247.5,3187.5,3187.5,200
2017-03-06,3187.5,3225,3075,3075,300
2017-03-07,3112.5,3112.5,3037.5,3037.5,200
2017-03-08,3075,3255,2962.5,2962.5,500
2017-03-09,3075,3075,2962.5,2962.5,200
2017-03-10,2962.5,3075,2962.5,3000,200
2017-03-13,3000,3037.5,2962.5,3000,200
2017-03-14,3000,3037.5,2887.5,2887.5,400
2017-03-15,2887.5,3037.5,2850,2925,400
2017-03-16,3000,3037.5,2925,3037.5,200
2017-03-17,3000,3075,2962.5,3000,400
2017-03-20,3075,3225,3075,3187.5,300
2017-03-21,3225,3300,2887.5,2925,700
2017-03-22,2962.5,3075,2887.5,3000,300
2017-03-23,3037.5,3075,2925,3037.5,200
2017-03-24,3037.5,3150,3000,3000,100
2017-03-27,2925,3075,2925,3037.5,100
2017-03-28,3187.5,3187.5,3075,3112.5,500
2017-03-29,3075,3075,2985,3000,200
2017-03-30,3000,3037.5,2962.5,3037.5,200
2017-03-31,3037.5,3045,3000,3037.5,200
2017-04-03,3000,3037.5,2962.5,3000,300
2017-04-04,3000,3022.5,2962.5,3000,200
2017-04-05,3037.5,3075,2887.5,2887.5,300
2017-04-06,2925,2962.5,2850,2850,300
2017-04-07,2887.5,2887.5,2737.5,2775,300
2017-04-10,2850,2850,2625,2700,300
2017-04-11,2737.5,2775,2662.5,2662.5,200
2017-04-12,2662.5,2700,2625,2662.5,300
2017-04-13,2700,2700,2475,2662.5,600
2017-04-17,2662.5,3150,2662.5,3112.5,600
2017-04-18,3112.5,3112.5,2925,3037.5,200
2017-04-19,3000,3225,3000,3112.5,400
2017-04-20,3150,3187.5,3150,3187.5,100
2017-04-21,3187.5,3187.5,2925,2925,200
2017-04-24,2962.5,3000,2850,2962.5,300
2017-04-25,3000,3090,2925,3000,200
2017-04-26,3000,3075,2925,3037.5,300
2017-04-27,3037.5,3060,2850,2925,300
2017-04-28,2962.5,2962.5,2760,2850,200
2017-05-01,2850,2887.5,2775,2775,100
2017-05-02,2812.5,2812.5,2625,2625,300
2017-05-03,2625,2625,2550,2587.5,200
2017-05-04,2587.5,2610,2550,2550,200
2017-05-05,2287.5,2287.5,1950,2175,2000
2017-05-08,2175,2175,2062.5,2137.5,600
2017-05-09,2137.5,2212.5,2025,2100,500
2017-05-10,2025,2100,1815,1987.5,800
2017-05-11,1987.5,2025,1912.5,1950,300
2017-05-12,1912.5,1972.5,1837.5,1950,800
2017-05-15,1987.5,2025,1875,1912.5,200
2017-05-16,1912.5,1950,1687.5,1725,600
2017-05-17,1762.5,1800,1650,1725,400
2017-05-18,1762.5,1762.5,1650,1687.5,300
2017-05-19,1612.5,1687.5,1612.5,1612.5,300
2017-05-22,1612.5,1650,1500,1537.5,500
2017-05-23,1537.5,1575,1462.5,1500,500
2017-05-24,1500,1575,1462.5,1575,300
2017-05-25,1537.5,1575,1500,1500,200
2017-05-26,1500,1537.5,1462.5,1462.5,300
2017-05-30,1462.5,1537.5,1462.5,1537.5,300
2017-05-31,1537.5,1575,1462.5,1462.5,300
2017-06-01,1500,1612.5,1425,1612.5,300
2017-06-02,1575,1837.5,1575,1762.5,500
2017-06-05,1800,1800,1650,1672.5,300
2017-06-06,1612.5,1650,1425,1500,600
2017-06-07,1537.5,1575,1500,1575,200
2017-06-08,1575,1575,1500,1537.5,100
2017-06-09,1537.5,1687.5,1462.5,1612.5,200
2017-06-12,1650,1650,1537.5,1575,300
2017-06-13,1575,1627.5,1575,1575,200
2017-06-14,1575,1650,1575,1650,100
2017-06-15,1650,1650,1575,1612.5,100
2017-06-16,1650,1650,1597.5,1612.5,100
2017-06-19,1612.5,1837.5,1612.5,1800,300
2017-06-20,1875,2025,1860,1950,600
2017-06-21,1950,2175,1875,2175,300
2017-06-22,2250,2887.5,2175,2737.5,900
2017-06-23,2775,2782.5,1987.5,2137.5,4900
2017-06-26,2100,2100,1837.5,1912.5,1000
2017-06-27,2250,2272.5,1950,2062.5,600
2017-06-28,2287.5,2325,2025,2062.5,1200
2017-06-29,2100,2167.5,2025,2025,300
2017-06-30,2062.5,2137.5,1950,2025,300
2017-07-03,2062.5,2092.5,1875,1912.5,200
2017-07-05,1950,1957.5,1762.5,1912.5,600
2017-07-06,1837.5,1837.5,1762.5,1762.5,400
2017-07-07,1725,1762.5,1687.5,1762.5,300
2017-07-10,1725,1762.5,1612.5,1672.5,500
2017-07-11,1687.5,1762.5,1650,1687.5,600
2017-07-12,1687.5,1762.5,1650,1725,300
2017-07-13,1687.5,1725,1687.5,1725,200
2017-07-14,1725,1725,1687.5,1687.5,100
2017-07-17,1687.5,1725,1650,1672.5,100
2017-07-18,1650,1680,1537.5,1612.5,600
2017-07-19,1575,1687.5,1575,1650,200
2017-07-20,1687.5,1687.5,1650,1650,200
2017-07-21,1687.5,1687.5,1650,1650,300
2017-07-24,1687.5,1687.5,1575,1575,400
2017-07-25,1575,1687.5,1575,1650,200
2017-07-26,1612.5,1800,1612.5,1800,400
2017-07-27,1800,1912.5,1785,1837.5,400
2017-07-28,1800,1837.5,1725,1837.5,200
2017-07-31,1425,1612.5,1237.5,1350,3000
2017-08-01,1200,1350,1110,1275,1200
2017-08-02,1237.5,1275,1125,1200,900
2017-08-03,1162.5,1425,1162.5,1425,400
2017-08-04,1425,1425,1275,1350,300
2017-08-07,1425,1537.5,1387.5,1500,600
2017-08-08,1462.5,1477.5,1350,1350,200
2017-08-09,1350,1462.5,1312.5,1312.5,300
2017-08-10,1162.5,1185,825,922.5,3200
2017-08-11,937.5,975,900,937.5,600
2017-08-14,975,1012.5,937.5,1012.5,300
2017-08-15,1050,1050,975,1012.5,300
2017-08-16,1012.5,1012.5,937.5,975,300
2017-08-17,975,975,900,937.5,400
2017-08-18,900,975,900,937.5,100
2017-08-21,975,975,900,937.5,200
2017-08-22,937.5,937.5,900,922.5,300
2017-08-23,900,937.5,862.5,862.5,300
2017-08-24,862.5,900,862.5,885,300
2017-08-25,900,900,862.5,885,200
2017-08-28,900,900,862.5,862.5,200
2017-08-29,862.5,900,825,862.5,400
2017-08-30,825,862.5,825,862.5,300
2017-08-31,825,900,825,862.5,400
2017-09-01,862.5,937.5,862.5,900,300
2017-09-05,900,937.5,900,900,100
2017-09-06,900,937.5,862.5,862.5,400
2017-09-07,862.5,900,862.5,885,200
2017-09-08,862.5,900,862.5,862.5,100
2017-09-11,862.5,900,862.5,885,200
2017-09-12,900,900,862.5,862.5,200
2017-09-13,862.5,937.5,862.5,900,300
2017-09-14,900,975,900,937.5,300
2017-09-15,937.5,1012.5,937.5,975,500
2017-09-18,975,1012.5,937.5,1012.5,400
2017-09-19,1012.5,1012.5,975,975,200
2017-09-20,1012.5,1012.5,975,975,200
2017-09-21,975,1012.5,975,1012.5,100
2017-09-22,1012.5,1050,990,1050,200
2017-09-25,1012.5,1087.5,1012.5,1012.5,200
2017-09-26,1012.5,1050,975,1012.5,400
2017-09-27,1012.5,1050,975,1035,300
2017-09-28,1012.5,1125,1012.5,1072.5,300
2017-09-29,1087.5,1125,1072.5,1087.5,200
2017-10-02,1125,1275,1110,1200,300
2017-10-03,1237.5,1687.5,1222.5,1350,1500
2017-10-04,1312.5,1387.5,1162.5,1200,500
2017-10-05,1237.5,1275,1200,1237.5,200
2017-10-06,1275,1312.5,1125,1237.5,300
2017-10-09,1237.5,1237.5,1087.5,1087.5,300
2017-10-10,1087.5,1162.5,1087.5,1125,100
2017-10-11,1162.5,1162.5,1117.5,1147.5,100
2017-10-12,1125,1162.5,1050,1087.5,300
2017-10-13,1125,1162.5,1050,1125,200
2017-10-16,1125,1125,1050,1125,100
2017-10-17,1087.5,1125,1087.5,1125,100
2017-10-18,1125,1125,1012.5,1012.5,200
2017-10-19,1050,1050,1012.5,1012.5,0
2017-10-20,1012.5,1125,1012.5,1125,100
2017-10-23,1125,1125,1087.5,1087.5,100
2017-10-24,1087.5,1125,1050,1087.5,100
2017-10-25,1080,1125,1080,1087.5,0
2017-10-26,1125,1125,1012.5,1012.5,400
2017-10-27,1050,1050,1012.5,1050,100
2017-10-30,1012.5,1125,1012.5,1087.5,200
2017-10-31,1050,1050,937.5,975,500
2017-11-01,975,1005,937.5,975,200
2017-11-02,975,1012.5,952.5,1012.5,100
2017-11-03,1012.5,1012.5,975,1012.5,300
2017-11-06,1012.5,1012.5,975,975,100
2017-11-07,975,1012.5,937.5,937.5,100
2017-11-08,975,975,937.5,937.5,100
2017-11-09,937.5,1012.5,937.5,975,100
2017-11-10,975,1012.5,937.5,937.5,100
2017-11-13,937.5,975,937.5,952.5,200
2017-11-14,975,975,937.5,937.5,100
2017-11-15,975,975,937.5,975,100
2017-11-16,937.5,975,937.5,952.5,200
2017-11-17,975,1012.5,937.5,975,100
2017-11-20,937.5,975,937.5,975,200
2017-11-21,975,1012.5,937.5,975,200
2017-11-22,975,975,937.5,952.5,100
2017-11-24,937.5,975,900,975,100
2017-11-27,937.5,937.5,900,937.5,100
2017-11-28,937.5,937.5,900,900,100
2017-11-29,900,937.5,900,907.5,100
2017-11-30,937.5,937.5,862.5,900,200
2017-12-01,900,937.5,862.5,885,200
2017-12-04,900,900,787.5,825,700
2017-12-05,825,825,787.5,810,300
2017-12-06,825,825,787.5,810,100
2017-12-07,787.5,825,712.5,712.5,400
2017-12-08,750,787.5,712.5,735,400
2017-12-11,727.5,787.5,712.5,727.5,200
2017-12-12,720,750,540,622.5,700
2017-12-13,600,712.5,600,675,500
2017-12-14,675,697.5,637.5,637.5,300
2017-12-15,652.5,667.5,637.5,660,300
2017-12-18,660,712.5,630,660,500
2017-12-19,690,697.5,577.5,615,700
2017-12-20,600,667.5,600,600,200
2017-12-21,600,652.5,592.5,637.5,200
2017-12-22,630,660,607.5,622.5,200
2017-12-26,630,675,622.5,637.5,300
2017-12-27,630,637.5,562.5,570,700
2017-12-28,600,637.5,577.5,615,500
2017-12-29,600,630,577.5,577.5,700
2018-01-02,592.5,712.5,585,682.5,800
2018-01-03,682.5,742.5,450,540,1700
2018-01-04,600,600,540,577.5,300
2018-01-05,592.5,600,547.5,555,400
2018-01-08,555,562.5,517.5,517.5,300
2018-01-09,510,540,510,525,300
2018-01-10,532.5,540,495,525,100
2018-01-11,532.5,555,525,532.5,200
2018-01-12,540,547.5,532.5,540,100
2018-01-16,532.5,540,502.5,532.5,200
2018-01-17,532.5,592.5,502.5,555,2000
2018-01-18,562.5,562.5,495,517.5,700
2018-01-19,510,532.5,495,517.5,200
2018-01-22,510,517.5,487.5,502.5,200
2018-01-23,502.5,525,495,510,100
2018-01-24,487.5,525,487.5,502.5,200
2018-01-25,502.5,510,487.5,502.5,200
2018-01-26,517.5,525,487.5,502.5,700
2018-01-29,502.5,502.5,390,435,1400
2018-01-30,412.5,427.5,390,412.5,500
2018-01-31,412.5,412.5,382.5,397.5,300
2018-02-01,390,412.5,382.5,382.5,100
2018-02-02,390,405,382.5,397.5,200
2018-02-05,397.5,397.5,382.5,390,100
2018-02-06,382.5,412.5,382.5,405,100
2018-02-07,405,412.5,390,405,100
2018-02-08,405,412.5,390,397.5,100
2018-02-09,397.5,412.5,337.5,360,400
2018-02-12,360,412.5,360,412.5,200
2018-02-13,420,435,390,390,200
2018-02-14,390,405,382.5,390,200
2018-02-15,390,397.5,375,382.5,100
2018-02-16,382.5,412.5,375,390,200
2018-02-20,382.5,390,345,345,400
2018-02-21,352.5,375,337.5,352.5,300
2018-02-22,352.5,375,352.5,352.5,100
2018-02-23,352.5,375,352.5,360,200
2018-02-26,367.5,390,352.5,360,200
2018-02-27,375,375,352.5,360,100
2018-02-28,360,367.5,352.5,352.5,100
2018-03-01,352.5,367.5,345,345,100
2018-03-02,345,382.5,345,375,200
2018-03-05,382.5,435,382.5,390,700
2018-03-06,412.5,435,405,420,300
2018-03-07,420,427.5,390,390,200
2018-03-08,622.5,735,562.5,585,21800
2018-03-09,570,585,487.5,540,2900
2018-03-12,525,525,457.5,502.5,1400
2018-03-13,502.5,502.5,465,480,600
2018-03-14,510,510,450,450,600
2018-03-15,450,465,412.5,457.5,900
2018-03-16,457.5,502.5,442.5,480,500
2018-03-19,465,472.5,427.5,442.5,500
2018-03-20,450,480,427.5,472.5,700
2018-03-21,465,510,457.5,457.5,800
2018-03-22,450,480,435,435,300
2018-03-23,450,450,420,435,300
2018-03-26,450,465,405,427.5,500
2018-03-27,427.5,427.5,397.5,397.5,400
2018-03-28,397.5,412.5,390,397.5,200
2018-03-29,405,412.5,390,405,200
2018-04-02,397.5,412.5,375,382.5,400
2018-04-03,382.5,397.5,367.5,367.5,300
2018-04-04,367.5,390,367.5,382.5,300
2018-04-05,375,405,360,375,200
2018-04-06,382.5,405,375,375,100
2018-04-09,367.5,367.5,247.5,262.5,2300
2018-04-10,262.5,315,262.5,292.5,1300
2018-04-11,300,307.5,277.5,285,400
2018-04-12,277.5,292.5,270,277.5,600
2018-04-13,270,277.5,270,270,700
2018-04-16,262.5,270,247.5,255,500
2018-04-17,245.100006,285.899994,231.300003,282,1800
2018-04-18,283.5,283.5,255.899994,255.899994,1000
2018-04-19,253.800003,281.100006,234,247.5,1100
2018-04-20,247.199997,262.5,246.300003,257.700012,300
2018-04-23,253.5,253.5,243.600006,243.600006,200
2018-04-24,243.600006,250.800003,235.5,245.699997,1400
2018-04-25,236.699997,240.600006,204,204,1700
2018-04-26,199.5,223.5,187.5,192,3400
2018-04-27,191.399994,245.399994,191.399994,235.199997,2900
2018-04-30,233.399994,251.399994,216.300003,219,1500
2018-05-01,217.800003,238.5,217.800003,237,1100
2018-05-02,235.199997,455.700012,235.199997,404.700012,102200
2018-05-03,313.799988,339.899994,240.300003,247.800003,19300
2018-05-04,249,270,233.699997,233.699997,5600
2018-05-07,240.300003,256.5,217.5,249,4000
2018-05-08,234.300003,251.699997,226.5,244.5,3800
2018-05-09,267,267,226.5,235.5,4700
2018-05-10,239.699997,243,225,227.699997,4100
2018-05-11,229.199997,236.699997,220.800003,225,3000
2018-05-14,229.199997,250.5,222,246,5000
2018-05-15,243.300003,281.100006,234,258.600006,3900
2018-05-16,263.399994,270.299988,232.5,234.600006,4000
2018-05-17,237.600006,249,225,235.800003,5300
2018-05-18,239.399994,239.399994,219,226.800003,3000
2018-05-21,228,228,210.899994,214.199997,2300
2018-05-22,214.199997,223.199997,210,217.5,3800
2018-05-23,228,228,195,210.300003,4400
2018-05-24,208.5,213.300003,200.100006,203.100006,1200
2018-05-25,202.5,207,198.300003,202.5,800
2018-05-29,201,202.5,187.5,191.699997,1600
2018-05-30,191.100006,199.5,184.800003,196.800003,3700
2018-05-31,199.5,201,187.5,194.699997,2100
2018-06-01,198.899994,201,190.800003,196.5,1100
2018-06-04,192,200.399994,185.100006,192.300003,1600
2018-06-05,193.800003,209.399994,193.199997,205.800003,900
2018-06-06,207,215.399994,203.399994,209.100006,800
2018-06-07,213.899994,224.399994,203.100006,214.800003,1100
2018-06-08,212.699997,222,202.5,220.5,700
2018-06-11,224.699997,226.5,219,222,600
2018-06-12,223.5,228,213.899994,217.5,200
2018-06-13,216,216.899994,195,199.800003,2000
2018-06-14,202.199997,207.899994,195.300003,200.399994,900
2018-06-15,200.399994,202.5,174,174,2700
2018-06-18,172.800003,174,141,144.600006,5600
2018-06-19,142.800003,160.5,131.699997,138,3700
2018-06-20,140.699997,142.5,100.800003,101.099998,8700
2018-06-21,58.799999,58.799999,52.5,56.099998,60000
2018-06-22,57,57,54.299999,54.299999,10500
2018-06-25,55.799999,56.700001,52.5,55.200001,6500
2018-06-26,54.900002,55.5,54,54,8400
2018-06-27,54.299999,55.5,52.799999,54,11700
2018-06-28,54,54,51.599998,52.5,4200
2018-06-29,53.400002,53.400002,50.700001,51,3900
2018-07-02,51.599998,52.5,51.299999,51.900002,8000
2018-07-03,51,51.900002,48.900002,50.700001,4000
2018-07-05,51,55.5,50.700001,53.400002,18600
2018-07-06,55.799999,71.699997,55.799999,60.299999,242700
2018-07-09,61.5,61.799999,58.5,59.400002,40700
2018-07-10,59.099998,60.599998,58.5,59.400002,19100
2018-07-11,61.799999,65.400002,60.299999,64.199997,32400
2018-07-12,64.5,66.900002,60.900002,61.799999,25300
2018-07-13,62.400002,63,60,61.5,8600
2018-07-16,63,63,57,58.5,13900
2018-07-17,58.5,62.400002,58.5,61.5,4400
2018-07-18,61.799999,61.799999,58.5,60,3600
2018-07-19,61.200001,61.5,59.099998,60.599998,5700
2018-07-20,62.400002,64.800003,60.599998,62.099998,10600
2018-07-23,61.5,62.099998,59.099998,60,8300
2018-07-24,60.299999,62.700001,59.099998,59.099998,3600
2018-07-25,60.900002,62.099998,59.700001,60.900002,5400
2018-07-26,62.700001,62.700001,60.900002,62.400002,4100
2018-07-27,61.5,62.099998,60.299999,61.200001,4200
2018-07-30,61.200001,64.800003,60.299999,64.5,12500
2018-07-31,64.800003,66.300003,60.900002,61.5,10300
2018-08-01,63.299999,63.299999,60,61.200001,4500
2018-08-02,60.599998,60.900002,59.400002,60,5200
2018-08-03,61.200001,61.200001,58.799999,59.400002,3500
2018-08-06,58.799999,60.900002,57,59.700001,6900
2018-08-07,59.099998,62.700001,58.5,62.400002,3300
2018-08-08,62.700001,62.700001,59.099998,59.099998,6100
2018-08-09,60,60,58.799999,59.700001,4200
2018-08-10,60,60,58.200001,59.400002,3700
2018-08-13,60,60,57.599998,58.799999,3400
2018-08-14,59.400002,60,57.299999,59.700001,3500
2018-08-15,59.400002,59.400002,57.299999,58.200001,3000
2018-08-16,58.200001,58.200001,54,55.5,4200
2018-08-17,58.5,58.5,55.799999,57.299999,3800
2018-08-20,58.5,58.5,56.099998,57.599998,2200
2018-08-21,58.5,59.400002,57.900002,58.799999,3400
2018-08-22,58.5,60,58.5,58.799999,2100
2018-08-23,59.099998,61.200001,59.099998,60.599998,2100
2018-08-24,60.599998,61.200001,58.799999,58.799999,1500
2018-08-27,58.799999,60.900002,58.799999,59.700001,1700
2018-08-28,60.299999,61.5,57.599998,58.799999,6000
2018-08-29,59.700001,59.700001,57.299999,57.900002,3600
2018-08-30,59.099998,59.700001,57.900002,58.5,1600
2018-08-31,57.900002,60,57.900002,58.5,800
2018-09-04,59.400002,59.400002,57,58.5,1800
2018-09-05,59.400002,59.400002,57.599998,58.200001,1600
2018-09-06,61.5,61.5,56.099998,57.900002,4900
2018-09-07,57,58.799999,57,58.200001,800
2018-09-10,57.599998,57.900002,55.799999,56.400002,1200
2018-09-11,56.400002,57.900002,55.799999,56.400002,1200
2018-09-12,57,58.200001,56.400002,57.900002,1500
2018-09-13,58.200001,59.400002,57,57.900002,900
2018-09-14,58.5,58.799999,56.700001,57,1100
2018-09-17,58.200001,58.200001,56.700001,57,200
2018-09-18,57,58.5,56.099998,56.400002,800
2018-09-19,56.099998,57.599998,56.099998,56.700001,900
2018-09-20,58.200001,59.400002,57.299999,58.5,2100
2018-09-21,58.5,58.799999,57,57,1200
2018-09-24,58.5,58.799999,57,57.599998,1500
2018-09-25,57.599998,60,56.700001,58.799999,1400
2018-09-26,58.5,63,58.5,58.5,5400
2018-09-27,59.099998,62.400002,59.099998,61.799999,4700
2018-09-28,63,68.400002,58.799999,60.599998,11200
2018-10-01,61.200001,64.5,61.200001,63,4300
2018-10-02,64.199997,66,60.299999,60.299999,10300
2018-10-03,61.799999,62.099998,57.900002,60,6400
2018-10-04,60.599998,61.200001,58.799999,60.900002,2300
2018-10-05,61.200001,61.5,59.400002,61.200001,2300
2018-10-08,61.200001,61.200001,60,60.900002,1500
2018-10-09,61.200001,64.5,60,61.5,4200
2018-10-10,60.599998,61.5,60,60,1800
2018-10-11,60.299999,62.099998,57.299999,59.700001,1700
2018-10-12,59.099998,60.299999,57.599998,59.700001,700
2018-10-15,60,60.599998,58.5,60.299999,1300
2018-10-16,61.799999,61.799999,59.099998,61.200001,2100
2018-10-17,61.200001,62.700001,59.700001,61.5,1000
2018-10-18,63,65.699997,62.099998,63,7300
2018-10-19,63.900002,74.400002,61.5,72,62300
2018-10-22,75,82.5,67.5,73.5,62600
2018-10-23,69,69,61.5,66,18600
2018-10-24,64.5,66.300003,59.700001,60,12400
2018-10-25,60,63.599998,55.5,61.5,15500
2018-10-26,60,63.900002,59.400002,60.299999,8400
2018-10-29,63.900002,63.900002,57.900002,60.299999,8300
2018-10-30,59.400002,59.400002,55.5,56.400002,8100
2018-10-31,56.700001,58.799999,55.200001,58.5,3900
2018-11-01,58.5,64.5,56.099998,62.099998,7500
2018-11-02,63.900002,64.5,59.099998,61.5,3500
2018-11-05,61.200001,61.5,59.400002,59.400002,2500
2018-11-06,59.400002,61.5,58.5,60.299999,4900
2018-11-07,60.299999,61.5,59.099998,61.5,2600
2018-11-08,60.599998,64.199997,60.299999,62.700001,4000
2018-11-09,62.400002,63,58.799999,59.700001,4700
2018-11-12,59.099998,60.900002,56.700001,59.700001,2700
2018-11-13,61.200001,61.200001,58.200001,60,1100
2018-11-14,60,60,56.400002,57.599998,2200
2018-11-15,57,59.700001,56.700001,59.700001,1700
2018-11-16,58.799999,59.400002,56.700001,56.700001,1200
2018-11-19,56.700001,58.799999,54.599998,56.099998,1900
2018-11-20,57.599998,59.400002,54.299999,57.299999,1400
2018-11-21,57,57,52.5,54.599998,5100
2018-11-23,53.099998,57.299999,49.799999,49.799999,1100
2018-11-26,55.799999,59.400002,54.599998,57.599998,5300
2018-11-27,59.400002,61.5,57.900002,60.299999,3700
2018-11-28,60.599998,61.200001,58.200001,60.599998,2800
2018-11-29,60.599998,60.599998,58.5,58.799999,1300
2018-11-30,59.099998,60.299999,58.5,59.700001,1300
2018-12-03,59.700001,62.400002,56.700001,59.700001,4000
2018-12-04,59.700001,61.799999,57,59.099998,3900
2018-12-06,60,61.5,58.799999,60.599998,2000
2018-12-07,60,61.799999,60,60.599998,1300
2018-12-10,60.299999,60.599998,57.599998,58.799999,1100
2018-12-11,60,60,56.700001,59.400002,1600
2018-12-12,59.700001,60.900002,58.799999,60.900002,1300
2018-12-13,60.599998,61.799999,58.200001,58.799999,1300
2018-12-14,58.5,58.5,55.799999,55.799999,2100
2018-12-17,56.099998,59.099998,51.299999,52.5,2600
2018-12-18,52.5,54.299999,49.200001,50.700001,5200
2018-12-19,50.400002,53.700001,45.299999,50.400002,1900
2018-12-20,48.599998,48.900002,45.599998,45.599998,2100
2018-12-21,45.599998,48,45,45,4300
2018-12-24,53.700001,53.700001,41.099998,43.5,800
2018-12-26,43.200001,45,40.799999,43.799999,3700
2018-12-27,44.400002,46.200001,42,42,1000
2018-12-28,42,51.299999,41.700001,45.900002,3200
2018-12-31,45.900002,49.799999,45,45.299999,1000
2019-01-02,44.700001,49.799999,44.700001,48.900002,800
2019-01-03,49.200001,49.5,45,45.599998,1200
2019-01-04,45.900002,48.599998,45.900002,48.599998,700
2019-01-07,48,48,45.299999,47.700001,1800
2019-01-08,47.700001,48.599998,45.599998,46.5,700
2019-01-09,48,49.200001,46.5,46.799999,1100
2019-01-10,48.299999,48.599998,46.799999,48,1000
2019-01-11,48,48.900002,46.5,48,600
2019-01-14,48,48.599998,45.900002,45.900002,1500
2019-01-15,46.200001,48.299999,44.700001,45.900002,1000
2019-01-16,47.099998,48,46.5,48,1300
2019-01-17,46.799999,51,43.5,47.400002,3700
2019-01-18,48.599998,48.900002,46.5,47.400002,800
2019-01-22,46.5,48,45.599998,45.599998,1100
2019-01-23,45.299999,47.099998,42.900002,44.700001,5100
2019-01-24,43.5,45,43.5,43.5,700
2019-01-25,43.799999,46.200001,43.799999,45.299999,700
2019-01-28,44.700001,53.700001,44.700001,49.799999,7200
2019-01-29,50.400002,51.599998,47.700001,51.299999,1800
2019-01-30,51,51,48,50.400002,900
2019-01-31,48.599998,51,48.299999,51,900
2019-02-01,50.099998,50.099998,47.400002,49.200001,600
2019-02-04,48.299999,51.900002,47.700001,48.299999,900
2019-02-05,49.200001,50.400002,46.799999,46.799999,900
2019-02-06,46.5,46.799999,43.799999,45.299999,1700
2019-02-07,46.799999,47.700001,45.299999,45.299999,1300
2019-02-08,46.200001,46.200001,43.799999,44.099998,800
2019-02-11,44.099998,46.5,43.799999,43.799999,800
2019-02-12,45,45,42.299999,43.799999,1500
2019-02-13,44.400002,44.400002,42,42.900002,900
2019-02-14,42.599998,44.099998,41.700001,43.200001,1300
2019-02-15,42.299999,44.099998,40.200001,42.599998,2600
2019-02-19,42,43.799999,41.099998,42.299999,2600
2019-02-20,42,46.200001,42,43.799999,3000
2019-02-21,43.5,43.799999,42.599998,42.599998,1900
2019-02-22,43.200001,43.200001,41.400002,43.200001,1300
2019-02-25,42.599998,43.200001,41.400002,43.200001,2000
2019-02-26,43.200001,43.5,42,42.900002,1200
2019-02-27,42.900002,45,42.900002,43.799999,1800
2019-02-28,43.799999,44.700001,43.5,43.5,2400
2019-03-01,43.5,45.599998,43.5,44.099998,1000
2019-03-04,44.099998,45,43.5,44.400002,800
2019-03-05,43.5,44.700001,42.599998,42.599998,700
2019-03-06,42.599998,44.099998,42.599998,42.900002,1600
2019-03-07,42.299999,46.799999,42,44.400002,6900
2019-03-08,51.599998,52.200001,45.599998,48.599998,12200
2019-03-11,50.700001,50.700001,47.700001,49.5,4300
2019-03-12,49.200001,49.5,47.099998,48.299999,2000
2019-03-13,48.900002,49.799999,48.299999,49.5,2200
2019-03-14,49.5,49.5,46.5,47.400002,3800
2019-03-15,46.5,49.5,45.599998,47.400002,2400
2019-03-18,46.5,47.400002,45,45.900002,2500
2019-03-19,48,51,46.200001,49.5,4000
2019-03-20,49.5,51,48.299999,50.700001,1500
2019-03-21,50.400002,50.700001,49.799999,49.799999,600
2019-03-22,49.799999,51,48.299999,50.700001,1300
2019-03-25,48.900002,49.5,47.099998,48,900
2019-03-26,48,50.700001,47.400002,48.900002,1000
2019-03-27,48.599998,48.599998,46.200001,48.599998,1500
2019-03-28,48,48,46.5,47.099998,1700
2019-03-29,47.099998,47.099998,44.700001,46.5,2900
2019-04-01,47.099998,47.400002,45,45.900002,3600
2019-04-02,45.900002,48,43.200001,46.200001,3100
2019-04-03,45.900002,47.700001,45,45.299999,600
2019-04-04,45,47.400002,45,46.799999,800
2019-04-05,47.700001,48,46.799999,47.099998,200
2019-04-08,46.200001,47.400002,46.200001,46.5,1000
2019-04-09,48,48,45.900002,46.5,400
2019-04-10,48,50.700001,46.5,48.299999,5500
2019-04-11,49.5,49.5,45.299999,47.400002,3500
2019-04-12,47.099998,48,45.900002,46.799999,500
2019-04-15,46.799999,48.299999,45.900002,47.099998,500
2019-04-16,46.5,47.700001,45.299999,45.599998,1800
2019-04-17,46.799999,47.700001,43.5,43.5,3800
2019-04-18,45.599998,48,40.5,45.900002,4000
2019-04-22,44.099998,47.400002,42,44.099998,1100
2019-04-23,44.400002,45,42.900002,45,1300
2019-04-24,45.299999,46.5,42.299999,43.799999,1300
2019-04-25,42.900002,45,42,42.299999,2400
2019-04-26,43.200001,45,42.900002,44.400002,1600
2019-04-29,43.799999,44.400002,40.799999,42,7100
2019-04-30,43.200001,43.5,41.400002,42.599998,1400
2019-05-01,43.200001,43.200001,38.400002,41.099998,3400
2019-05-02,40.799999,40.799999,36.599998,38.400002,4600
2019-05-03,37.5,38.700001,37.200001,37.799999,2200
2019-05-06,38.700001,40.5,37.799999,39.299999,1700
2019-05-07,40.5,41.099998,38.700001,39.299999,1300
2019-05-08,41.400002,41.400002,37.5,38.700001,1900
2019-05-09,39.900002,39.900002,36.299999,37.799999,1900
2019-05-10,40.5,40.5,37.200001,38.400002,2000
2019-05-13,37.5,38.400002,35.099998,36.599998,3500
2019-05-14,37.200001,37.5,35.400002,36.900002,1300
2019-05-15,35.700001,36.299999,34.799999,35.099998,1400
2019-05-16,35.700001,37.5,33.599998,36.599998,4200
2019-05-17,36,36.900002,33.900002,33.900002,1400
2019-05-20,33.900002,35.700001,32.099998,33,2700
2019-05-21,33.299999,37.5,33.299999,35.700001,3100
2019-05-22,36.299999,39,32.099998,32.400002,4200
2019-05-23,33,33.599998,31.799999,33.599998,1100
2019-05-24,33,34.200001,33,33.900002,100
2019-05-28,33.599998,35.099998,33.299999,33.299999,300
2019-05-29,33.299999,41.099998,30.6,31.5,7400
2019-05-30,31.799999,34.200001,31.200001,33.599998,1300
2019-05-31,33,35.099998,31.5,33.900002,1000
2019-06-03,33,34.5,30.6,30.9,3400
2019-06-04,30.9,31.5,26.4,29.4,3300
2019-06-05,29.1,29.1,25.799999,27,5100
2019-06-06,27,27.6,25.200001,25.799999,1500
2019-06-07,25.200001,25.799999,21.299999,22.5,6900
2019-06-10,21.9,23.1,21.299999,22.5,2300
2019-06-11,22.5,24.299999,22.5,22.799999,9200
2019-06-12,22.5,22.799999,21,21.6,1700
2019-06-13,21,22.200001,19.5,21.6,3600
2019-06-14,20.4,21.6,19.799999,21,2500
2019-06-17,21,22.5,21,21.6,1300
2019-06-18,21.6,23.700001,20.4,22.200001,5400
2019-06-19,21.9,24.299999,21.299999,22.5,1700
2019-06-20,23.700001,23.700001,20.4,22.5,1000
2019-06-21,22.200001,23.700001,21.9,21.9,700
2019-06-24,21.6,23.1,21,23.1,200
2019-06-25,22.799999,24.299999,21.6,23.4,2000
2019-06-26,23.1,23.1,21.6,22.799999,4800
2019-06-27,22.5,23.4,22.200001,22.200001,2100
2019-06-28,23.4,23.4,21.6,22.200001,3900
2019-07-01,22.5,23.4,21.299999,23.1,1300
2019-07-02,23.4,23.4,21.9,23.4,200
2019-07-03,22.799999,23.4,19.799999,22.200001,1400
2019-07-05,22.799999,23.4,22.200001,23.4,300
2019-07-08,23.4,23.4,19.799999,20.700001,2600
2019-07-09,21,21,19.5,19.5,2700
2019-07-10,20.1,22.5,18.299999,21,4900
2019-07-11,20.4,21.6,18.299999,20.700001,1900
2019-07-12,21.299999,21.299999,21,21,1100
2019-07-15,21.6,22.5,19.799999,20.700001,3800
2019-07-16,19.799999,21,18.6,20.4,2500
2019-07-17,19.5,21.299999,19.5,21,900
2019-07-18,20.4,21.299999,20.4,20.4,900
2019-07-19,20.4,20.4,19.5,19.5,1600
2019-07-22,19.799999,20.4,18.299999,19.200001,1400
2019-07-23,18.9,18.9,17.4,17.700001,1200
2019-07-24,17.700001,17.700001,15.6,16.799999,2000
2019-07-25,17.4,17.4,16.200001,16.200001,1500
2019-07-26,16.5,17.4,16.5,16.799999,700
2019-07-29,16.799999,17.1,16.799999,16.799999,500
2019-07-30,16.799999,17.4,16.5,17.1,3400
2019-07-31,16.799999,25.799999,16.799999,19.799999,25000
2019-08-01,20.1,20.4,19.5,19.5,1900
2019-08-02,19.799999,20.1,19.5,19.5,700
2019-08-05,19.5,19.5,18.6,19.5,1600
2019-08-06,19.200001,20.1,19.200001,20.1,1000
2019-08-07,20.1,20.1,18.9,19.799999,1000
2019-08-08,19.799999,20.1,19.200001,19.200001,1300
2019-08-09,19.5,20.1,18.299999,18.9,900
2019-08-12,18.9,19.200001,18.299999,18.299999,1100
2019-08-13,18.9,18.9,18.6,18.9,700
2019-08-14,18.000017,19.20002,18.000017,18.000017,13800
2019-08-15,20.100019,20.100019,18.000017,18.000017,20700
2019-08-16,17.700018,18.000017,16.800016,18.000017,25800
2019-08-19,17.400017,18.000017,16.800016,18.000017,21900
2019-08-20,18.000017,18.000017,17.100018,18.000017,24200
2019-08-21,17.700018,17.700018,16.800016,17.400017,38600
2019-08-22,17.400017,17.400017,16.800016,17.100018,28700
2019-08-23,17.100018,17.100018,16.800016,17.100018,10700
2019-08-26,17.100018,18.000017,16.800016,18.000017,25200
2019-08-27,18.000017,18.000017,17.100018,17.400017,32200
2019-08-28,17.700018,18.000017,16.200016,18.000017,64500
2019-08-29,17.400017,18.000017,16.500017,16.500017,17700
2019-08-30,17.100018,20.70002,16.500017,18.300018,23400
2019-09-03,18.300018,20.100019,18.300018,18.900019,31700
2019-09-04,18.300018,20.100019,18.300018,19.80002,38200
2019-09-05,19.80002,21.000021,19.500019,20.100019,12500
2019-09-06,20.400021,22.500023,19.500019,20.70002,14200
2019-09-09,20.70002,21.000021,20.100019,20.100019,15200
2019-09-10,19.500019,21.000021,18.300018,19.80002,16500
2019-09-11,19.80002,20.100019,18.600019,19.80002,13900
2019-09-12,19.500019,20.100019,18.600019,20.100019,13600
2019-09-13,20.100019,20.100019,18.000017,18.600019,22300
2019-09-16,18.600019,19.500019,18.000017,19.500019,15800
2019-09-17,18.900019,18.900019,17.700018,18.000017,31500
2019-09-18,17.700018,18.000017,16.200016,17.100018,56400
2019-09-19,17.400017,17.700018,16.200016,17.400017,7900
2019-09-20,17.400017,17.700018,17.100018,17.100018,5500
2019-09-23,17.100018,17.400017,15.600016,15.900016,14500
2019-09-24,16.500017,16.500017,15.600016,15.900016,16300
2019-09-25,15.600016,16.500017,15.600016,15.600016,12200
2019-09-26,17.100018,17.100018,15.600016,15.900016,4100
2019-09-27,15.600016,15.600016,13.500013,15.300015,22400
2019-09-30,15.000015,15.600016,15.000015,15.000015,9000
2019-10-01,15.000015,16.500017,14.100014,16.500017,11400
2019-10-02,15.300015,16.200016,15.000015,15.000015,13200
2019-10-03,15.900016,16.500017,14.400014,16.200016,16000
2019-10-04,15.300015,16.200016,14.400014,16.200016,6800
2019-10-07,15.900016,15.900016,14.400014,15.000015,17200
2019-10-08,15.000015,15.000015,14.100014,14.400014,5200
2019-10-09,14.700015,15.000015,14.700015,14.700015,17300
2019-10-10,14.700015,15.000015,14.100014,14.400014,40000
2019-10-11,13.500013,15.000015,13.500013,13.800014,6200
2019-10-14,14.700015,15.000015,14.700015,15.000015,24400
2019-10-15,15.000015,15.000015,13.500013,14.400014,12500
2019-10-16,13.800014,15.000015,13.500013,15.000015,8200
2019-10-17,13.500013,14.400014,13.500013,14.400014,27100
2019-10-18,13.500013,14.400014,12.600013,14.400014,49200
2019-10-21,13.500013,15.000015,12.000012,14.700015,2100
2019-10-22,12.000012,15.000015,10.50001,11.400011,57100
2019-10-23,12.000012,13.500013,11.700011,13.200013,38800
2019-10-24,13.500013,13.500013,12.000012,13.200013,20500
2019-10-25,12.600013,13.500013,12.300013,12.900013,32000
2019-10-28,12.300013,13.500013,12.300013,13.500013,14800
2019-10-29,15.000015,15.000015,12.300013,14.400014,38900
2019-10-30,14.700015,14.700015,12.300013,13.800014,13100
2019-10-31,12.900013,14.400014,11.100011,13.500013,35600
2019-11-01,13.500013,13.500013,12.000012,12.600013,16500
2019-11-04,13.500013,14.100014,12.600013,12.900013,75300
2019-11-05,14.100014,15.000015,13.200013,14.700015,55400
2019-11-06,14.700015,16.200016,14.100014,14.100014,86200
2019-11-07,15.000015,15.000015,13.500013,13.500013,31400
2019-11-08,14.700015,14.700015,13.800014,14.100014,10100
2019-11-11,13.500013,14.700015,11.400011,14.100014,35200
2019-11-12,13.800014,13.800014,12.000012,13.200013,39900
2019-11-13,13.800014,14.400014,12.600013,14.400014,22500
2019-11-14,13.500013,14.400014,12.600013,13.500013,15400
2019-11-15,12.900013,13.500013,12.900013,12.900013,5600
2019-11-18,12.300013,12.300013,8.100008,8.100008,452800
2019-11-19,8.400008,9.30001,6.900007,7.200007,873700
2019-11-20,7.500008,8.400008,6.300006,6.900007,246700
2019-11-21,4.200004,5.100005,3.900004,5.100005,2884700
2019-11-22,4.800005,5.100005,4.200004,4.800005,295200
2019-11-25,4.200004,4.200004,3.600003,3.900004,1527900
2019-11-26,4.200004,4.500004,3.900004,4.200004,936000
2019-11-27,4.200004,4.800005,4.200004,4.500004,1737600
2019-11-29,4.500004,4.500004,4.200004,4.200004,426700
2019-12-02,4.200004,4.800005,3.900004,4.500004,1105100
2019-12-03,4.500004,6.300006,4.500004,5.700006,4247000
2019-12-04,6.000006,6.000006,4.800005,4.800005,1798400
2019-12-05,5.100005,5.100005,4.500004,4.500004,880400
2019-12-06,4.500004,4.800005,4.500004,4.800005,479600
2019-12-09,5.100005,5.700006,4.800005,5.100005,2011000
2019-12-10,5.100005,5.700006,5.100005,5.100005,1429000
2019-12-11,5.400005,5.400005,4.500004,5.100005,739200
2019-12-12,5.400005,5.400005,4.800005,5.100005,531500
2019-12-13,5.100005,5.100005,4.800005,4.800005,338800
2019-12-16,4.800005,4.800005,4.500004,4.500004,758700
2019-12-17,4.800005,4.800005,4.500004,4.800005,267700
2019-12-18,4.800005,5.100005,4.800005,4.800005,552900
2019-12-19,4.800005,4.800005,4.800005,4.800005,341700
2019-12-20,4.800005,4.800005,4.500004,4.500004,296400
2019-12-23,4.800005,5.100005,4.500004,4.800005,439100
2019-12-24,4.800005,4.800005,4.500004,4.800005,164600
2019-12-26,4.800005,5.100005,4.800005,5.100005,453400
2019-12-27,4.800005,5.700006,4.800005,5.400005,1543600
2019-12-30,5.700006,9.60001,5.400005,8.400008,5728500
2019-12-31,8.400008,9.000009,6.600007,6.600007,2203300
2020-01-02,6.600007,7.500008,5.700006,6.300006,1085100
2020-01-03,6.900007,7.800008,6.300006,7.200007,1723400
2020-01-06,7.200007,9.30001,6.900007,9.30001,3512100
2020-01-07,8.700008,12.000012,8.100008,8.700008,4720500
2020-01-08,8.700008,9.30001,7.500008,8.400008,1341200
2020-01-09,7.800008,9.000009,7.500008,8.400008,1024500
2020-01-10,8.700008,9.60001,8.100008,8.700008,1477200
2020-01-13,9.30001,9.30001,8.700008,9.000009,737000
2020-01-14,9.000009,9.000009,7.500008,8.100008,551700
2020-01-15,8.100008,8.100008,7.800008,8.100008,376500
2020-01-16,8.100008,8.700008,8.100008,8.100008,633700
2020-01-17,8.700008,8.700008,7.500008,8.100008,557800
2020-01-21,8.400008,10.20001,8.100008,10.20001,3925400
2020-01-22,10.20001,11.100011,9.30001,9.60001,2135500
2020-01-23,10.20001,10.20001,9.000009,9.000009,979200
2020-01-24,9.30001,9.90001,8.400008,9.60001,3914600
2020-01-27,9.000009,9.000009,8.100008,8.400008,1664800
2020-01-28,8.700008,8.700008,7.200007,7.800008,1695900
2020-01-29,7.800008,8.100008,6.900007,7.500008,1333500
2020-01-30,7.200007,7.800008,7.200007,7.200007,569500
2020-01-31,7.200007,7.500008,6.900007,7.200007,621000
2020-02-03,7.200007,7.200007,6.900007,6.900007,1147900
2020-02-04,6.000006,6.300006,5.100005,6.000006,2352700
2020-02-05,5.400005,6.300006,5.400005,6.000006,628100
2020-02-06,6.000006,6.300006,6.000006,6.000006,560100
2020-02-07,6.300006,6.600007,6.300006,6.300006,702200
2020-02-10,6.600007,7.800008,6.300006,7.200007,2564200
2020-02-11,7.200007,7.800008,6.600007,7.800008,1924800
2020-02-12,7.5,8.51,6.61,8.1,334500
2020-02-13,7.8,8.34,7.08,7.16,104500
2020-02-14,7.18,7.8,6.73,7.12,159300
2020-02-18,7.06,8.5,6.85,7.26,232900
2020-02-19,7.17,7.57,6.94,7.25,50400
2020-02-20,7.19,7.33,6.9,7.07,36600
2020-02-21,6.97,6.99,6.29,6.9,61700
2020-02-24,6.15,6.5,6.08,6.35,42500
2020-02-25,6.45,6.45,5.8,5.96,71900
2020-02-26,6.04,6.05,5.65,6,55200
2020-02-27,5.99,7.85,5.5,7.54,294000
2020-02-28,7.5,7.5,5.91,6.15,115600
2020-03-02,6.28,6.32,5.51,5.51,68000
2020-03-03,5.48,5.83,5,5.52,62800
2020-03-04,5.58,5.58,4.86,5.16,70000
2020-03-05,4.7,5.8,4.32,4.9,447100
2020-03-06,2.15,2.24,1.81,1.85,1713500
2020-03-09,1.84,1.84,1.54,1.54,643500
2020-03-10,1.66,2.05,1.41,1.79,978700
2020-03-11,1.74,1.78,1.51,1.6,235500
2020-03-12,1.64,1.71,1.4,1.49,220700
2020-03-13,1.63,1.64,1.16,1.38,202000
2020-03-16,1.24,1.39,1.12,1.22,125300
2020-03-17,1.3,1.41,1.09,1.27,123400
2020-03-18,1.24,1.27,1.15,1.23,143500
2020-03-19,1.18,1.35,1.18,1.33,91200
2020-03-20,1.39,1.45,1.25,1.27,63100
2020-03-23,1.31,1.48,1.23,1.33,103000
2020-03-24,1.3,1.37,1.25,1.35,45300
2020-03-25,1.48,1.48,1.3,1.4,82700
2020-03-26,1.4,1.43,1.3,1.35,57800
2020-03-27,1.39,1.48,1.37,1.45,58700
2020-03-30,1.48,1.56,1.38,1.5,79400
2020-03-31,1.57,1.73,1.5,1.69,278900
2020-04-01,1.79,2.05,1.52,1.8,822300
2020-04-02,1.8,1.82,1.53,1.54,218200
2020-04-03,1.56,1.73,1.54,1.57,148700
2020-04-06,1.66,1.66,1.34,1.54,215400
2020-04-07,1.62,1.65,1.45,1.59,124100
2020-04-08,1.58,1.96,1.49,1.56,1701600
2020-04-09,1.6,1.6,1.45,1.52,246900
2020-04-13,1.6,1.65,1.5,1.61,265100
2020-04-14,1.65,2.69,1.6,1.8,10733500
2020-04-15,1.85,1.99,1.6,1.8,1452600
2020-04-16,1.48,1.52,1.37,1.41,1971200
2020-04-17,1.42,1.58,1.34,1.49,2552000
2020-04-20,1.49,1.61,1.4,1.48,1341200
2020-04-21,1.48,1.52,1.37,1.43,906300
2020-04-22,1.44,1.45,1.35,1.38,487400
2020-04-23,1.37,1.44,1.25,1.39,820300
2020-04-24,1.38,1.47,1.33,1.39,923700
2020-04-27,1.37,1.52,1.35,1.5,1310300
2020-04-28,1.56,1.57,1.42,1.51,622100
2020-04-29,1.48,1.5,1.41,1.44,513200
2020-04-30,1.45,1.47,1.35,1.46,723500
2020-05-01,1.52,1.59,1.42,1.46,1215100
2020-05-04,1.45,1.48,1.42,1.47,373700
2020-05-05,1.45,1.48,1.41,1.44,293800
2020-05-06,1.42,1.44,1.37,1.39,323200
2020-05-07,1.39,1.48,1.37,1.41,681800
2020-05-08,1.4,1.45,1.38,1.44,353900
2020-05-11,1.44,1.45,1.39,1.41,291900
2020-05-12,1.44,1.44,1.39,1.41,317200
2020-05-13,1.39,1.41,1.26,1.36,480900
2020-05-14,1.38,1.38,1.27,1.32,250000
2020-05-15,1.32,1.4,1.28,1.34,555400
2020-05-18,1.39,1.54,1.37,1.48,1172900
2020-05-19,1.5,1.53,1.43,1.43,421400
2020-05-20,1.45,1.53,1.42,1.5,615100
2020-05-21,1.52,1.66,1.48,1.62,1368400
2020-05-22,1.68,1.68,1.5,1.56,641600
2020-05-26,1.55,1.55,1.44,1.5,409500
2020-05-27,1.48,1.52,1.41,1.48,276500
2020-05-28,1.46,1.51,1.45,1.48,310900
2020-05-29,1.49,1.53,1.38,1.52,486500
2020-06-01,1.53,1.58,1.5,1.55,452000
2020-06-02,1.55,1.55,1.47,1.54,199400
2020-06-03,1.52,1.54,1.49,1.53,282700
2020-06-04,1.51,1.79,1.5,1.68,1079800
2020-06-05,1.63,1.83,1.56,1.67,881200
2020-06-08,1.65,2.06,1.65,1.9,1352900
2020-06-09,1.95,2.2,1.67,2.07,2015300
2020-06-10,2.5,2.55,1.8,1.98,2475000
2020-06-11,1.6,1.73,1.54,1.68,761700
2020-06-12,1.71,1.79,1.61,1.7,356800
2020-06-15,1.66,1.88,1.61,1.68,433300
2020-06-16,1.79,1.85,1.68,1.75,394400
2020-06-17,1.8,1.8,1.67,1.69,197400
2020-06-18,1.67,1.74,1.64,1.65,118200
2020-06-19,1.68,1.73,1.63,1.63,221000
2020-06-22,1.65,1.69,1.56,1.67,293800
2020-06-23,1.65,1.72,1.6,1.64,155800
2020-06-24,1.62,1.64,1.55,1.58,185500
2020-06-25,1.57,1.64,1.57,1.62,157100
2020-06-26,1.63,1.64,1.56,1.57,113200
2020-06-29,1.58,1.64,1.58,1.61,98600
2020-06-30,1.63,1.65,1.56,1.58,119600
2020-07-01,1.56,1.6,1.51,1.54,155100
2020-07-02,1.52,1.57,1.46,1.47,239500
2020-07-06,1.47,1.5,1.43,1.48,146300
2020-07-07,1.49,1.49,1.45,1.47,42300
2020-07-08,1.44,1.49,1.44,1.46,90200
2020-07-09,1.45,1.48,1.41,1.43,114800
2020-07-10,1.46,1.46,1.43,1.44,49900
2020-07-13,1.45,1.5,1.41,1.41,110200
2020-07-14,1.4,1.61,1.4,1.45,306700
2020-07-15,1.48,1.58,1.48,1.54,156800
2020-07-16,1.57,1.57,1.46,1.49,42900
2020-07-17,1.49,1.65,1.49,1.65,120700
2020-07-20,1.64,1.7,1.59,1.66,170800
2020-07-21,1.65,1.94,1.61,1.8,1107500
2020-07-22,1.93,1.93,1.72,1.74,211100
2020-07-23,1.76,1.76,1.6,1.65,209400
2020-07-24,1.67,1.67,1.6,1.62,126500
2020-07-27,1.63,1.98,1.5,1.88,1862400
2020-07-28,1.93,1.93,1.68,1.7,273900
2020-07-29,1.72,1.78,1.7,1.74,98500
2020-07-30,1.71,1.75,1.36,1.58,446200
2020-07-31,1.65,1.65,1.46,1.53,159900
2020-08-03,1.53,1.75,1.43,1.56,411700
2020-08-04,1.58,1.63,1.52,1.57,125200
2020-08-05,1.6,1.64,1.54,1.64,102600
2020-08-06,1.65,1.65,1.53,1.55,65900
2020-08-07,1.55,1.61,1.55,1.6,90600
2020-08-10,1.6,1.61,1.5,1.58,145400
2020-08-11,1.59,1.63,1.55,1.57,97200
2020-08-12,1.57,1.66,1.55,1.56,308300
2020-08-13,1.59,1.67,1.51,1.52,351200
2020-08-14,1.58,1.58,1.46,1.54,282100
2020-08-17,1.55,1.55,1.47,1.49,115700
2020-08-18,1.48,1.55,1.46,1.54,220600
2020-08-19,1.55,1.56,1.51,1.56,47300
2020-08-20,1.55,1.55,1.47,1.51,58100
2020-08-21,1.49,1.52,1.44,1.47,139500
2020-08-24,1.48,1.48,1.36,1.39,118700
2020-08-25,1.4,1.43,1.37,1.43,48100
2020-08-26,1.41,1.41,1.39,1.39,39200
2020-08-27,1.41,1.43,1.35,1.38,74800
2020-08-28,1.39,1.39,1.32,1.39,181100
