date,open,high,low,close,volume
1992-09-03,9.68254,9.68254,9.68254,9.68254,1260
1992-09-04,9.68254,9.68254,9.68254,9.68254,0
1992-09-08,9.68254,9.68254,9.68254,9.68254,0
1992-09-09,10.15873,10.47619,10.15873,10.396825,3780
1992-09-10,10.396825,10.396825,10.396825,10.396825,0
1992-09-11,10.396825,10.396825,10.396825,10.396825,0
1992-09-14,10.555556,10.555556,10.555556,10.555556,315
1992-09-15,10.555556,10.555556,10.555556,10.555556,0
1992-09-16,10.555556,10.555556,10.555556,10.555556,0
1992-09-17,10.555556,10.555556,10.555556,10.555556,0
1992-09-18,10.555556,10.555556,10.555556,10.555556,0
1992-09-21,9.84127,9.84127,9.84127,9.84127,630
1992-09-22,9.84127,9.84127,9.84127,9.84127,0
1992-09-23,10.47619,10.47619,10.15873,10.47619,2520
1992-09-24,10.47619,10.47619,10.47619,10.47619,1260
1992-09-25,10.47619,10.47619,10.47619,10.47619,0
1992-09-28,10.47619,10.47619,10.47619,10.47619,0
1992-09-29,10.47619,10.47619,10.47619,10.47619,0
1992-09-30,10.47619,10.47619,10.47619,10.47619,0
1992-10-01,10.47619,10.47619,10.47619,10.47619,0
1992-10-02,10.47619,10.47619,10.15873,10.15873,1260
1992-10-05,11.269841,11.269841,11.269841,11.269841,315
1992-10-06,10,10.31746,10,10.31746,1260
1992-10-07,10.31746,10.31746,10.31746,10.31746,0
1992-10-08,10.31746,10.31746,10.31746,10.31746,0
1992-10-09,10.31746,10.31746,10.31746,10.31746,0
1992-10-12,10.31746,10.31746,10.31746,10.31746,0
1992-10-13,9.84127,9.84127,9.84127,9.84127,630
1992-10-14,9.84127,9.84127,9.84127,9.84127,0
1992-10-15,9.84127,9.84127,9.84127,9.84127,0
1992-10-16,9.84127,9.84127,9.84127,9.84127,0
1992-10-19,9.84127,9.84127,9.84127,9.84127,0
1992-10-20,10.47619,10.47619,10.47619,10.47619,630
1992-10-21,10.47619,10.47619,10.47619,10.47619,0
1992-10-22,10.47619,10.47619,10.47619,10.47619,0
1992-10-23,10.47619,10.47619,10.47619,10.47619,0
1992-10-26,10.47619,10.47619,10.47619,10.47619,0
1992-10-27,10.47619,10.47619,10.47619,10.47619,0
1992-10-28,10.47619,10.47619,10.47619,10.47619,0
1992-10-29,10.47619,10.47619,10.47619,10.47619,0
1992-10-30,10.47619,10.47619,10.47619,10.47619,0
1992-11-02,10.47619,10.47619,10.47619,10.47619,0
1992-11-03,10.47619,10.793651,10.47619,10.793651,14490
1992-11-04,10.793651,10.793651,10.793651,10.793651,2520
1992-11-05,10.793651,10.793651,10.793651,10.793651,0
1992-11-06,10.793651,10.793651,10.793651,10.793651,0
1992-11-09,10.793651,10.793651,10.793651,10.793651,0
1992-11-10,10.793651,10.793651,10.793651,10.793651,0
1992-11-11,10.793651,10.793651,10.793651,10.793651,0
1992-11-12,10.793651,10.793651,10.793651,10.793651,0
1992-11-13,10.793651,11.269841,10.793651,11.111111,2835
1992-11-16,11.111111,11.111111,11.111111,11.111111,0
1992-11-17,11.111111,11.111111,11.111111,11.111111,0
1992-11-18,11.111111,11.111111,11.111111,11.111111,315
1992-11-19,10.793651,11.111111,10.793651,10.793651,7560
1992-11-20,11.269841,11.269841,11.111111,11.111111,630
1992-11-23,11.111111,11.111111,11.111111,11.111111,0
1992-11-24,11.111111,11.111111,11.111111,11.111111,0
1992-11-25,11.269841,11.269841,11.269841,11.269841,630
1992-11-27,11.269841,11.269841,11.269841,11.269841,0
1992-11-30,11.269841,11.269841,11.269841,11.269841,0
1992-12-01,11.269841,11.269841,11.269841,11.269841,0
1992-12-02,11.269841,11.269841,11.269841,11.269841,0
1992-12-03,11.269841,11.269841,11.269841,11.269841,0
1992-12-04,11.269841,11.269841,11.269841,11.269841,0
1992-12-07,11.269841,11.269841,11.269841,11.269841,0
1992-12-08,11.269841,11.269841,11.269841,11.269841,0
1992-12-09,11.269841,11.269841,11.269841,11.269841,0
1992-12-10,11.269841,11.269841,11.269841,11.269841,0
1992-12-11,11.269841,11.269841,11.269841,11.269841,0
1992-12-14,11.269841,11.269841,11.269841,11.269841,0
1992-12-15,11.269841,11.269841,11.269841,11.269841,0
1992-12-16,10.793651,11.190476,10.793651,10.793651,6300
1992-12-17,10.793651,10.793651,10.793651,10.793651,0
1992-12-18,11.269841,11.269841,11.269841,11.269841,630
1992-12-21,11.269841,11.269841,11.269841,11.269841,0
1992-12-22,11.269841,11.269841,11.269841,11.269841,0
1992-12-23,10.793651,11.111111,10.793651,11.111111,630
1992-12-24,11.111111,11.111111,11.111111,11.111111,0
1992-12-28,11.111111,11.111111,11.111111,11.111111,0
1992-12-29,11.111111,11.111111,11.111111,11.111111,0
1992-12-30,11.111111,11.111111,11.111111,11.111111,0
1992-12-31,10.793651,10.793651,10.793651,10.793651,630
1993-01-04,10.793651,10.793651,10.793651,10.793651,0
1993-01-05,11.428571,11.428571,11.111111,11.111111,6930
1993-01-06,11.111111,11.111111,11.111111,11.111111,0
1993-01-07,11.111111,11.111111,11.111111,11.111111,0
1993-01-08,11.111111,11.111111,11.111111,11.111111,0
1993-01-11,11.111111,11.111111,11.111111,11.111111,0
1993-01-12,11.111111,11.111111,11.111111,11.111111,0
1993-01-13,11.111111,11.111111,11.111111,11.111111,0
1993-01-14,11.111111,11.111111,11.111111,11.111111,0
1993-01-15,11.111111,11.111111,11.111111,11.111111,0
1993-01-18,11.111111,11.111111,11.111111,11.111111,0
1993-01-19,11.111111,11.111111,11.111111,11.111111,0
1993-01-20,11.587302,11.587302,11.111111,11.111111,3780
1993-01-21,11.111111,11.111111,11.111111,11.111111,0
1993-01-22,11.111111,11.587302,11.111111,11.587302,5040
1993-01-25,11.587302,11.587302,11.587302,11.587302,0
1993-01-26,11.507937,11.507937,11.507937,11.507937,4410
1993-01-27,11.507937,11.507937,11.507937,11.507937,0
1993-01-28,11.507937,11.507937,11.507937,11.507937,0
1993-01-29,11.507937,11.507937,11.507937,11.507937,0
1993-02-01,12.222222,12.222222,12.222222,12.222222,315
1993-02-02,10.793651,11.587302,10.793651,11.468254,4410
1993-02-03,11.468254,11.468254,11.468254,11.468254,0
1993-02-04,11.468254,11.468254,11.468254,11.468254,0
1993-02-05,11.468254,11.468254,11.468254,11.468254,0
1993-02-08,11.468254,11.468254,11.468254,11.468254,0
1993-02-09,11.468254,11.468254,11.468254,11.468254,0
1993-02-10,11.269841,11.428571,11.269841,11.428571,3780
1993-02-11,11.428571,11.428571,11.428571,11.428571,0
1993-02-12,11.428571,11.428571,11.428571,11.428571,0
1993-02-16,12.380952,12.380952,11.031746,12.380952,1890
1993-02-17,12.380952,12.380952,12.380952,12.380952,0
1993-02-18,10.952381,10.952381,10.952381,10.952381,1260
1993-02-19,11.666667,11.746032,11.666667,11.746032,2520
1993-02-22,11.746032,11.746032,11.746032,11.746032,0
1993-02-23,11.746032,11.746032,11.746032,11.746032,0
1993-02-24,11.746032,11.746032,11.746032,11.746032,0
1993-02-25,11.746032,11.746032,11.746032,11.746032,0
1993-02-26,11.746032,11.746032,11.746032,11.746032,0
1993-03-01,11.269841,11.587302,11.269841,11.587302,3150
1993-03-02,11.587302,11.587302,11.587302,11.587302,0
1993-03-03,11.587302,11.587302,11.587302,11.587302,0
1993-03-04,11.587302,11.587302,11.587302,11.587302,0
1993-03-05,11.587302,11.587302,11.587302,11.587302,0
1993-03-08,11.587302,11.587302,11.587302,11.587302,0
1993-03-09,11.587302,11.587302,11.587302,11.587302,0
1993-03-10,11.587302,11.587302,11.587302,11.587302,0
1993-03-11,11.587302,11.587302,11.587302,11.587302,0
1993-03-12,11.587302,11.587302,11.587302,11.587302,0
1993-03-15,11.587302,11.587302,11.587302,11.587302,0
1993-03-16,11.587302,11.587302,11.587302,11.587302,0
1993-03-17,11.587302,11.587302,11.587302,11.587302,0
1993-03-18,11.587302,11.587302,11.587302,11.587302,0
1993-03-19,12.380952,12.380952,12.380952,12.380952,630
1993-03-22,12.380952,12.380952,12.380952,12.380952,0
1993-03-23,12.380952,12.380952,12.380952,12.380952,0
1993-03-24,11.428571,11.746032,11.428571,11.746032,1260
1993-03-25,11.111111,11.111111,11.111111,11.111111,1575
1993-03-26,11.111111,11.111111,11.111111,11.111111,0
1993-03-29,11.111111,11.111111,11.111111,11.111111,0
1993-03-30,11.111111,11.111111,11.111111,11.111111,0
1993-03-31,11.904762,12.142857,11.428571,12.142857,3465
1993-04-01,11.269841,11.269841,11.269841,11.269841,3150
1993-04-02,11.269841,11.269841,11.269841,11.269841,0
1993-04-05,11.587302,11.904762,11.587302,11.904762,3465
1993-04-06,11.904762,11.904762,11.904762,11.904762,315
1993-04-07,11.904762,11.904762,11.904762,11.904762,0
1993-04-08,11.904762,11.904762,11.904762,11.904762,0
1993-04-12,11.428571,11.746032,11.428571,11.746032,2520
1993-04-13,11.746032,11.746032,11.746032,11.746032,0
1993-04-14,11.746032,11.746032,11.746032,11.746032,0
1993-04-15,11.746032,11.746032,11.746032,11.746032,0
1993-04-16,11.746032,11.746032,11.746032,11.746032,0
1993-04-19,11.746032,11.746032,11.746032,11.746032,0
1993-04-20,11.507937,11.507937,11.507937,11.507937,945
1993-04-21,11.507937,11.507937,11.507937,11.507937,0
1993-04-22,12.222222,12.222222,12.222222,12.222222,315
1993-04-23,11.111111,11.111111,11.111111,11.111111,315
1993-04-26,11.111111,11.111111,11.111111,11.111111,0
1993-04-27,11.111111,11.111111,11.111111,11.111111,0
1993-04-28,11.111111,11.111111,11.111111,11.111111,0
1993-04-29,11.111111,11.111111,11.111111,11.111111,0
1993-04-30,11.111111,11.111111,11.111111,11.111111,0
1993-05-03,11.111111,11.111111,11.111111,11.111111,0
1993-05-04,12.380952,12.380952,11.587302,11.587302,2835
1993-05-05,11.587302,11.587302,11.587302,11.587302,0
1993-05-06,11.587302,11.587302,11.587302,11.587302,0
1993-05-07,11.587302,11.587302,11.587302,11.587302,0
1993-05-10,11.587302,11.587302,11.587302,11.587302,0
1993-05-11,11.587302,11.587302,11.587302,11.587302,0
1993-05-12,11.587302,11.587302,11.587302,11.587302,0
1993-05-13,11.587302,11.587302,11.587302,11.587302,0
1993-05-14,12.142857,12.142857,12.142857,12.142857,1260
1993-05-17,12.619048,12.619048,12.619048,12.619048,945
1993-05-18,12.619048,12.619048,12.619048,12.619048,0
1993-05-19,12.619048,12.619048,12.619048,12.619048,0
1993-05-20,12.619048,12.619048,12.619048,12.619048,0
1993-05-21,12.619048,12.619048,12.619048,12.619048,0
1993-05-24,12.301587,12.301587,12.301587,12.301587,315
1993-05-25,12.301587,12.301587,12.301587,12.301587,0
1993-05-26,12.301587,12.301587,12.301587,12.301587,0
1993-05-27,12.301587,12.301587,12.301587,12.301587,0
1993-05-28,12.301587,12.301587,12.301587,12.301587,0
1993-06-01,12.301587,12.301587,12.301587,12.301587,0
1993-06-02,12.301587,12.301587,12.301587,12.301587,0
1993-06-03,12.301587,12.301587,12.301587,12.301587,0
1993-06-04,12.301587,12.301587,12.301587,12.301587,0
1993-06-07,12.301587,12.301587,12.301587,12.301587,0
1993-06-08,12.301587,12.301587,12.301587,12.301587,0
1993-06-09,12.301587,12.301587,12.301587,12.301587,0
1993-06-10,12.222222,12.222222,12.222222,12.222222,315
1993-06-11,12.222222,12.222222,12.222222,12.222222,0
1993-06-14,12.222222,12.222222,12.222222,12.222222,315
1993-06-15,12.222222,12.222222,12.222222,12.222222,0
1993-06-16,14.603175,14.603175,12.698413,13.492063,5198
1993-06-17,12.698413,12.698413,12.698413,12.698413,158
1993-06-18,13.015873,13.015873,13.015873,13.015873,315
1993-06-21,13.015873,13.015873,13.015873,13.015873,0
1993-06-22,13.015873,13.015873,13.015873,13.015873,315
1993-06-23,13.015873,13.015873,13.015873,13.015873,0
1993-06-24,13.730159,13.730159,13.730159,13.730159,315
1993-06-25,13.730159,13.730159,13.730159,13.730159,0
1993-06-28,13.333333,13.333333,13.333333,13.333333,788
1993-06-29,13.174603,13.650794,13.015873,13.650794,4725
1993-06-30,13.968254,13.968254,13.968254,13.968254,788
1993-07-01,13.968254,13.968254,13.968254,13.968254,0
1993-07-02,13.650794,13.650794,13.650794,13.650794,1418
1993-07-06,14.444444,14.444444,14.444444,14.444444,158
1993-07-07,14.444444,14.444444,14.444444,14.444444,0
1993-07-08,14.920635,14.920635,14.920635,14.920635,630
1993-07-09,14.920635,14.920635,14.920635,14.920635,315
1993-07-12,14.920635,14.920635,14.920635,14.920635,0
1993-07-13,14.920635,14.920635,14.920635,14.920635,0
1993-07-14,13.650794,13.650794,13.650794,13.650794,315
1993-07-15,13.650794,13.650794,13.650794,13.650794,0
1993-07-16,13.650794,13.650794,13.650794,13.650794,0
1993-07-19,13.650794,13.650794,13.650794,13.650794,0
1993-07-20,14.920635,14.920635,14.920635,14.920635,1890
1993-07-21,14.920635,14.920635,14.920635,14.920635,0
1993-07-22,14.920635,14.920635,14.920635,14.920635,0
1993-07-23,14.920635,14.920635,14.920635,14.920635,788
1993-07-26,14.920635,14.920635,14.920635,14.920635,0
1993-07-27,14.920635,14.920635,14.920635,14.920635,0
1993-07-28,13.333333,13.333333,13.333333,13.333333,158
1993-07-29,13.333333,13.333333,13.333333,13.333333,0
1993-07-30,14.761905,14.761905,13.492063,13.492063,1733
1993-08-02,13.650794,15.238095,13.650794,15.238095,3623
1993-08-03,15.238095,15.238095,15.238095,15.238095,0
1993-08-04,16.507936,16.507936,16.507936,16.507936,1575
1993-08-05,16.507936,16.507936,15.238095,16.190475,6300
1993-08-06,16.190475,16.190475,16.190475,16.190475,0
1993-08-09,15.079365,15.079365,15.079365,15.079365,158
1993-08-10,16.507936,16.507936,16.507936,16.507936,1890
1993-08-11,16.507936,16.507936,16.507936,16.507936,0
1993-08-12,16.507936,16.507936,16.507936,16.507936,0
1993-08-13,15.555556,15.555556,15.555556,15.555556,5513
1993-08-16,16.507936,16.507936,16.507936,16.507936,2363
1993-08-17,16.507936,16.507936,16.507936,16.507936,0
1993-08-18,16.507936,16.507936,16.507936,16.507936,315
1993-08-19,15.238095,15.873016,15.238095,15.873016,15435
1993-08-20,15.873016,15.873016,15.873016,15.873016,158
1993-08-23,15.873016,15.873016,15.873016,15.873016,788
1993-08-24,15.873016,15.873016,15.873016,15.873016,0
1993-08-25,15.873016,15.873016,15.873016,15.873016,0
1993-08-26,15.555556,15.555556,15.555556,15.555556,2363
1993-08-27,15.555556,15.555556,15.555556,15.555556,0
1993-08-30,15.555556,15.555556,15.555556,15.555556,0
1993-08-31,15.555556,15.555556,15.555556,15.555556,0
1993-09-01,15.873016,15.873016,15.873016,15.873016,158
1993-09-02,16.507936,16.507936,14.603175,14.603175,315
1993-09-03,14.603175,14.603175,14.603175,14.603175,0
1993-09-07,14.603175,14.603175,14.603175,14.603175,0
1993-09-08,14.603175,14.603175,14.603175,14.603175,0
1993-09-09,14.603175,14.603175,14.603175,14.603175,0
1993-09-10,14.603175,14.603175,14.603175,14.603175,0
1993-09-13,14.603175,14.603175,14.603175,14.603175,0
1993-09-14,14.603175,14.603175,14.603175,14.603175,0
1993-09-15,16.507936,16.507936,15.079365,15.079365,1103
1993-09-16,15.714286,15.714286,15.714286,15.714286,158
1993-09-17,16.507936,16.507936,16.507936,16.507936,158
1993-09-20,16.507936,16.507936,16.507936,16.507936,0
1993-09-21,16.507936,16.507936,16.507936,16.507936,0
1993-09-22,16.507936,16.507936,16.507936,16.507936,0
1993-09-23,16.507936,16.507936,16.507936,16.507936,158
1993-09-24,14.603175,15.47619,14.603175,15.47619,6930
1993-09-27,15.873016,15.873016,15.873016,15.873016,1575
1993-09-28,15.873016,15.873016,15.873016,15.873016,0
1993-09-29,15.873016,15.873016,15.873016,15.873016,0
1993-09-30,16.507936,16.507936,16.507936,16.507936,945
1993-10-01,16.507936,16.507936,16.507936,16.507936,0
1993-10-04,16.507936,16.507936,16.507936,16.507936,0
1993-10-05,16.507936,16.507936,16.507936,16.507936,0
1993-10-06,16.507936,16.507936,16.507936,16.507936,0
1993-10-07,16.507936,16.507936,16.507936,16.507936,0
1993-10-08,16.507936,16.507936,16.507936,16.507936,0
1993-10-11,16.507936,16.507936,16.507936,16.507936,0
1993-10-12,16.507936,16.507936,16.507936,16.507936,2520
1993-10-13,16.507936,16.507936,16.507936,16.507936,1733
1993-10-14,16.507936,16.507936,16.507936,16.507936,0
1993-10-15,16.825397,17.777779,16.825397,17.777779,1418
1993-10-18,17.936508,18.412699,17.936508,18.412699,10238
1993-10-19,18.412699,18.412699,18.412699,18.412699,0
1993-10-20,16.507936,16.666668,16.507936,16.666668,3308
1993-10-21,16.666668,16.666668,16.666668,16.666668,0
1993-10-22,16.507936,17.301586,16.507936,17.301586,630
1993-10-25,16.507936,16.507936,16.507936,16.507936,158
1993-10-26,16.507936,16.507936,16.507936,16.507936,0
1993-10-27,18.412699,18.412699,18.412699,18.412699,158
1993-10-28,18.412699,18.412699,18.412699,18.412699,315
1993-10-29,18.412699,18.412699,18.333332,18.333332,4725
1993-11-01,18.333332,18.333332,18.333332,18.333332,0
1993-11-02,17.619047,18.571428,17.301586,18.571428,2678
1993-11-03,18.571428,18.571428,18.571428,18.571428,0
1993-11-04,17.142857,17.142857,17.142857,17.142857,315
1993-11-05,17.142857,17.142857,17.142857,17.142857,0
1993-11-08,17.142857,17.142857,17.142857,17.142857,0
1993-11-09,17.142857,17.142857,17.142857,17.142857,0
1993-11-10,19.047619,20.952381,19.047619,20.952381,6615
1993-11-11,20.317459,22.222221,20.317459,21.26984,3150
1993-11-12,20.952381,21.26984,20.952381,21.26984,9135
1993-11-15,21.428572,21.428572,21.26984,21.26984,788
1993-11-16,21.746033,21.904762,20.63492,20.63492,2520
1993-11-17,20.793652,21.26984,20.793652,21.26984,11025
1993-11-18,21.26984,21.26984,21.26984,21.26984,0
1993-11-19,20.63492,20.63492,20.63492,20.63492,315
1993-11-22,20.952381,21.428572,20.63492,20.63492,4410
1993-11-23,20.63492,20.793652,20.63492,20.793652,5985
1993-11-24,20.793652,20.793652,20.793652,20.793652,0
1993-11-26,20.793652,20.793652,20.793652,20.793652,0
1993-11-29,20.63492,21.428572,20.63492,20.63492,2363
1993-11-30,21.587301,21.587301,20.63492,20.63492,473
1993-12-01,20.63492,20.63492,20.63492,20.63492,0
1993-12-02,20.63492,21.428572,20.63492,20.63492,5355
1993-12-03,20.63492,20.63492,20.63492,20.63492,0
1993-12-06,20.63492,20.63492,20.63492,20.63492,0
1993-12-07,20.63492,20.63492,20.63492,20.63492,0
1993-12-08,20.63492,20.63492,20.317459,20.317459,2363
1993-12-09,20.317459,20.317459,20.317459,20.317459,0
1993-12-10,20.317459,20.317459,20.317459,20.317459,788
1993-12-13,20.317459,20.317459,20.317459,20.317459,0
1993-12-14,20.317459,20.317459,20.317459,20.317459,0
1993-12-15,21.904762,21.904762,20.952381,20.952381,945
1993-12-16,19.682541,19.682541,19.682541,19.682541,158
1993-12-17,19.682541,19.682541,19.682541,19.682541,0
1993-12-20,19.682541,19.682541,19.682541,19.682541,0
1993-12-21,21.587301,21.587301,20.952381,20.952381,2048
1993-12-22,20.952381,20.952381,20.952381,20.952381,1103
1993-12-23,21.904762,21.904762,21.904762,21.904762,158
1993-12-27,21.904762,21.904762,21.904762,21.904762,315
1993-12-28,21.904762,21.904762,21.904762,21.904762,0
1993-12-29,21.904762,21.904762,21.904762,21.904762,0
1993-12-30,21.904762,21.904762,21.904762,21.904762,0
1993-12-31,21.904762,21.904762,21.904762,21.904762,0
1994-01-03,21.904762,22.539682,20.63492,22.539682,2520
1994-01-04,22.539682,22.539682,22.539682,22.539682,0
1994-01-05,22.539682,22.857143,22.539682,22.857143,1418
1994-01-06,21.904762,22.857143,21.904762,22.857143,315
1994-01-07,22.539682,22.539682,22.539682,22.539682,158
1994-01-10,20.63492,20.63492,20.63492,20.63492,630
1994-01-11,20.63492,20.63492,20.63492,20.63492,0
1994-01-12,22.857143,22.857143,22.857143,22.857143,158
1994-01-13,22.857143,22.857143,22.857143,22.857143,158
1994-01-14,22.857143,22.857143,22.857143,22.857143,788
1994-01-17,22.857143,22.857143,22.857143,22.857143,0
1994-01-18,22.857143,22.857143,22.857143,22.857143,0
1994-01-19,22.857143,22.857143,22.857143,22.857143,0
1994-01-20,22.857143,22.857143,22.222221,22.857143,630
1994-01-21,22.857143,22.857143,22.857143,22.857143,0
1994-01-24,22.222221,22.857143,21.26984,22.539682,5985
1994-01-25,21.26984,23.492064,21.26984,22.857143,5985
1994-01-26,22.857143,22.857143,22.857143,22.857143,0
1994-01-27,22.857143,22.857143,22.857143,22.857143,0
1994-01-28,21.984127,21.984127,21.984127,21.984127,1575
1994-01-31,21.984127,21.984127,21.984127,21.984127,0
1994-02-01,23.492064,23.492064,21.349207,22.222221,7718
1994-02-02,21.507936,22.222221,21.507936,22.222221,3150
1994-02-03,22.222221,22.222221,22.222221,22.222221,0
1994-02-04,22.222221,22.222221,22.222221,22.222221,0
1994-02-07,22.222221,22.222221,22.222221,22.222221,0
1994-02-08,21.507936,22.222221,21.507936,22.222221,1575
1994-02-09,20.952381,23.809525,20.952381,23.809525,1470
1994-02-10,22.142857,23.809525,22.142857,23.809525,11130
1994-02-11,22.380953,22.380953,21.428572,21.428572,1050
1994-02-14,22.380953,23.809525,21.428572,23.809525,3150
1994-02-15,21.428572,23.333332,21.428572,23.333332,1155
1994-02-16,23.809525,23.809525,21.428572,23.333332,12180
1994-02-17,23.333332,23.333332,23.333332,23.333332,945
1994-02-18,23.809525,23.809525,23.809525,23.809525,630
1994-02-22,22.857143,23.333332,20.952381,22.380953,6825
1994-02-23,21.666668,21.904762,20.952381,20.952381,7875
1994-02-24,22.857143,22.857143,22.857143,22.857143,105
1994-02-25,22.857143,22.857143,22.857143,22.857143,0
1994-02-28,20.952381,23.809525,20.952381,23.809525,2520
1994-03-01,22.857143,23.809525,22.857143,23.809525,1680
1994-03-02,23.809525,23.809525,23.809525,23.809525,0
1994-03-03,23.809525,23.809525,23.809525,23.809525,0
1994-03-04,21.428572,22.380953,21.428572,22.380953,735
1994-03-07,21.666668,21.666668,20.952381,20.952381,1470
1994-03-08,22.380953,22.380953,22.380953,22.380953,105
1994-03-09,21.904762,23.809525,20.952381,20.952381,1155
1994-03-10,22.857143,22.857143,22.857143,22.857143,525
1994-03-11,22.857143,22.857143,22.857143,22.857143,0
1994-03-14,22.857143,22.857143,22.857143,22.857143,0
1994-03-15,21.904762,21.904762,21.904762,21.904762,525
1994-03-16,20.952381,21.904762,20.952381,20.952381,630
1994-03-17,23.809525,23.809525,23.809525,23.809525,210
1994-03-18,22.261906,23.095238,20.952381,20.952381,1890
1994-03-21,20.952381,20.952381,20.952381,20.952381,0
1994-03-22,22.857143,22.857143,22.857143,22.857143,105
1994-03-23,22.857143,22.857143,22.857143,22.857143,0
1994-03-24,21.904762,21.904762,21.904762,21.904762,945
1994-03-25,20.952381,22.857143,20.952381,20.952381,735
1994-03-28,20.952381,20.952381,20.952381,20.952381,0
1994-03-29,21.666668,21.666668,21.666668,21.666668,105
1994-03-30,22.380953,22.380953,22.142857,22.142857,315
1994-03-31,20.952381,21.904762,20.952381,21.428572,4200
1994-04-04,21.428572,21.428572,21.428572,21.428572,0
1994-04-05,20.952381,22.142857,20.952381,22.142857,420
1994-04-06,20.952381,20.952381,20.952381,20.952381,525
1994-04-07,20.952381,20.952381,20.952381,20.952381,0
1994-04-08,22.857143,22.857143,21.904762,21.904762,210
1994-04-11,21.904762,21.904762,21.904762,21.904762,0
1994-04-12,22.142857,22.142857,22.142857,22.142857,525
1994-04-13,23.095238,23.095238,21.666668,21.666668,525
1994-04-14,21.190475,21.190475,21.190475,21.190475,420
1994-04-15,22.142857,22.142857,20.952381,20.952381,630
1994-04-18,20.952381,20.952381,20.952381,20.952381,0
1994-04-19,21.666668,21.666668,21.666668,21.666668,630
1994-04-20,20.952381,20.952381,20.952381,20.952381,4725
1994-04-21,21.428572,21.428572,20,20,3465
1994-04-22,20,20,20,20,0
1994-04-25,19.047619,19.047619,19.047619,19.047619,1050
1994-04-26,20,20,19.047619,20,1575
1994-04-28,20,20.476191,19.047619,20,2520
1994-04-29,20,20,20,20,0
1994-05-02,20.952381,20.952381,18.571428,18.571428,1260
1994-05-03,19.047619,19.047619,19.047619,19.047619,1050
1994-05-04,17.619047,17.619047,17.619047,17.619047,2625
1994-05-05,19.047619,19.047619,19.047619,19.047619,315
1994-05-06,18.809525,19.047619,18.571428,19.047619,7035
1994-05-09,19.047619,19.047619,19.047619,19.047619,0
1994-05-10,19.047619,19.047619,19.047619,19.047619,0
1994-05-11,19.047619,19.047619,19.047619,19.047619,210
1994-05-12,16.666668,16.666668,16.666668,16.666668,105
1994-05-13,16.666668,16.666668,16.666668,16.666668,0
1994-05-16,16.666668,16.666668,16.666668,16.666668,0
1994-05-17,17.619047,19.047619,17.619047,19.047619,1365
1994-05-18,17.619047,17.619047,17.142857,17.142857,2205
1994-05-19,17.142857,17.142857,17.142857,17.142857,0
1994-05-20,17.142857,17.142857,17.142857,17.142857,0
1994-05-23,17.142857,17.142857,17.142857,17.142857,0
1994-05-24,17.142857,17.5,16.190475,17.5,1470
1994-05-25,17.619047,17.619047,17.619047,17.619047,420
1994-05-26,17.619047,17.619047,17.619047,17.619047,210
1994-05-27,17.619047,17.619047,17.619047,17.619047,0
1994-05-31,18.333332,19.047619,18.333332,19.047619,315
1994-06-01,19.047619,19.047619,19.047619,19.047619,0
1994-06-02,17.619047,17.619047,16.190475,16.190475,945
1994-06-03,16.190475,16.190475,16.190475,16.190475,0
1994-06-06,16.190475,16.190475,16.190475,16.190475,0
1994-06-07,17.142857,17.142857,17.142857,17.142857,1155
1994-06-08,16.666668,17.857143,16.666668,17.857143,735
1994-06-09,17.857143,17.857143,17.857143,17.857143,0
1994-06-10,19.047619,19.047619,19.047619,19.047619,105
1994-06-13,19.047619,19.047619,19.047619,19.047619,0
1994-06-14,19.047619,19.047619,19.047619,19.047619,0
1994-06-15,19.047619,19.047619,19.047619,19.047619,105
1994-06-16,18.571428,18.571428,16.666668,16.666668,3045
1994-06-17,17.857143,17.857143,17.857143,17.857143,105
1994-06-20,17.857143,17.857143,17.857143,17.857143,0
1994-06-21,17.619047,17.619047,17.619047,17.619047,315
1994-06-22,17.619047,17.619047,17.619047,17.619047,0
1994-06-23,17.142857,17.142857,17.142857,17.142857,210
1994-06-24,17.738094,17.738094,17.738094,17.738094,105
1994-06-27,17.738094,17.738094,17.738094,17.738094,0
1994-06-28,17.619047,18.571428,17.619047,18.571428,210
1994-06-29,16.190475,16.190475,16.190475,16.190475,105
1994-06-30,18.571428,19.047619,17.619047,19.047619,30975
1994-07-01,17.619047,18.333332,17.619047,18.333332,210
1994-07-05,17.142857,17.142857,17.142857,17.142857,315
1994-07-06,17.142857,17.142857,17.142857,17.142857,0
1994-07-07,19.404762,19.404762,17.619047,17.619047,3570
1994-07-08,17.619047,17.619047,17.619047,17.619047,0
1994-07-11,17.619047,17.619047,17.619047,17.619047,0
1994-07-12,17.619047,17.619047,17.619047,17.619047,0
1994-07-13,17.619047,17.619047,17.619047,17.619047,0
1994-07-14,17.619047,17.619047,17.619047,17.619047,0
1994-07-15,17.619047,17.619047,17.619047,17.619047,0
1994-07-18,18.333332,18.333332,18.333332,18.333332,105
1994-07-19,17.142857,17.142857,17.142857,17.142857,1890
1994-07-20,17.142857,17.142857,17.142857,17.142857,0
1994-07-21,19.523809,19.523809,19.523809,19.523809,315
1994-07-22,19.523809,19.523809,19.523809,19.523809,0
1994-07-25,18.095238,18.571428,17.857143,17.857143,4410
1994-07-26,17.857143,17.857143,17.857143,17.857143,0
1994-07-27,17.857143,17.857143,17.857143,17.857143,0
1994-07-28,18.095238,18.095238,18.095238,18.095238,1050
1994-07-29,19.047619,19.047619,18.095238,18.095238,210
1994-08-01,18.095238,18.095238,18.095238,18.095238,0
1994-08-02,17.857143,19.047619,17.619047,19.047619,7875
1994-08-03,18.095238,19.047619,17.901787,19.047619,9240
1994-08-04,18.809525,19.285713,18.616072,19.047619,14700
1994-08-05,18.571428,18.571428,18.571428,18.571428,315
1994-08-08,18.571428,18.571428,18.571428,18.571428,105
1994-08-09,18.571428,18.571428,18.571428,18.571428,105
1994-08-10,19.047619,19.047619,19.047619,19.047619,105
1994-08-11,18.809525,18.809525,18.809525,18.809525,420
1994-08-12,18.809525,18.809525,18.809525,18.809525,0
1994-08-15,17.261906,19.047619,17.261906,19.047619,525
1994-08-16,19.047619,19.047619,19.047619,19.047619,0
1994-08-17,17.261906,17.261906,17.261906,17.261906,210
1994-08-18,17.261906,17.261906,17.261906,17.261906,0
1994-08-19,18.095238,18.095238,17.142857,17.142857,1890
1994-08-22,17.142857,17.142857,17.142857,17.142857,525
1994-08-23,17.142857,17.142857,17.142857,17.142857,0
1994-08-24,17.142857,17.142857,17.142857,17.142857,315
1994-08-25,17.142857,17.142857,17.142857,17.142857,0
1994-08-26,17.142857,17.142857,17.142857,17.142857,2730
1994-08-29,17.142857,17.142857,17.142857,17.142857,210
1994-08-30,16.547619,18.095238,16.547619,18.095238,1785
1994-08-31,18.095238,18.095238,18.095238,18.095238,0
1994-09-01,18.095238,18.095238,18.095238,18.095238,0
1994-09-02,18.095238,18.095238,18.095238,18.095238,0
1994-09-06,17.142857,17.142857,17.142857,17.142857,420
1994-09-07,17.142857,17.142857,17.142857,17.142857,0
1994-09-08,15.238095,16.666668,15.238095,16.666668,1575
1994-09-09,16.190475,16.190475,16.190475,16.190475,210
1994-09-12,16.190475,16.190475,16.190475,16.190475,0
1994-09-13,16.190475,16.190475,16.190475,16.190475,0
1994-09-14,16.190475,16.190475,16.190475,16.190475,0
1994-09-15,16.190475,16.190475,16.190475,16.190475,0
1994-09-16,17.619047,17.619047,17.619047,17.619047,420
1994-09-19,16.190475,16.190475,16.190475,16.190475,525
1994-09-20,15.952381,15.952381,15.952381,15.952381,315
1994-09-21,15.952381,15.952381,15.952381,15.952381,0
1994-09-22,15.952381,15.952381,15.952381,15.952381,0
1994-09-23,15.952381,15.952381,15.952381,15.952381,0
1994-09-26,15.952381,15.952381,15.952381,15.952381,0
1994-09-27,15.952381,15.952381,15.952381,15.952381,0
1994-09-28,15.952381,15.952381,15.952381,15.952381,0
1994-09-29,15.952381,15.952381,15.952381,15.952381,0
1994-09-30,15.952381,15.952381,15.952381,15.952381,0
1994-10-03,15.952381,15.952381,15.952381,15.952381,0
1994-10-04,15.952381,15.952381,15.952381,15.952381,0
1994-10-05,15.952381,15.952381,15.952381,15.952381,0
1994-10-06,16.666668,16.666668,16.666668,16.666668,1155
1994-10-07,14.761905,14.761905,14.761905,14.761905,945
1994-10-10,14.761905,14.761905,14.761905,14.761905,0
1994-10-11,14.761905,14.761905,14.761905,14.761905,0
1994-10-12,14.761905,14.761905,14.761905,14.761905,0
1994-10-13,14.761905,14.761905,14.761905,14.761905,105
1994-10-14,14.761905,14.761905,14.761905,14.761905,0
1994-10-17,14.761905,14.761905,14.761905,14.761905,0
1994-10-18,14.761905,16.190475,14.761905,16.190475,2625
1994-10-19,16.190475,16.190475,16.190475,16.190475,0
1994-10-20,16.190475,16.190475,16.190475,16.190475,0
1994-10-21,16.190475,16.428572,15.238095,15.238095,4095
1994-10-24,15.238095,15.238095,15.238095,15.238095,0
1994-10-25,15.238095,15.238095,15.238095,15.238095,0
1994-10-26,15.238095,15.238095,15.238095,15.238095,0
1994-10-27,16.666668,16.666668,16.666668,16.666668,210
1994-10-28,16.666668,16.666668,16.666668,16.666668,0
1994-10-31,15.238095,17.619047,15.238095,17.619047,210
1994-11-01,17.619047,17.619047,17.619047,17.619047,0
1994-11-02,17.619047,17.619047,17.619047,17.619047,0
1994-11-03,17.142857,17.142857,17.142857,17.142857,1050
1994-11-04,17.142857,17.142857,17.142857,17.142857,0
1994-11-07,17.142857,17.142857,17.142857,17.142857,0
1994-11-08,17.380953,17.380953,17.380953,17.380953,945
1994-11-09,17.380953,17.380953,17.380953,17.380953,0
1994-11-10,17.380953,17.380953,17.380953,17.380953,0
1994-11-11,16.666668,17.619047,16.666668,17.619047,630
1994-11-14,16.190475,17.380953,16.190475,17.380953,2730
1994-11-15,17.380953,17.380953,17.380953,17.380953,0
1994-11-16,17.380953,17.380953,17.380953,17.380953,0
1994-11-17,17.380953,17.380953,17.380953,17.380953,0
1994-11-18,17.380953,17.380953,17.380953,17.380953,0
1994-11-21,17.380953,17.380953,17.380953,17.380953,0
1994-11-22,17.380953,17.380953,17.380953,17.380953,0
1994-11-23,17.380953,17.380953,17.380953,17.380953,0
1994-11-25,17.380953,17.380953,17.380953,17.380953,0
1994-11-28,17.380953,17.380953,17.380953,17.380953,0
1994-11-29,17.380953,17.380953,17.380953,17.380953,0
1994-11-30,17.380953,17.380953,17.380953,17.380953,0
1994-12-01,17.380953,17.380953,17.380953,17.380953,0
1994-12-02,17.380953,17.380953,17.380953,17.380953,0
1994-12-05,17.380953,17.380953,17.380953,17.380953,0
1994-12-06,18.095238,18.095238,18.095238,18.095238,105
1994-12-07,18.095238,18.095238,18.095238,18.095238,0
1994-12-08,18.095238,18.095238,18.095238,18.095238,0
1994-12-09,18.095238,18.095238,18.095238,18.095238,0
1994-12-12,18.095238,18.095238,18.095238,18.095238,105
1994-12-13,16.190475,17.023809,16.190475,17.023809,630
1994-12-14,18.095238,18.095238,18.095238,18.095238,105
1994-12-15,16.666668,18.095238,15.952381,18.095238,10080
1994-12-16,18.095238,18.571428,17.023809,17.142857,8295
1994-12-19,18.095238,18.095238,17.142857,17.142857,1260
1994-12-20,17.142857,17.142857,17.142857,17.142857,0
1994-12-21,17.619047,17.619047,17.142857,17.142857,735
1994-12-22,17.142857,17.142857,17.142857,17.142857,0
1994-12-23,17.142857,17.142857,16.190475,16.190475,3150
1994-12-27,16.190475,16.190475,16.190475,16.190475,0
1994-12-28,16.190475,16.190475,16.190475,16.190475,0
1994-12-29,16.190475,16.190475,16.190475,16.190475,0
1994-12-30,16.190475,20,16.190475,20,9135
1995-01-03,20,20,17.142857,18.571428,2730
1995-01-04,17.142857,17.142857,17.142857,17.142857,210
1995-01-05,17.142857,17.142857,17.142857,17.142857,0
1995-01-06,19.523809,19.523809,19.047619,19.047619,2415
1995-01-09,19.047619,19.047619,19.047619,19.047619,105
1995-01-10,19.523809,20,19.523809,20,4200
1995-01-11,20,20,19.523809,20,13230
1995-01-12,19.523809,20,19.523809,19.523809,5880
1995-01-13,20.952381,20.952381,19.523809,19.523809,630
1995-01-16,19.523809,19.523809,19.523809,19.523809,0
1995-01-17,19.047619,20,19.047619,20,945
1995-01-18,19.047619,20.952381,19.047619,20.476191,5565
1995-01-19,20.476191,20.476191,20.476191,20.476191,1050
1995-01-20,20,20,20,20,105
1995-01-23,20.476191,20.476191,20.476191,20.476191,210
1995-01-24,20.476191,20.476191,20,20,840
1995-01-25,20,20,20,20,0
1995-01-26,20.476191,20.476191,20.476191,20.476191,315
1995-01-27,20.714287,20.952381,20.119047,20.952381,13020
1995-01-30,20,20.595238,20,20,5880
1995-01-31,20,20.952381,20,20.952381,3360
1995-02-01,20.714287,21.190475,20.357143,20.476191,2205
1995-02-02,20.476191,20.476191,20.476191,20.476191,0
1995-02-03,20.476191,20.476191,20.476191,20.476191,0
1995-02-06,20.952381,21.190475,20.952381,21.190475,6195
1995-02-07,21.190475,21.190475,21.190475,21.190475,0
1995-02-08,21.190475,21.428572,21.190475,21.428572,2520
1995-02-09,20.476191,21.428572,20.476191,20.952381,6300
1995-02-10,20.952381,20.952381,20.952381,20.952381,0
1995-02-13,20.952381,20.952381,20.952381,20.952381,0
1995-02-14,20.952381,20.952381,20.952381,20.952381,0
1995-02-15,20.476191,21.904762,20,21.904762,1785
1995-02-16,19.523809,20.238094,19.523809,20.119047,3360
1995-02-17,18.571428,18.571428,18.571428,18.571428,210
1995-02-21,18.571428,18.571428,18.571428,18.571428,525
1995-02-22,21.428572,21.428572,21.428572,21.428572,105
1995-02-23,18.571428,18.571428,18.571428,18.571428,420
1995-02-24,18.571428,20.476191,18.571428,20.476191,3990
1995-02-27,17.619047,17.619047,17.619047,17.619047,420
1995-02-28,20,20,19.047619,19.047619,1470
1995-03-01,19.523809,19.523809,19.047619,19.523809,1050
1995-03-02,19.523809,19.523809,19.523809,19.523809,0
1995-03-03,19.523809,19.523809,19.523809,19.523809,0
1995-03-06,19.523809,19.523809,19.523809,19.523809,0
1995-03-07,19.523809,19.523809,19.523809,19.523809,0
1995-03-08,19.523809,19.523809,19.523809,19.523809,315
1995-03-09,19.523809,19.523809,19.523809,19.523809,0
1995-03-10,17.619047,17.619047,17.619047,17.619047,105
1995-03-13,17.619047,18.571428,17.619047,18.571428,3465
1995-03-14,18.333332,18.333332,18.333332,18.333332,210
1995-03-15,18.333332,18.333332,18.333332,18.333332,0
1995-03-16,18.333332,18.333332,18.333332,18.333332,0
1995-03-17,17.619047,17.619047,17.619047,17.619047,525
1995-03-20,17.619047,17.619047,17.619047,17.619047,0
1995-03-21,17.619047,17.619047,17.619047,17.619047,0
1995-03-22,17.619047,17.619047,17.619047,17.619047,1050
1995-03-23,17.619047,17.619047,17.619047,17.619047,2520
1995-03-24,17.142857,17.142857,17.142857,17.142857,315
1995-03-27,17.142857,17.142857,17.142857,17.142857,0
1995-03-28,17.142857,17.142857,17.142857,17.142857,315
1995-03-29,17.142857,17.142857,17.142857,17.142857,525
1995-03-30,17.142857,17.619047,17.142857,17.619047,945
1995-03-31,17.142857,17.857143,17.142857,17.857143,3360
1995-04-03,17.857143,17.857143,17.857143,17.857143,0
1995-04-04,18.095238,18.095238,17.738094,17.738094,630
1995-04-05,18.095238,18.095238,17.142857,17.142857,2310
1995-04-06,17.142857,17.142857,17.142857,17.142857,0
1995-04-07,17.738094,17.738094,17.142857,17.142857,315
1995-04-10,17.142857,17.738094,17.142857,17.738094,3150
1995-04-11,17.619047,17.619047,17.619047,17.619047,1050
1995-04-12,17.738094,17.738094,17.738094,17.738094,210
1995-04-13,17.738094,17.738094,17.738094,17.738094,0
1995-04-17,17.738094,17.738094,17.738094,17.738094,0
1995-04-18,16.666668,17.619047,16.666668,17.619047,3885
1995-04-19,17.619047,17.619047,17.619047,17.619047,0
1995-04-20,17.619047,17.619047,17.619047,17.619047,630
1995-04-21,17.619047,17.619047,17.619047,17.619047,630
1995-04-24,16.666668,17.619047,16.666668,17.619047,1785
1995-04-25,17.619047,17.619047,17.619047,17.619047,0
1995-04-26,17.619047,17.619047,17.619047,17.619047,0
1995-04-27,17.619047,17.619047,17.619047,17.619047,0
1995-04-28,17.619047,17.619047,17.619047,17.619047,0
1995-05-01,17.619047,19.047619,17.619047,19.047619,12180
1995-05-02,16.666668,16.666668,16.666668,16.666668,315
1995-05-03,17.619047,17.857143,17.619047,17.857143,525
1995-05-04,17.857143,17.857143,17.857143,17.857143,0
1995-05-05,17.857143,17.857143,17.857143,17.857143,0
1995-05-08,19.285713,19.285713,19.285713,19.285713,630
1995-05-09,19.285713,19.285713,19.285713,19.285713,210
1995-05-10,17.142857,18.571428,17.142857,18.571428,2100
1995-05-11,17.619047,17.619047,17.619047,17.619047,210
1995-05-12,17.619047,17.619047,17.619047,17.619047,0
1995-05-15,17.380953,19.047619,17.380953,19.047619,315
1995-05-16,19.047619,19.047619,19.047619,19.047619,0
1995-05-17,19.047619,19.047619,19.047619,19.047619,0
1995-05-18,19.047619,19.047619,19.047619,19.047619,0
1995-05-19,16.666668,16.666668,16.666668,16.666668,420
1995-05-22,16.666668,16.666668,16.666668,16.666668,0
1995-05-23,17.023809,17.380953,17.023809,17.380953,735
1995-05-24,17.619047,17.619047,15.714286,15.714286,840
1995-05-25,16.666668,16.666668,16.666668,16.666668,105
1995-05-26,18.095238,18.095238,18.095238,18.095238,105
1995-05-30,18.095238,18.095238,18.095238,18.095238,105
1995-05-31,18.095238,18.095238,18.095238,18.095238,0
1995-06-01,18.095238,18.095238,18.095238,18.095238,0
1995-06-02,16.428572,16.666668,15.833333,16.666668,1050
1995-06-05,15.714286,15.714286,15.714286,15.714286,2310
1995-06-06,15.714286,15.714286,15.714286,15.714286,315
1995-06-07,15.714286,15.714286,15.714286,15.714286,0
1995-06-08,15.238095,15.238095,15.238095,15.238095,105
1995-06-09,15.238095,15.238095,15.238095,15.238095,105
1995-06-12,16.190475,16.190475,16.190475,16.190475,420
1995-06-13,16.190475,16.190475,16.190475,16.190475,0
1995-06-14,15.238095,15.714286,15.238095,15.238095,2835
1995-06-15,15.238095,15.714286,14.047619,15.714286,21000
1995-06-16,15.714286,15.714286,14.285714,14.285714,2310
1995-06-19,15.47619,15.47619,15.47619,15.47619,210
1995-06-20,15,15,15,15,735
1995-06-21,15,15,15,15,0
1995-06-22,15,15,15,15,0
1995-06-23,15,15,15,15,0
1995-06-26,15.714286,15.714286,15.714286,15.714286,105
1995-06-27,15.714286,15.714286,14.285714,14.761905,8295
1995-06-28,14.761905,14.761905,14.761905,14.761905,0
1995-06-29,15.238095,15.238095,14.285714,14.285714,3465
1995-06-30,14.642857,15.238095,14.285714,14.404762,9240
1995-07-03,14.285714,15,14.285714,15,2415
1995-07-05,14.642857,14.642857,14.642857,14.642857,315
1995-07-06,15.595238,15.595238,15.595238,15.595238,315
1995-07-07,15.238095,15.595238,15.238095,15.595238,1050
1995-07-10,14.285714,16.190475,14.285714,16.190475,420
1995-07-11,16.190475,16.190475,16.190475,16.190475,0
1995-07-12,15.595238,15.595238,15.595238,15.595238,315
1995-07-13,15.595238,15.595238,15.595238,15.595238,0
1995-07-14,14.285714,16.190475,14.285714,16.190475,1470
1995-07-17,16.190475,16.190475,16.190475,16.190475,0
1995-07-18,16.190475,16.190475,16.190475,16.190475,0
1995-07-19,14.52381,14.52381,14.52381,14.52381,1260
1995-07-20,14.52381,14.52381,14.52381,14.52381,0
1995-07-21,15,15,15,15,105
1995-07-24,15.357143,16.190475,14.52381,16.190475,3465
1995-07-25,16.190475,16.190475,15.47619,16.190475,840
1995-07-26,14.52381,14.52381,14.404762,14.404762,2730
1995-07-27,14.52381,15,14.52381,15,3150
1995-07-28,15.952381,15.952381,15.238095,15.238095,840
1995-07-31,15.952381,15.952381,15.952381,15.952381,840
1995-08-01,15.714286,15.714286,15.714286,15.714286,1050
1995-08-02,15.714286,15.952381,15,15.714286,4830
1995-08-03,15.714286,15.714286,15.714286,15.714286,0
1995-08-04,15.47619,15.47619,15.47619,15.47619,2310
1995-08-07,16.190475,16.190475,15.952381,15.952381,1155
1995-08-08,15.952381,15.952381,15.952381,15.952381,0
1995-08-09,15.952381,15.952381,15.952381,15.952381,0
1995-08-10,15.952381,15.952381,15.952381,15.952381,0
1995-08-11,15.952381,15.952381,15.952381,15.952381,0
1995-08-14,15.952381,15.952381,15.952381,15.952381,0
1995-08-15,15.714286,15.714286,15.238095,15.238095,1260
1995-08-16,15.238095,15.238095,15.238095,15.238095,0
1995-08-17,15.238095,15.238095,15.238095,15.238095,0
1995-08-18,15.238095,15.238095,15.238095,15.238095,0
1995-08-21,15.714286,16.666668,15.714286,16.666668,1050
1995-08-22,16.666668,16.666668,16.666668,16.666668,315
1995-08-23,16.666668,16.666668,16.666668,16.666668,0
1995-08-24,16.190475,16.190475,16.190475,16.190475,105
1995-08-25,16.190475,16.190475,16.190475,16.190475,420
1995-08-28,17.619047,17.619047,17.619047,17.619047,630
1995-08-29,17.619047,17.619047,17.619047,17.619047,0
1995-08-30,16.190475,16.190475,16.190475,16.190475,105
1995-08-31,16.190475,16.190475,16.190475,16.190475,0
1995-09-01,17.619047,17.619047,17.142857,17.142857,210
1995-09-05,17.619047,17.619047,16.904762,17.619047,3570
1995-09-06,17.857143,17.857143,16.190475,16.904762,840
1995-09-07,16.904762,16.904762,16.904762,16.904762,0
1995-09-08,17.857143,17.857143,17.142857,17.142857,420
1995-09-11,16.190475,17.857143,16.190475,17.142857,1050
1995-09-12,17.857143,17.857143,17.142857,17.142857,840
1995-09-13,17.857143,17.857143,17.142857,17.142857,1155
1995-09-14,17.857143,17.857143,17.857143,17.857143,315
1995-09-15,17.857143,17.857143,17.857143,17.857143,0
1995-09-18,16.190475,16.428572,16.190475,16.428572,420
1995-09-19,16.428572,16.428572,16.428572,16.428572,0
1995-09-20,18.095238,18.095238,18.095238,18.095238,840
1995-09-21,18.095238,18.095238,16.190475,16.904762,525
1995-09-22,16.190475,16.190475,16.190475,16.190475,1050
1995-09-25,16.190475,16.190475,16.190475,16.190475,1260
1995-09-26,16.190475,16.190475,16.190475,16.190475,0
1995-09-27,16.190475,16.190475,16.190475,16.190475,525
1995-09-28,16.666668,17.857143,16.428572,16.428572,525
1995-09-29,17.857143,17.857143,17.857143,17.857143,420
1995-10-02,17.380953,17.380953,16.190475,16.190475,735
1995-10-03,16.190475,16.190475,16.190475,16.190475,0
1995-10-04,16.190475,17.142857,16.190475,17.142857,630
1995-10-05,17.142857,17.142857,17.142857,17.142857,0
1995-10-06,16.190475,16.190475,15.47619,16.190475,5145
1995-10-09,16.190475,16.190475,16.190475,16.190475,0
1995-10-10,16.309525,16.309525,15.47619,16.309525,945
1995-10-11,16.190475,16.190475,15.833333,15.833333,420
1995-10-12,15.833333,15.833333,15.833333,15.833333,0
1995-10-13,15.833333,15.833333,15.833333,15.833333,0
1995-10-16,17.142857,17.142857,15.47619,16.190475,2310
1995-10-17,15.47619,17.142857,15.47619,17.142857,315
1995-10-18,16.428572,16.428572,15.47619,15.47619,4410
1995-10-19,15.47619,15.47619,15.47619,15.47619,0
1995-10-20,17.142857,17.142857,17.142857,17.142857,840
1995-10-23,15.47619,15.47619,15.47619,15.47619,525
1995-10-24,16.428572,17.142857,16.190475,16.190475,4830
1995-10-25,15.595238,17.619047,15.595238,17.619047,945
1995-10-26,16.666668,17.619047,16.666668,17.619047,1155
1995-10-27,17.619047,17.619047,17.619047,17.619047,0
1995-10-30,17.619047,17.619047,17.619047,17.619047,0
1995-10-31,16.428572,16.666668,16.428572,16.666668,210
1995-11-01,16.666668,16.666668,16.666668,16.666668,0
1995-11-02,16.666668,16.666668,16.190475,16.190475,3675
1995-11-03,16.190475,16.190475,16.190475,16.190475,630
1995-11-06,16.190475,16.190475,16.190475,16.190475,0
1995-11-07,16.190475,17.619047,16.190475,17.619047,420
1995-11-08,16.190475,16.190475,16.190475,16.190475,105
1995-11-09,17.380953,17.380953,17.380953,17.380953,105
1995-11-10,16.190475,16.666668,16.190475,16.666668,525
1995-11-13,16.190475,16.190475,16.190475,16.190475,525
1995-11-14,17.619047,17.619047,16.190475,16.666668,2940
1995-11-15,16.666668,16.666668,16.666668,16.666668,0
1995-11-16,17.380953,17.380953,17.380953,17.380953,630
1995-11-17,16.666668,16.666668,16.666668,16.666668,1050
1995-11-20,16.666668,16.666668,16.666668,16.666668,0
1995-11-21,16.666668,16.666668,16.666668,16.666668,0
1995-11-22,16.190475,16.666668,16.190475,16.666668,5040
1995-11-24,16.666668,16.666668,16.666668,16.666668,0
1995-11-27,16.666668,16.666668,16.666668,16.666668,0
1995-11-28,16.666668,16.666668,16.666668,16.666668,0
1995-11-29,15.47619,15.47619,15.47619,15.47619,1365
1995-11-30,15.47619,15.47619,15.47619,15.47619,0
1995-12-01,15.47619,15.47619,15.47619,15.47619,420
1995-12-04,15.47619,15.47619,15.47619,15.47619,0
1995-12-05,15.47619,15.47619,15.47619,15.47619,0
1995-12-06,15.47619,15.47619,15.47619,15.47619,0
1995-12-07,16.309525,16.309525,16.309525,16.309525,105
1995-12-08,16.309525,16.309525,16.309525,16.309525,0
1995-12-11,16.309525,16.309525,16.309525,16.309525,0
1995-12-12,14.761905,16.190475,14.761905,15.952381,8295
1995-12-13,15.952381,15.952381,15.952381,15.952381,945
1995-12-14,17.142857,17.142857,17.142857,17.142857,525
1995-12-15,17.142857,17.142857,17.142857,17.142857,735
1995-12-18,16.071428,16.071428,16.071428,16.071428,105
1995-12-19,16.071428,16.071428,16.071428,16.071428,0
1995-12-20,16.547619,17.142857,16.190475,17.142857,2205
1995-12-21,17.142857,17.142857,16.190475,16.190475,420
1995-12-22,16.190475,16.190475,16.190475,16.190475,0
1995-12-26,16.190475,16.190475,16.190475,16.190475,0
1995-12-27,16.190475,16.190475,16.190475,16.190475,105
1995-12-28,15.952381,15.952381,15.952381,15.952381,210
1995-12-29,15,15.833333,15,15.833333,1995
1996-01-02,14.761905,14.761905,14.761905,14.761905,210
1996-01-03,14.761905,15,14.761905,14.761905,2310
1996-01-04,14.761905,14.761905,14.761905,14.761905,0
1996-01-05,14.761905,14.761905,14.761905,14.761905,1260
1996-01-08,13.809524,13.809524,13.809524,13.809524,1050
1996-01-09,13.809524,16.190475,13.809524,16.190475,420
1996-01-10,15.357143,15.357143,13.809524,14.880952,1050
1996-01-11,13.571429,14.642857,13.571429,14.642857,2100
1996-01-12,15.714286,15.714286,15.714286,15.714286,420
1996-01-15,14.285714,14.285714,14.285714,14.285714,1890
1996-01-16,13.809524,15.714286,13.333333,14.285714,1680
1996-01-17,14.285714,14.285714,14.285714,14.285714,0
1996-01-18,15.714286,15.714286,14.761905,14.761905,840
1996-01-19,15.119048,15.119048,14.404762,14.404762,420
1996-01-22,14.285714,14.285714,14.285714,14.285714,420
1996-01-23,13.571429,14.285714,13.571429,14.285714,420
1996-01-24,13.452381,13.452381,13.452381,13.452381,1365
1996-01-25,14.761905,14.761905,14.761905,14.761905,420
1996-01-26,14.761905,14.761905,14.761905,14.761905,0
1996-01-29,14.761905,14.761905,14.761905,14.761905,105
1996-01-30,14.761905,14.761905,14.761905,14.761905,0
1996-01-31,13.333333,14.761905,13.333333,13.333333,315
1996-02-01,14.285714,14.285714,14.285714,14.285714,1050
1996-02-02,14.285714,14.285714,14.285714,14.285714,105
1996-02-05,14.285714,14.285714,13.809524,14.285714,6825
1996-02-06,14.285714,14.285714,14.285714,14.285714,0
1996-02-07,13.809524,14.761905,13.809524,14.761905,1260
1996-02-08,14.761905,14.761905,14.761905,14.761905,0
1996-02-09,15,15,15,15,420
1996-02-12,13.809524,14.52381,13.809524,14.52381,6720
1996-02-13,14.52381,14.52381,14.52381,14.52381,0
1996-02-14,14.52381,14.52381,14.52381,14.52381,0
1996-02-15,14.52381,14.52381,14.52381,14.52381,0
1996-02-16,15,15,15,15,105
1996-02-20,13.571429,13.571429,13.571429,13.571429,105
1996-02-21,14.166667,14.642857,14.166667,14.642857,1155
1996-02-22,14.196429,14.196429,14.196429,14.196429,3255
1996-02-23,15.238095,15.238095,15.238095,15.238095,315
1996-02-26,13.690476,13.690476,13.690476,13.690476,1470
1996-02-27,13.452381,13.452381,13.452381,13.452381,105
1996-02-28,13.333333,14.285714,13.333333,14.285714,1365
1996-02-29,12.857143,12.857143,12.857143,12.857143,210
1996-03-01,15,15,15,15,1260
1996-03-04,12.857143,12.857143,12.857143,12.857143,1050
1996-03-05,12.857143,12.857143,12.857143,12.857143,0
1996-03-06,13.452381,13.452381,13.452381,13.452381,105
1996-03-07,13.452381,13.452381,13.452381,13.452381,0
1996-03-08,13.452381,13.452381,13.452381,13.452381,0
1996-03-11,13.452381,13.452381,13.452381,13.452381,0
1996-03-12,12.619048,13.333333,12.619048,13.333333,6930
1996-03-13,15,15,13.5,14,2500
1996-03-14,12.75,14,12.75,13.375,800
1996-03-15,12.75,12.75,12.75,12.75,600
1996-03-18,12.75,15,12.75,15,400
1996-03-19,13.25,13.5,13.25,13.5,2100
1996-03-20,13.75,13.75,13.75,13.75,700
1996-03-21,12.75,12.75,12.75,12.75,800
1996-03-22,12.75,12.75,12.75,12.75,0
1996-03-25,12.75,12.75,12.75,12.75,0
1996-03-26,15,15,12.75,12.75,700
1996-03-27,12.75,12.75,12.75,12.75,0
1996-03-28,13,14,13,13.25,2400
1996-03-29,14.5,15,14.5,15,600
1996-04-01,15,15,12.75,12.75,800
1996-04-02,15,15,14,14,1800
1996-04-03,15,15,15,15,100
1996-04-04,13.25,13.25,13.25,13.25,100
1996-04-08,13.875,13.875,13.875,13.875,400
1996-04-09,12.75,13,12.75,13,200
1996-04-10,14.5,14.5,14.5,14.5,300
1996-04-11,13.625,13.625,13.625,13.625,600
1996-04-12,13.625,13.625,13.625,13.625,0
1996-04-15,14.5,15,12.75,15,10700
1996-04-16,15,15,14,14,1300
1996-04-17,13.875,15,12.75,15,6900
1996-04-18,15,15,15,15,300
1996-04-19,13,13,12.875,12.875,1800
1996-04-22,15,15,13,15,2700
1996-04-23,12.75,15,12.75,13,1000
1996-04-24,12.75,15,12.75,15,700
1996-04-25,14.75,15.25,14.75,15.25,3200
1996-04-26,15.25,15.25,15.25,15.25,0
1996-04-29,15.25,15.25,15.25,15.25,0
1996-04-30,15.5,15.5,15.25,15.25,800
1996-05-01,15.25,15.25,15.25,15.25,0
1996-05-02,15.25,15.25,15.25,15.25,0
1996-05-03,14.25,15.125,14.25,15.125,7100
1996-05-06,14.9375,14.9375,14.9375,14.9375,1600
1996-05-07,14.875,15.5,14.25,14.9375,1900
1996-05-08,14.9375,14.9375,14.9375,14.9375,0
1996-05-09,14.9375,14.9375,14.9375,14.9375,0
1996-05-10,14.9375,14.9375,14.9375,14.9375,0
1996-05-13,14.5,15,14.25,14.25,15300
1996-05-14,14.875,15,14.25,15,1300
1996-05-15,15,15,15,15,0
1996-05-16,14.5,15.25,14.375,15.25,6900
1996-05-17,15.25,15.25,15.25,15.25,0
1996-05-20,14.5,14.625,13.875,14.625,9000
1996-05-21,14.625,14.625,14.625,14.625,0
1996-05-22,14.375,14.375,13.875,13.875,10000
1996-05-23,13.875,14.5,13.875,14.5,6100
1996-05-24,14.5,14.5,14.5,14.5,0
1996-05-28,15,15,14.5,14.5,2000
1996-05-29,14.5,14.5,14.5,14.5,0
1996-05-30,14.75,14.875,13.75,14.875,1300
1996-05-31,14.875,14.875,14.875,14.875,0
1996-06-03,13.75,13.75,13.75,13.75,100
1996-06-04,13.75,13.75,13.75,13.75,0
1996-06-05,13.75,13.75,13.75,13.75,0
1996-06-06,14.5,14.5,14.5,14.5,300
1996-06-07,14.25,14.25,14.25,14.25,100
1996-06-10,14.25,14.25,14.25,14.25,0
1996-06-11,13.75,14.125,13.75,14.125,600
1996-06-12,13.75,14.875,13.75,14.875,1200
1996-06-13,14.625,14.625,13.75,14.5,1300
1996-06-14,13.75,13.75,13.75,13.75,800
1996-06-17,15,15,15,15,200
1996-06-18,15,15,15,15,0
1996-06-19,15,15,15,15,0
1996-06-20,15,15,15,15,0
1996-06-21,15,15,15,15,0
1996-06-24,14.875,14.875,14.875,14.875,500
1996-06-25,13.875,14.875,13.75,13.875,6000
1996-06-26,13.75,13.75,13.75,13.75,500
1996-06-27,13.6875,13.6875,13.6875,13.6875,100
1996-06-28,13.6875,13.6875,13.6875,13.6875,0
1996-07-01,14,14,14,14,300
1996-07-02,14,14,14,14,100
1996-07-03,14,14,14,14,0
1996-07-05,13,14.25,13,14.25,3500
1996-07-08,13.25,14.75,13.25,14.75,10900
1996-07-09,13.25,13.875,13,13,9200
1996-07-10,13,13,13,13,0
1996-07-11,13,13,13,13,0
1996-07-12,13,14.3125,13,14.3125,800
1996-07-15,14.3125,14.3125,14.3125,14.3125,0
1996-07-16,13.5,13.5,13.5,13.5,1200
1996-07-17,14.25,14.25,13,13.5,2600
1996-07-18,12.75,12.875,12,12,800
1996-07-19,13.25,14,13.25,13.625,11800
1996-07-22,12.25,12.25,12.25,12.25,100
1996-07-23,12.75,13.5,12.75,13.5,1300
1996-07-24,13.5,13.5,13.5,13.5,0
1996-07-25,13.5,13.5,13.5,13.5,0
1996-07-26,13.5,13.5,13.5,13.5,0
1996-07-29,12.6875,13,12.6875,13,300
1996-07-30,13,13,13,13,0
1996-07-31,12.875,12.875,12.875,12.875,500
1996-08-01,13.5,14.25,13.25,14.25,10900
1996-08-02,15,15,15,15,100
1996-08-05,15,15,15,15,0
1996-08-06,13.5,14,13.5,13.5,4100
1996-08-07,13.5,13.5,13.5,13.5,0
1996-08-08,13.5,13.5,13.5,13.5,0
1996-08-09,14.125,15.25,14.125,15,300
1996-08-12,13.75,14.25,13.75,13.8125,1700
1996-08-13,13.8125,13.8125,13.8125,13.8125,0
1996-08-14,13.8125,13.8125,13.8125,13.8125,0
1996-08-15,14.125,14.125,14.125,14.125,1000
1996-08-16,15.25,15.25,15.25,15.25,100
1996-08-19,14.625,14.625,14.5,14.5,2000
1996-08-20,15.25,15.25,14.5,14.5,1100
1996-08-21,15.25,15.25,14.75,14.75,9300
1996-08-22,14.75,14.75,14.75,14.75,100
1996-08-23,14.75,14.75,14.75,14.75,100
1996-08-26,14.75,14.75,14.75,14.75,1000
1996-08-27,15.25,15.25,15.125,15.25,5000
1996-08-28,14.75,14.75,14.75,14.75,2000
1996-08-29,15,15,15,15,2300
1996-08-30,15.25,15.5,14.75,15.25,6100
1996-09-03,14.75,14.75,14.75,14.75,3100
1996-09-04,15.375,15.375,15.375,15.375,1000
1996-09-05,14.5,15.625,14.5,15.625,200
1996-09-06,15.625,15.625,15.625,15.625,0
1996-09-09,15.625,15.625,15.625,15.625,0
1996-09-10,14.5,14.5,14.5,14.5,400
1996-09-11,15,15,15,15,300
1996-09-12,15,15,15,15,0
1996-09-13,15,15,15,15,0
1996-09-16,15,15,15,15,0
1996-09-17,15,15,15,15,0
1996-09-18,15,15,15,15,0
1996-09-19,15,15,15,15,100
1996-09-20,15,15,15,15,0
1996-09-23,15,15,15,15,0
1996-09-24,15,15,15,15,0
1996-09-25,14.75,14.75,14.75,14.75,600
1996-09-26,14.875,15.125,14.75,14.75,11900
1996-09-27,14.875,15.125,14.875,15.125,2400
1996-09-30,15.125,15.125,15.125,15.125,0
1996-10-01,15.125,15.125,15.125,15.125,0
1996-10-02,14.5,14.5,14.5,14.5,1000
1996-10-03,15,15,15,15,200
1996-10-04,15,15,15,15,100
1996-10-07,15,15,15,15,0
1996-10-08,15,15.25,15,15.25,1600
1996-10-09,14.5,14.5,14.5,14.5,1500
1996-10-10,14.75,15,14.75,15,1800
1996-10-11,15,15,15,15,0
1996-10-14,14.5,14.5,14.5,14.5,500
1996-10-15,14.75,15.1875,14.75,14.75,3100
1996-10-16,14.75,14.75,14.75,14.75,0
1996-10-17,14.75,14.75,14.75,14.75,0
1996-10-18,14.75,14.75,14.75,14.75,0
1996-10-21,14.75,14.75,14.75,14.75,1300
1996-10-22,14.75,14.75,14.75,14.75,0
1996-10-23,15.5,15.5,14.875,14.875,600
1996-10-24,14.5,15,14.5,14.5,1900
1996-10-25,15.5,15.5,15.5,15.5,300
1996-10-28,14.875,15.75,14.875,15.5,6600
1996-10-29,15.5,15.5,14.75,14.75,3500
1996-10-30,15.25,15.875,15.125,15.875,3000
1996-10-31,14.75,16.25,14.75,15.125,7600
1996-11-01,16.25,16.25,14.75,14.75,1600
1996-11-04,15.375,15.5,14.75,14.75,4600
1996-11-05,14.75,14.75,14.75,14.75,1600
1996-11-06,15.375,15.375,15.375,15.375,2500
1996-11-07,15,15,15,15,600
1996-11-08,15,15,15,15,0
1996-11-11,15,15,15,15,0
1996-11-12,15,15,15,15,0
1996-11-13,15,15.25,15,15,800
1996-11-14,15.75,15.75,15,15,1500
1996-11-15,15,15,14.9375,14.9375,26300
1996-11-18,15.125,15.5,15,15.4375,17500
1996-11-19,15,15,15,15,1200
1996-11-20,15.5,15.5,15.375,15.375,1200
1996-11-21,15,15,15,15,700
1996-11-22,15,15,15,15,0
1996-11-25,15.25,15.25,15.25,15.25,2700
1996-11-26,15.25,15.25,15,15.25,1000
1996-11-27,15.25,15.25,15.25,15.25,500
1996-11-29,15.25,15.25,15.25,15.25,0
1996-12-02,15,15,15,15,600
1996-12-03,15,15.75,15,15.5,5200
1996-12-04,15.5,15.5,15.5,15.5,0
1996-12-05,15.125,15.625,15.125,15.5,3700
1996-12-06,15,15,15,15,200
1996-12-09,15,15,15,15,100
1996-12-10,15,15,15,15,1800
1996-12-11,15,15,15,15,200
1996-12-12,15,15,15,15,0
1996-12-13,15,15,15,15,100
1996-12-16,15,15.5,15,15.5,3700
1996-12-17,16.25,16.25,15.5,16.25,700
1996-12-18,15,15.3125,15,15.3125,1100
1996-12-19,15.3125,15.3125,15.3125,15.3125,0
1996-12-20,15.3125,15.3125,15.3125,15.3125,0
1996-12-23,15.3125,15.3125,15.3125,15.3125,0
1996-12-24,15.3125,15.3125,15.3125,15.3125,100
1996-12-26,16.25,16.25,16.25,16.25,500
1996-12-27,15,15,15,15,200
1996-12-30,15,15,15,15,0
1996-12-31,15,15,15,15,200
1997-01-02,15.5,15.5,15.375,15.375,5500
1997-01-03,15,15,15,15,1300
1997-01-06,15,15,15,15,300
1997-01-07,15,16,15,16,400
1997-01-08,15,15.5,15,15.5,1100
1997-01-09,15.5,15.5,15.5,15.5,0
1997-01-10,15,15,15,15,200
1997-01-13,15,15,15,15,0
1997-01-14,15,15.875,15,15.875,1700
1997-01-15,15.875,15.875,15.875,15.875,0
1997-01-16,15,15,15,15,1000
1997-01-17,15,15,15,15,0
1997-01-20,15,15,15,15,0
1997-01-21,15,15.5,15,15.5,3600
1997-01-22,15,15.75,15,15.5,6000
1997-01-23,16.25,16.25,15,15.5,3800
1997-01-24,15.5,15.5,15.5,15.5,0
1997-01-27,15.5,16,14.75,15.125,7300
1997-01-28,15.75,15.75,14.75,14.75,1200
1997-01-29,15.5,15.5,15.5,15.5,1300
1997-01-30,14.75,15,14.75,15,2200
1997-01-31,16,16,15,15.5,9700
1997-02-03,16,16,16,16,200
1997-02-04,15.5,15.875,15.5,15.625,6400
1997-02-05,15.625,15.625,15.625,15.625,0
1997-02-06,15.5,15.875,15.5,15.875,2700
1997-02-07,15.5,15.5,15.5,15.5,3200
1997-02-10,15.5,15.5,15.5,15.5,900
1997-02-11,15.875,16.25,15.875,16.125,6900
1997-02-12,16.125,16.125,16.125,16.125,0
1997-02-13,15.75,15.75,15.75,15.75,300
1997-02-14,15.875,15.875,15.875,15.875,1000
1997-02-18,15.75,15.75,15.75,15.75,800
1997-02-19,16,16.75,16,16,2100
1997-02-20,16,16,16,16,0
1997-02-21,16.25,16.5,16,16.375,8100
1997-02-24,16.375,16.375,16.375,16.375,0
1997-02-25,16,16,16,16,100
1997-02-26,16,16,16,16,0
1997-02-27,16,16,16,16,400
1997-02-28,16,16.25,16,16.25,7900
1997-03-03,16,16,16,16,1500
1997-03-04,16,16.75,16,16.75,3500
1997-03-05,16.75,16.75,16.75,16.75,0
1997-03-06,16.75,16.75,16.25,16.25,400
1997-03-07,17,17,16,16.625,11400
1997-03-10,16,17,16,17,900
1997-03-11,16,17,16,16.25,9600
1997-03-12,17,17,17,17,500
1997-03-13,16.5,16.5,16,16,1400
1997-03-14,16.25,17,16,16,13000
1997-03-17,16.25,16.25,16.25,16.25,200
1997-03-18,16.25,16.75,16.25,16.75,1900
1997-03-19,16,17.25,16,17.25,500
1997-03-20,17.25,17.25,17.25,17.25,0
1997-03-21,17.25,17.25,17.25,17.25,0
1997-03-24,17.25,17.25,17.25,17.25,0
1997-03-25,16,17,16,17,1000
1997-03-26,16,16,16,16,2000
1997-03-27,16,16,16,16,2000
1997-03-31,16.25,16.25,16,16,6100
1997-04-01,16,16,16,16,6500
1997-04-02,16.625,17,16.25,17,1900
1997-04-03,17,17,17,17,0
1997-04-04,16.75,16.75,16.625,16.625,700
1997-04-07,16,16.5,16,16.5,1100
1997-04-08,16.125,17,16.125,16.5,1000
1997-04-09,16,16,16,16,200
1997-04-10,17,17,16,16.5,900
1997-04-11,17,17,16.5,16.5,1200
1997-04-14,16.75,16.75,16,16.625,600
1997-04-15,16.625,16.625,16.625,16.625,0
1997-04-16,16,17,16,17,600
1997-04-17,17,17,17,17,0
1997-04-18,16.75,16.75,16,16,1200
1997-04-21,16,17,16,17,1100
1997-04-22,16,16,16,16,300
1997-04-23,16.5,16.5,16.5,16.5,500
1997-04-24,16,16.5,16,16,800
1997-04-25,16,16.5,16,16,3000
1997-04-28,16.375,17,16.375,16.75,1700
1997-04-29,16.375,16.5,16.375,16.5,400
1997-04-30,16.5,16.5,16.5,16.5,0
1997-05-01,17.125,17.125,17,17,200
1997-05-02,17,17,17,17,0
1997-05-05,17.75,18,17,17,6100
1997-05-06,17.25,18.5,17.25,18,2800
1997-05-07,17.5,17.5,17.25,17.25,600
1997-05-08,17.25,17.4375,17.25,17.4375,4800
1997-05-09,17.4375,17.4375,17.4375,17.4375,1000
1997-05-12,17.25,18,17.25,17.875,12600
1997-05-13,17.875,17.875,17.875,17.875,0
1997-05-14,17.875,17.875,17.875,17.875,0
1997-05-15,17.5,17.5,17.5,17.5,100
1997-05-16,17.25,17.5,17.25,17.5,300
1997-05-19,17.25,17.25,17.25,17.25,100
1997-05-20,17.75,18.25,17.25,17.25,7200
1997-05-21,17.25,18.25,17.25,17.25,900
1997-05-22,17.25,17.25,17.25,17.25,200
1997-05-23,17.25,17.25,17.25,17.25,0
1997-05-27,18,18,17.875,17.875,1000
1997-05-28,17.875,17.875,17.875,17.875,0
1997-05-29,17.875,17.875,17.875,17.875,0
1997-05-30,17.875,17.875,17.875,17.875,0
1997-06-02,17.25,17.25,17.25,17.25,200
1997-06-03,18,18,17.5,17.5,2200
1997-06-04,17.25,17.75,17,17,12600
1997-06-05,17.25,17.25,17.25,17.25,3900
1997-06-06,17.25,17.25,17.25,17.25,3100
1997-06-09,17.625,17.625,17.5,17.5,12800
1997-06-10,17.5,17.5,17.5,17.5,0
1997-06-11,17.5,17.5,17.5,17.5,0
1997-06-12,18,18,17.375,17.375,2900
1997-06-13,17.25,17.25,17.25,17.25,13000
1997-06-16,17.75,18,17.25,18,8200
1997-06-17,17.75,17.75,17.25,17.25,14000
1997-06-18,17.25,17.25,17.25,17.25,0
1997-06-19,17.25,18,17.25,17.875,5400
1997-06-20,17.25,17.25,17.25,17.25,1000
1997-06-23,17.5,18,17.25,18,2200
1997-06-24,17.25,17.625,17.25,17.25,6400
1997-06-25,17.25,17.25,17.25,17.25,0
1997-06-26,17.5,17.5,17.25,17.25,6800
1997-06-27,17.75,17.75,17.625,17.625,2600
1997-06-30,17.25,17.25,17.25,17.25,1200
1997-07-01,17.25,17.984375,17.25,17.984375,5500
1997-07-02,18.25,18.25,18,18,600
1997-07-03,17.25,18.25,17.25,18.25,5500
1997-07-07,18.25,18.25,18.25,18.25,0
1997-07-08,18,18,18,18,800
1997-07-09,17.25,17.25,17.25,17.25,300
1997-07-10,17.25,17.25,17.25,17.25,1400
1997-07-11,17.25,17.75,17.25,17.75,11000
1997-07-14,17.25,17.25,17.25,17.25,1700
1997-07-15,18,18,18,18,700
1997-07-16,17.25,17.75,17.25,17.75,8000
1997-07-17,18,18,17.875,17.875,800
1997-07-18,17.875,17.875,17.875,17.875,600
1997-07-21,17.25,17.25,17.25,17.25,800
1997-07-22,17.5,18,17.25,17.25,9800
1997-07-23,17.375,18,17.25,18,3100
1997-07-24,17.9375,17.9375,17.8125,17.8125,800
1997-07-25,17.25,17.9375,17.25,17.8125,500
1997-07-28,17.25,17.25,17.25,17.25,100
1997-07-29,17.25,17.25,17.25,17.25,0
1997-07-30,17.625,17.625,17.625,17.625,1000
1997-07-31,18,18,17.25,18,700
1997-08-01,17.25,18,17.25,17.375,2200
1997-08-04,17.25,18.25,17.25,17.875,800
1997-08-05,17.875,17.875,17.875,17.875,0
1997-08-06,17.5,17.5,17.5,17.5,300
1997-08-07,17.5,18.5,17.5,18.5,12200
1997-08-08,18.5,18.5,18.5,18.5,200
1997-08-11,17.75,18.25,17.75,17.75,1200
1997-08-12,17.75,17.75,17.75,17.75,1600
1997-08-13,17.75,17.75,17.75,17.75,1000
1997-08-14,17.75,17.75,17.75,17.75,200
1997-08-15,17.75,17.75,17.75,17.75,0
1997-08-18,18.5,18.5,18,18,600
1997-08-19,17.75,18,17.75,18,1300
1997-08-20,17.75,18,17.75,18,3600
1997-08-21,18.125,18.125,18,18,7000
1997-08-22,17.75,18.3125,17.75,18.125,3600
1997-08-25,17.5,18,17.25,18,1600
1997-08-26,18,18,18,18,500
1997-08-27,17.25,17.25,17.25,17.25,1000
1997-08-28,17.25,17.25,17.25,17.25,0
1997-08-29,17.25,17.25,17.25,17.25,100
1997-09-02,17.25,17.25,17.25,17.25,0
1997-09-03,17.5,18,17.5,18,2600
1997-09-04,17.875,17.875,17.875,17.875,500
1997-09-05,17.25,17.25,17.25,17.25,300
1997-09-08,17.25,17.25,17.25,17.25,0
1997-09-09,17.25,17.25,17.25,17.25,0
1997-09-10,18,18,18,18,6900
1997-09-11,17.25,17.25,17.25,17.25,800
1997-09-12,17.25,17.25,17.25,17.25,0
1997-09-15,17.375,18,17.25,17.25,8500
1997-09-16,17.25,17.25,17.25,17.25,1200
1997-09-17,17.25,17.875,17,17.5,22300
1997-09-18,18.25,18.25,18,18,4800
1997-09-19,18.25,18.25,18,18.25,3100
1997-09-22,18,18,18,18,3200
1997-09-23,17.375,18,17.25,18,5100
1997-09-24,18,18,18,18,0
1997-09-25,18,18,18,18,0
1997-09-26,17.25,17.25,17.25,17.25,300
1997-09-29,18.25,18.25,17.25,17.875,2800
1997-09-30,17.25,17.625,17.25,17.625,400
1997-10-01,17.625,17.625,17.625,17.625,0
1997-10-02,17.625,17.625,17.625,17.625,0
1997-10-03,17.625,17.875,17.5,17.875,3000
1997-10-06,18,18,17.25,17.25,2600
1997-10-07,17.75,18,17.75,18,1500
1997-10-08,17.25,17.25,17.25,17.25,800
1997-10-09,17.75,17.75,17.75,17.75,1200
1997-10-10,17.25,17.75,17.25,17.75,200
1997-10-13,17.75,17.75,17.75,17.75,0
1997-10-14,17.75,18,17.75,18,700
1997-10-15,18,18,18,18,800
1997-10-16,17.75,17.75,17.75,17.75,1000
1997-10-17,18.25,18.25,18,18,300
1997-10-20,18,18.5,18,18,4400
1997-10-21,18,18,18,18,4400
1997-10-22,18.25,18.25,18.25,18.25,400
1997-10-23,18,18,18,18,700
1997-10-24,17.625,17.75,17.625,17.75,1700
1997-10-27,17.75,17.875,17.75,17.875,4000
1997-10-28,17.5,17.5,17.5,17.5,300
1997-10-29,18,18,18,18,1000
1997-10-30,18.25,18.25,18.25,18.25,100
1997-10-31,17.75,17.75,17.75,17.75,100
1997-11-03,18.5,18.5,18.5,18.5,400
1997-11-04,18.375,18.5,18,18.5,600
1997-11-05,18.25,18.5,18,18.5,6400
1997-11-06,18,18,18,18,600
1997-11-07,18.5,18.5,18.375,18.375,4000
1997-11-10,18.25,18.25,18.25,18.25,400
1997-11-11,18.25,18.25,18.25,18.25,0
1997-11-12,18.5,18.5,18.5,18.5,400
1997-11-13,18.5,18.75,18.375,18.625,8800
1997-11-14,18,18.75,18,18.75,5000
1997-11-17,18.5,19,18.5,19,1500
1997-11-18,19,19,19,19,0
1997-11-19,19,19,19,19,0
1997-11-20,18.875,18.875,18.75,18.75,3200
1997-11-21,19,19,18.625,18.625,1300
1997-11-24,18.625,18.625,18.625,18.625,0
1997-11-25,18.625,18.625,18.625,18.625,0
1997-11-26,18.625,18.625,18.625,18.625,700
1997-11-28,18.625,18.625,18.625,18.625,0
1997-12-01,18.625,18.625,18.625,18.625,400
1997-12-02,18.625,19.5,18.625,19,6800
1997-12-03,19.5,19.5,18.75,18.75,2000
1997-12-04,19.75,21,19.75,20,9900
1997-12-05,19.25,19.75,19.25,19.75,600
1997-12-08,19.75,20.25,19.25,19.25,10400
1997-12-09,19.25,19.25,19.25,19.25,400
1997-12-10,19.25,19.375,19.25,19.25,800
1997-12-11,19.25,20.25,19.25,20.25,1400
1997-12-12,19.375,19.375,19.375,19.375,800
1997-12-15,19.5,19.875,19.375,19.875,4900
1997-12-16,19.375,19.375,19.375,19.375,100
1997-12-17,19.75,19.75,19.375,19.375,7300
1997-12-18,19.375,19.375,19.375,19.375,0
1997-12-19,19.375,19.375,19.375,19.375,0
1997-12-22,19.375,19.375,19.375,19.375,0
1997-12-23,19.375,19.375,19.375,19.375,400
1997-12-24,19.375,19.375,19.375,19.375,1000
1997-12-26,19.375,19.375,19.375,19.375,0
1997-12-29,19,20.25,19,20.125,2300
1997-12-30,20.125,20.125,20.125,20.125,0
1997-12-31,20.25,20.25,20.25,20.25,900
1998-01-02,20.5,20.5,19.25,19.25,800
1998-01-05,19.25,19.25,19.25,19.25,1000
1998-01-06,19.25,19.25,19.25,19.25,0
1998-01-07,19.25,19.25,19.25,19.25,200
1998-01-08,19.25,19.25,19.25,19.25,1500
1998-01-09,18.75,18.75,18.75,18.75,200
1998-01-12,18.75,18.75,18.75,18.75,3000
1998-01-13,18.25,18.5,18,18,6500
1998-01-14,18.375,18.375,18.375,18.375,100
1998-01-15,18,18,18,18,200
1998-01-16,18,18.5,18,18,12200
1998-01-20,18,18.4375,18,18.4375,4400
1998-01-21,18,18,18,18,1000
1998-01-22,18,18.125,18,18.125,6200
1998-01-23,18,18.4375,17.75,18.4375,1300
1998-01-26,18.4375,18.4375,18.4375,18.4375,0
1998-01-27,18,18,17.5,17.5,500
1998-01-28,18,18,17.5,17.5,300
1998-01-29,17.5,17.5,17.5,17.5,0
1998-01-30,18,18,17.5,17.75,2900
1998-02-02,17.625,18.25,17.625,18.25,900
1998-02-03,18.25,18.25,18.1875,18.1875,11200
1998-02-04,18.1875,18.1875,18.1875,18.1875,2700
1998-02-05,18.1875,18.1875,18.1875,18.1875,1600
1998-02-06,18.25,18.25,18,18,1100
1998-02-09,17.75,17.75,17.75,17.75,200
1998-02-10,17.75,18,17.75,18,4700
1998-02-11,18,18,18,18,0
1998-02-12,18,18,18,18,0
1998-02-13,17.75,17.75,17.75,17.75,800
1998-02-17,18,18,18,18,900
1998-02-18,18.125,18.25,18.125,18.25,21400
1998-02-19,18.25,18.25,18.25,18.25,0
1998-02-20,17.75,18.25,17.75,18.25,1200
1998-02-23,18,18.25,17.75,17.75,400
1998-02-24,17.875,18.25,17.875,18.25,300
1998-02-25,17.875,17.875,17.875,17.875,1100
1998-02-26,18.25,18.25,17.875,18.25,1300
1998-02-27,17.875,18.5,17.875,17.875,9200
1998-03-02,18.375,18.375,17.875,17.875,2100
1998-03-03,17.875,18.125,17.875,18.125,500
1998-03-04,18,18,18,18,200
1998-03-05,18,18.3125,18,18.3125,2400
1998-03-06,18,18.3125,18,18.3125,2300
1998-03-09,18,18.5,18,18.5,9900
1998-03-10,18.5,18.5,18.5,18.5,0
1998-03-11,18,18,18,18,300
1998-03-12,18.25,18.5,18,18,9200
1998-03-13,18,18,18,18,300
1998-03-16,18,18.5,18,18.5,7300
1998-03-17,18.5,18.5,18.5,18.5,0
1998-03-18,18.375,18.5,18.375,18.5,3900
1998-03-19,18.125,18.5,18.125,18.5,200
1998-03-20,18.5,18.5,18.5,18.5,1500
1998-03-23,18.125,18.75,18.125,18.25,900
1998-03-24,18.75,19,18.5,18.5,6000
1998-03-25,18.75,19.75,18.5,19.75,4500
1998-03-26,19,20,19,19.5,4500
1998-03-27,19,20,19,20,8000
1998-03-30,19,20,19,19.5,4800
1998-03-31,19.375,19.375,19.375,19.375,100
1998-04-01,20,20,19.75,20,1300
1998-04-02,20,20,20,20,0
1998-04-03,19.5,19.625,19.5,19.625,2300
1998-04-06,20,20.125,19.75,20.125,5000
1998-04-07,19.5,20.125,19.5,19.75,26500
1998-04-08,20.125,20.125,19.625,19.625,900
1998-04-09,19.75,20.25,19.75,20.21875,4300
1998-04-13,20.25,20.375,20,20.25,2500
1998-04-14,19.875,20.375,19.875,20.375,700
1998-04-15,20,20.375,20,20.375,8600
1998-04-16,19.875,19.875,19.875,19.875,300
1998-04-17,19.875,20.375,19.875,20.375,700
1998-04-20,20.375,20.375,19.875,19.875,1200
1998-04-21,20.375,20.375,19.75,20.125,10300
1998-04-22,20.125,20.125,20.125,20.125,0
1998-04-23,20.125,20.125,20.125,20.125,0
1998-04-24,20.125,20.125,20.125,20.125,800
1998-04-27,19.875,19.875,19.875,19.875,2900
1998-04-28,19.875,19.875,19.875,19.875,0
1998-04-29,20,20,20,20,1000
1998-04-30,20.125,20.375,20,20.375,17100
1998-05-01,20.125,20.5,20,20.125,5500
1998-05-04,20.125,20.375,20.125,20.375,9900
1998-05-05,20.375,20.5,20.25,20.5,4400
1998-05-06,20.5,20.5,20.5,20.5,0
1998-05-07,20.5,20.5,20,20,1200
1998-05-08,20,20,20,20,200
1998-05-11,20,20.5,20,20.5,8400
1998-05-12,20,20.5,20,20,4500
1998-05-13,20.5,20.5,20.25,20.25,3200
1998-05-14,20.125,20.125,20.125,20.125,1700
1998-05-15,20,20,20,20,3000
1998-05-18,20,20.5,19.875,20,21600
1998-05-19,20.125,20.5,20.125,20.4375,2000
1998-05-20,20,20,20,20,2500
1998-05-21,20.5,20.5,20,20,1700
1998-05-22,20.25,20.5,20,20.25,6500
1998-05-26,20,20.5,20,20,3800
1998-05-27,20,20,20,20,300
1998-05-28,20.5,20.5,20,20,4900
1998-05-29,20.5,20.5,20.5,20.5,1400
1998-06-01,20.5,20.5,20.25,20.25,1600
1998-06-02,20.5,20.5,20.5,20.5,1100
1998-06-03,20.5,20.5,20.5,20.5,0
1998-06-04,20.5,20.5,20.5,20.5,0
1998-06-05,19.875,20,19.875,20,21900
1998-06-08,20,20,20,20,0
1998-06-09,20,20,20,20,0
1998-06-10,20,20,20,20,2900
1998-06-11,20.5,20.5,20.125,20.125,1000
1998-06-12,20,20.046875,20,20.046875,2000
1998-06-15,20.046875,20.046875,20.046875,20.046875,0
1998-06-16,20.5,20.5,20,20,3100
1998-06-17,20,20,20,20,400
1998-06-18,20,20.5,20,20.5,8300
1998-06-19,19.875,19.875,19.875,19.875,500
1998-06-22,20.25,20.25,20,20,500
1998-06-23,20,20,20,20,0
1998-06-24,20,20,20,20,0
1998-06-25,20.5,20.5,20.5,20.5,100
1998-06-26,20.5,20.5,20.5,20.5,0
1998-06-29,20,20,20,20,1900
1998-06-30,20,20.25,20,20,2000
1998-07-01,20,20,20,20,7100
1998-07-02,20.25,20.25,20,20,5000
1998-07-06,20,20,20,20,2200
1998-07-07,20,20.375,20,20.3125,4600
1998-07-08,20.375,20.375,20,20,600
1998-07-09,20,20,20,20,9500
1998-07-10,20,20.5,20,20,13000
1998-07-13,20.375,20.375,20,20.375,5800
1998-07-14,20,20,20,20,1000
1998-07-15,20,20,20,20,2300
1998-07-16,20,20.375,20,20.375,3600
1998-07-17,20,20.25,20,20,5500
1998-07-20,20,20.5,20,20.5,23900
1998-07-21,20,20,20,20,1000
1998-07-22,20,20.5,20,20.5,4600
1998-07-23,20.5,20.5,20,20.375,4000
1998-07-24,20,20,20,20,700
1998-07-27,20,20,20,20,5100
1998-07-28,20,20.5,20,20.5,1200
1998-07-29,20.5,20.5,20.25,20.5,1600
1998-07-30,20.125,20.125,20.125,20.125,200
1998-07-31,20.125,20.125,20.125,20.125,3800
1998-08-03,20.25,20.5,20.25,20.25,16300
1998-08-04,20.125,20.5,20.125,20.125,2400
1998-08-05,20.125,20.125,20,20,14500
1998-08-06,20.125,20.25,20,20,19900
1998-08-07,20.5,20.5,20.3125,20.3125,8600
1998-08-10,20,20,20,20,1400
1998-08-11,20,20,20,20,500
1998-08-12,20,20.5,20,20.5,200
1998-08-13,20,20,20,20,600
1998-08-14,20,20,20,20,500
1998-08-17,20,20.25,20,20.25,1200
1998-08-18,20,20,20,20,1800
1998-08-19,19.75,19.75,19.75,19.75,1400
1998-08-20,19.5,19.5,19.5,19.5,500
1998-08-21,19,19.5,19,19,10500
1998-08-24,19,19,19,19,0
1998-08-25,19,19,19,19,0
1998-08-26,19,19,19,19,0
1998-08-27,19.5,19.5,19,19.5,4500
1998-08-28,19,19,19,19,1300
1998-08-31,18.5,19,18.5,19,700
1998-09-01,18.5,19,18.5,18.5,1100
1998-09-02,19,19,18.5,19,1300
1998-09-03,18.5,19,18.5,19,7500
1998-09-04,18.875,18.875,18.875,18.875,200
1998-09-08,18.5,18.5,18.5,18.5,600
1998-09-09,18.5,18.5,18.5,18.5,0
1998-09-10,18.5,18.5,18.5,18.5,2600
1998-09-11,19.25,19.25,19.25,19.25,2000
1998-09-14,18.5,18.5,18.5,18.5,400
1998-09-15,18.5,18.5,18.5,18.5,1100
1998-09-16,19,19.25,18.5,18.5,4900
1998-09-17,18.5,18.5,18.5,18.5,0
1998-09-18,18.5,18.5,18.5,18.5,0
1998-09-21,18.5,18.875,18.25,18.875,6800
1998-09-22,18.25,18.25,18,18,800
1998-09-23,18,18,18,18,0
1998-09-24,18.25,18.25,18.25,18.25,700
1998-09-25,18.25,18.25,18.25,18.25,1000
1998-09-28,18.25,18.25,18.25,18.25,0
1998-09-29,18.25,18.25,18.25,18.25,0
1998-09-30,18.125,18.125,18.125,18.125,200
1998-10-01,18.125,18.125,18.125,18.125,1000
1998-10-02,18.125,18.125,18.125,18.125,0
1998-10-05,18.125,18.5,18.125,18.5,1600
1998-10-06,18.5,18.5,18.0625,18.0625,3400
1998-10-07,18,18,17.5,17.5,2100
1998-10-08,17.5,17.5,17.5,17.5,1000
1998-10-09,17.5,17.5,17.5,17.5,0
1998-10-12,18.3125,18.3125,18.3125,18.3125,2500
1998-10-13,17.5,17.5,17.5,17.5,200
1998-10-14,17.5,17.5,17.5,17.5,0
1998-10-15,17.5625,18.125,17.5,18.125,2100
1998-10-16,18,18,18,18,500
1998-10-19,18,18,18,18,200
1998-10-20,18,18,18,18,0
1998-10-21,17.5,17.5,17,17,8500
1998-10-22,17,17,15.5,16.5,6500
1998-10-23,16.5,17.125,16.5,17.125,10000
1998-10-26,16.75,16.75,16.75,16.75,2700
1998-10-27,16.125,16.125,16.125,16.125,100
1998-10-28,16.75,16.75,16.75,16.75,1600
1998-10-29,16.25,17.25,16.25,17.25,700
1998-10-30,17,17,16.25,16.25,4800
1998-11-02,17.5,22,16.75,21.5,23400
1998-11-03,21.5,21.5,19,19,6200
1998-11-04,19.5,19.5,19.5,19.5,2000
1998-11-05,19,19,18,18,11300
1998-11-06,18.125,18.75,18.125,18.75,3400
1998-11-09,19,19,18.25,18.25,6300
1998-11-10,18.25,18.25,18.25,18.25,1000
1998-11-11,18.25,18.25,18.25,18.25,0
1998-11-12,18.25,18.25,18.25,18.25,200
1998-11-13,18.25,18.25,18.25,18.25,600
1998-11-16,18.25,18.25,18.25,18.25,0
1998-11-17,18.25,18.25,18.25,18.25,0
1998-11-18,18.25,19.25,18.25,19.25,1200
1998-11-19,19.25,19.25,18.5,18.875,4200
1998-11-20,18.5,18.5,18.5,18.5,800
1998-11-23,18.5,19,18.5,19,1100
1998-11-24,19,19,19,19,0
1998-11-25,18.5,18.5,18.5,18.5,100
1998-11-27,18.5,18.5,18.5,18.5,0
1998-11-30,18.5,18.5,18,18,3900
1998-12-01,18,18,18,18,0
1998-12-02,18.5,19.25,18.25,19,7500
1998-12-03,18.25,19.375,18.25,18.25,1400
1998-12-04,19.375,19.5,18.9375,18.9375,2900
1998-12-07,18.75,18.75,18.75,18.75,3700
1998-12-08,18.25,18.25,18.25,18.25,2000
1998-12-09,18.25,19,18.25,18.75,1200
1998-12-10,18,19.5,18,19.5,400
1998-12-11,18.25,18.25,18,18,1700
1998-12-14,18.75,18.75,18,18,3400
1998-12-15,18,18,17.25,18,23000
1998-12-16,18,18,18,18,200
1998-12-17,17.375,17.375,17.375,17.375,200
1998-12-18,17.25,17.25,17.25,17.25,100
1998-12-21,17.25,17.25,17.25,17.25,500
1998-12-22,17.25,17.25,17.25,17.25,400
1998-12-23,17.875,17.875,17.25,17.25,2400
1998-12-24,17.25,17.25,17.25,17.25,0
1998-12-28,18,18,18,18,600
1998-12-29,17.25,17.875,16.75,16.75,5000
1998-12-30,18,18,16.375,16.375,7600
1998-12-31,16.625,17.5,16.5,16.625,7000
1999-01-04,18,18,18,18,100
1999-01-05,16.5,17.25,16.5,17.25,300
1999-01-06,16.75,16.75,16.75,16.75,1000
1999-01-07,17.75,17.75,17.75,17.75,100
1999-01-08,17.125,17.25,17.125,17.25,16600
1999-01-11,17,17.25,17,17.25,400
1999-01-12,17,17.25,17,17.25,1100
1999-01-13,16.5,16.5,16.5,16.5,1000
1999-01-14,16.75,17,16.75,17,600
1999-01-15,17,17,17,17,0
1999-01-19,17,17,17,17,200
1999-01-20,17,17,17,17,0
1999-01-21,17.25,17.25,17,17,1200
1999-01-22,17,17,17,17,0
1999-01-25,17,17,16.75,16.75,3100
1999-01-26,16.75,17.25,16.75,16.75,2900
1999-01-27,16.75,16.75,16.5,16.5,5300
1999-01-28,16.5,16.5,16.5,16.5,0
1999-01-29,16.5,16.8125,16.5,16.5,11700
1999-02-01,17,17.25,17,17.125,2300
1999-02-02,16.875,17.25,16.875,17.25,4900
1999-02-03,16.875,17.25,16.875,17.25,21600
1999-02-04,17.25,17.25,17.125,17.125,9400
1999-02-05,17.125,17.125,17.125,17.125,0
1999-02-08,16.5,16.5,16.5,16.5,500
1999-02-09,17.125,17.25,16.75,17.125,8600
1999-02-10,16.5,17.125,16.5,17.125,2900
1999-02-11,17.25,17.25,16.125,16.5,6600
1999-02-12,16.125,16.75,16.125,16.75,6300
1999-02-16,16.25,17,16.25,16.875,5400
1999-02-17,16.25,16.5,16.25,16.5,3500
1999-02-18,16.5,16.5,16.5,16.5,0
1999-02-19,16.25,17,16.25,17,3200
1999-02-22,17,17,16.5,16.5,2700
1999-02-23,16.5,16.5,16.5,16.5,0
1999-02-24,16.375,17,16.375,17,2700
1999-02-25,17,17,17,17,600
1999-02-26,16.6875,17,16.6875,17,2000
1999-03-01,17,17,17,17,0
1999-03-02,17,17,17,17,0
1999-03-03,17,17,17,17,1100
1999-03-04,17,17,17,17,0
1999-03-05,16.625,16.625,16.625,16.625,1400
1999-03-08,16.625,16.875,16.625,16.875,3500
1999-03-09,16.625,16.625,16.625,16.625,2200
1999-03-10,16.5,16.625,16.5,16.625,600
1999-03-11,16.5,16.5,16.5,16.5,900
1999-03-12,16.5,16.5,16.5,16.5,0
1999-03-15,16,16.5,16,16.5,7000
1999-03-16,16.25,16.625,16.25,16.375,3600
1999-03-17,16.375,16.375,16.375,16.375,100
1999-03-18,16.375,16.375,16.125,16.125,5500
1999-03-19,16.125,16.125,16.125,16.125,1700
1999-03-22,16.125,16.125,16.125,16.125,0
1999-03-23,16.25,16.25,16.25,16.25,2000
1999-03-24,16.25,16.25,16.25,16.25,0
1999-03-25,16,16,16,16,2800
1999-03-26,16.25,16.25,16,16.25,30900
1999-03-29,16,16,15.875,15.875,800
1999-03-30,16,16.0625,15.875,15.875,7500
1999-03-31,16.125,16.25,15.875,16.25,5000
1999-04-01,16.25,16.25,16,16,8500
1999-04-05,16,16.25,15.75,15.75,17400
1999-04-06,15.75,16,15.75,15.75,13300
1999-04-07,15.875,15.875,15.875,15.875,10100
1999-04-08,15.75,15.75,15.75,15.75,300
1999-04-09,15.75,15.875,15.75,15.875,1600
1999-04-12,15.75,15.75,15.75,15.75,400
1999-04-13,15.75,15.75,15.5625,15.625,21900
1999-04-14,15.75,15.75,15.5,15.5,6300
1999-04-15,15.5,15.625,15.25,15.625,2500
1999-04-16,15.25,15.25,15.25,15.25,2000
1999-04-19,15.25,15.5,15.25,15.25,21500
1999-04-20,15.5,15.5,15.25,15.25,27100
1999-04-21,15.5,15.5,15.4375,15.5,7200
1999-04-22,15.5,15.625,15.5,15.625,1400
1999-04-23,15.625,15.625,15.625,15.625,0
1999-04-26,15.25,15.75,15,15,25200
1999-04-27,15.75,15.75,15.5,15.75,1800
1999-04-28,15.75,15.75,15.75,15.75,100
1999-04-29,15.625,15.625,15.625,15.625,2100
1999-04-30,15.5,15.625,15.0625,15.625,2200
1999-05-03,15.625,16.125,15.625,16.125,5600
1999-05-04,15.5,15.5,15.5,15.5,300
1999-05-05,16,16,15.75,16,6100
1999-05-06,15.75,15.875,15.75,15.875,3000
1999-05-07,15.75,15.75,15.75,15.75,1000
1999-05-10,15.875,16,15.875,16,21000
1999-05-11,16,16,15.875,15.875,2600
1999-05-12,15.875,16,15.875,15.875,13000
1999-05-13,15.875,15.875,15.875,15.875,500
1999-05-14,15.875,16,15.5,15.5,7200
1999-05-17,15.375,15.375,15.375,15.375,2000
1999-05-18,15.375,15.375,15.375,15.375,0
1999-05-19,15.75,15.75,15.75,15.75,200
1999-05-20,15.75,15.75,15.75,15.75,0
1999-05-21,15.75,16,15,15,6300
1999-05-24,15,15,15,15,0
1999-05-25,15,15.125,15,15.125,2500
1999-05-26,15.125,15.125,15.125,15.125,0
1999-05-27,15.125,15.125,15.125,15.125,0
1999-05-28,15.5,15.5,15,15.4375,8500
1999-06-01,15.4375,15.5,15.375,15.5,1900
1999-06-02,15.125,15.125,15.125,15.125,800
1999-06-03,15.125,15.125,15.125,15.125,200
1999-06-04,15.125,15.125,15.125,15.125,400
1999-06-07,15.125,15.125,15.125,15.125,800
1999-06-08,15.125,15.4375,15.125,15.125,9500
1999-06-09,15.5,15.5,15.125,15.5,2000
1999-06-10,15.125,15.5,15.125,15.5,3000
1999-06-11,15.125,15.125,15.125,15.125,200
1999-06-14,15.125,15.5,15.125,15.375,12300
1999-06-15,15.375,15.375,15.1875,15.1875,4700
1999-06-16,15.1875,15.25,15,15.1875,5600
1999-06-17,15.25,15.25,15.25,15.25,1000
1999-06-18,15.25,15.25,15.25,15.25,1000
1999-06-21,15.25,15.4375,15.25,15.4375,6000
1999-06-22,15,15.5,15,15,13200
1999-06-23,15.5,15.5,15.25,15.5,6000
1999-06-24,15.5,15.5,15.25,15.5,10900
1999-06-25,15.5,15.5,15.5,15.5,900
1999-06-28,15.5,15.5,15.5,15.5,0
1999-06-29,15,15.5,15,15,2900
1999-06-30,15.25,15.375,15.25,15.375,3600
1999-07-01,15,15.5,14.375,15,14000
1999-07-02,15,15.125,14.75,15.125,10900
1999-07-06,15.375,15.375,15,15.25,12700
1999-07-07,15,15.125,15,15.125,4500
1999-07-08,15,15.125,15,15.125,3300
1999-07-09,15,15.25,15,15.25,500
1999-07-12,15.5,15.5,15.125,15.125,2000
1999-07-13,15.125,15.125,15.125,15.125,0
1999-07-14,15.375,15.5,15.25,15.5,2800
1999-07-15,15.375,15.375,15.25,15.25,6400
1999-07-16,15.375,15.375,15.25,15.25,5000
1999-07-19,15.375,15.625,15,15.375,17000
1999-07-20,15.125,15.125,15.125,15.125,1000
1999-07-21,15.125,15.3125,15,15.3125,6300
1999-07-22,15.3125,15.3125,15.3125,15.3125,0
1999-07-23,15,15,15,15,2400
1999-07-26,15,15,15,15,200
1999-07-27,15.375,15.375,15.375,15.375,1000
1999-07-28,15.25,15.25,15,15,5600
1999-07-29,15.4375,15.4375,15,15,2600
1999-07-30,15,15,15,15,0
1999-08-02,15.5,15.5,15,15.375,26800
1999-08-03,15.375,15.375,15.25,15.375,10800
1999-08-04,15.125,15.125,15.125,15.125,1500
1999-08-05,15,15.0625,14.5,14.5,8800
1999-08-06,15,15,14.5,14.75,1400
1999-08-09,14.5625,14.5625,14.5625,14.5625,300
1999-08-10,14.5625,14.5625,14.5625,14.5625,0
1999-08-11,14.5,14.75,14.5,14.75,800
1999-08-12,14.5,14.5,14.5,14.5,300
1999-08-13,14.5,15,14.5,15,10200
1999-08-16,14.75,14.75,14.75,14.75,200
1999-08-17,15.25,15.375,14.5,15.375,3300
1999-08-18,15.375,15.375,15.375,15.375,1000
1999-08-19,15.375,15.375,15.375,15.375,0
1999-08-20,15,15,15,15,1700
1999-08-23,15.25,15.375,15.25,15.375,3400
1999-08-24,15.125,15.125,15.125,15.125,4000
1999-08-25,15.125,15.375,15,15,4700
1999-08-26,15,15,15,15,0
1999-08-27,15,15.25,15,15.25,2600
1999-08-30,15.25,15.25,15.25,15.25,0
1999-08-31,15.0625,15.375,15.0625,15.375,8200
1999-09-01,15.375,15.375,15.25,15.25,30000
1999-09-02,15.375,15.375,15.375,15.375,200
1999-09-03,15,15,15,15,600
1999-09-07,15,15.25,15,15.25,2400
1999-09-08,15,15.25,15,15.25,8000
1999-09-09,14.875,14.875,14.875,14.875,1000
1999-09-10,14.875,14.875,14.875,14.875,0
1999-09-13,15.125,15.125,14.875,14.875,700
1999-09-14,14.875,14.875,14.875,14.875,0
1999-09-15,14.875,15,14.875,15,8400
1999-09-16,14.875,14.875,14.875,14.875,100
1999-09-17,14.875,14.875,14.875,14.875,200
1999-09-20,15,15,14.875,14.875,6600
1999-09-21,14.875,14.875,14.875,14.875,1900
1999-09-22,15,15.125,14.75,14.75,33500
1999-09-23,14.625,15.25,14.625,14.75,31800
1999-09-24,14.75,14.75,14.75,14.75,0
1999-09-27,14.625,15.25,14.625,14.75,7000
1999-09-28,14.625,14.625,14.625,14.625,500
1999-09-29,15,15.25,14.75,14.75,5900
1999-09-30,14.875,15.125,14.5,14.5,27500
1999-10-01,15,15,14.5,14.5,3600
1999-10-04,14.5,15.125,14.5,15,2600
1999-10-05,13.9375,13.9375,13.9375,13.9375,65800
1999-10-06,15,15,15,15,1000
1999-10-07,14.75,14.75,14.5,14.75,1900
1999-10-08,14.5,15,14.5,14.5,600
1999-10-11,15.125,15.125,15.125,15.125,400
1999-10-12,15,15,14.625,15,2100
1999-10-13,15,15,15,15,0
1999-10-14,14.625,14.625,14.625,14.625,1200
1999-10-15,14.5,14.875,14.5,14.5,2500
1999-10-18,14.5,15,14.5,14.5,4800
1999-10-19,14.75,14.75,14.75,14.75,1800
1999-10-20,14.5,14.5,14.5,14.5,2000
1999-10-21,14.9375,14.9375,14.9375,14.9375,2000
1999-10-22,15,15,14.5,14.5,6900
1999-10-25,14.875,15,14.5,15,13400
1999-10-26,14.625,14.75,14.625,14.75,2900
1999-10-27,14.9375,14.9375,14.5,14.5,5800
1999-10-28,14.9375,15,14.5,14.5,7400
1999-10-29,14.5,15,14.5,15,5400
1999-11-01,15,15,14.5,14.5,1600
1999-11-02,15,15,14.625,14.9375,17400
1999-11-03,14.9375,14.9375,14.9375,14.9375,0
1999-11-04,14.75,14.9375,14.75,14.9375,2700
1999-11-05,14.625,14.75,14.375,14.375,7200
1999-11-08,14.375,14.875,14.375,14.875,10500
1999-11-09,14.375,14.9375,14.375,14.9375,600
1999-11-10,14.9375,14.9375,14.9375,14.9375,0
1999-11-11,14.9375,14.9375,14.9375,14.9375,0
1999-11-12,14.375,14.875,14.375,14.5,700
1999-11-15,14.5,14.75,14.5,14.75,800
1999-11-16,14.5,14.875,14.375,14.5,8300
1999-11-17,14.875,14.875,14.5,14.75,21900
1999-11-18,14.6875,14.75,14.5,14.75,4500
1999-11-19,14.375,14.875,14.375,14.75,3200
1999-11-22,14.75,14.75,14.75,14.75,0
1999-11-23,14.75,14.75,14.625,14.625,3400
1999-11-24,14.5,14.625,14.5,14.625,300
1999-11-26,14.625,14.625,14.625,14.625,0
1999-11-29,14.5,14.5,14,14,7500
1999-11-30,14,14,14,14,0
1999-12-01,14.5,15,14.5,15,700
1999-12-02,15,15,15,15,0
1999-12-03,14.5,14.75,14.5,14.625,4300
1999-12-06,14.25,14.25,14.25,14.25,100
1999-12-07,14.25,14.875,14.25,14.875,2900
1999-12-08,14.875,14.875,14.875,14.875,0
1999-12-09,14.25,14.375,14,14.375,4400
1999-12-10,14.125,14.5,14.0625,14.5,6500
1999-12-13,14.125,14.125,14,14,1100
1999-12-14,14,14,14,14,1500
1999-12-15,13.875,13.875,13.875,13.875,1000
1999-12-16,13.875,13.875,13.75,13.75,3500
1999-12-17,13.75,13.75,13.75,13.75,0
1999-12-20,13.75,13.75,13.25,13.25,10400
1999-12-21,13.25,13.625,13.25,13.625,5000
1999-12-22,13.75,13.75,13.3125,13.625,1700
1999-12-23,13.75,13.75,13.3125,13.3125,27000
1999-12-27,13.375,13.875,13.3125,13.3125,1600
1999-12-28,13.5625,13.5625,13.25,13.25,1700
1999-12-29,13.875,14,13.375,14,7000
1999-12-30,14.25,14.4375,14.25,14.4375,4100
1999-12-31,14.4375,14.4375,14.4375,14.4375,0
2000-01-03,14.625,14.6875,14.625,14.6875,2200
2000-01-04,14.375,14.9375,14.375,14.375,9900
2000-01-05,14.375,14.375,14.375,14.375,800
2000-01-06,14.375,14.8125,14,14,5600
2000-01-07,14,14,14,14,0
2000-01-10,14.5,14.5,14,14,3900
2000-01-11,13.5,13.5,13,13,4100
2000-01-12,13,13,13,13,400
2000-01-13,13,13,13,13,200
2000-01-14,13,13,12.5,13,13400
2000-01-18,12.75,12.75,12.3125,12.3125,5200
2000-01-19,12.3125,12.3125,12.3125,12.3125,1900
2000-01-20,13,13,13,13,100
2000-01-21,12.375,12.375,12.375,12.375,1400
2000-01-24,12.375,12.375,12.375,12.375,0
2000-01-25,12.5,12.5,12.5,12.5,3000
2000-01-26,12.5,12.5,12.5,12.5,500
2000-01-27,12.75,13,12.6875,12.6875,2300
2000-01-28,12.75,13.125,12.75,12.75,4700
2000-01-31,13,13,12.5,13,6400
2000-02-01,12.875,12.875,12.75,12.875,21200
2000-02-02,12.625,12.625,12.625,12.625,300
2000-02-03,12.625,12.75,12.5,12.75,15400
2000-02-04,12.75,12.75,12.75,12.75,0
2000-02-07,12.5,12.5,12.25,12.25,1600
2000-02-08,13,13,13,13,100
2000-02-09,12.375,12.5,12,12.375,10500
2000-02-10,12.5,12.75,12.375,12.375,2100
2000-02-11,12,12,12,12,200
2000-02-14,12,12,12,12,0
2000-02-15,12.75,12.75,12,12,500
2000-02-16,12.75,13,12,12.5,7800
2000-02-17,12.375,12.75,12.375,12.75,1400
2000-02-18,12,12,12,12,1400
2000-02-22,12,12.875,12,12.625,18600
2000-02-23,12.625,12.625,12,12,15100
2000-02-24,12.5,12.5,12.125,12.25,4900
2000-02-25,12,12.25,12,12.25,1100
2000-02-28,12.25,12.25,12.25,12.25,1000
2000-02-29,12,12,12,12,400
2000-03-01,11.75,11.75,11.5,11.5,300
2000-03-02,11.5,11.5,11.5,11.5,0
2000-03-03,12.25,12.5,11.6875,11.6875,6600
2000-03-06,12,12,12,12,3700
2000-03-07,12.25,12.25,11.5625,11.625,2800
2000-03-08,12,12,12,12,100
2000-03-09,11.5,11.5625,11.5,11.5,3000
2000-03-10,11.5,11.5,11,11,3000
2000-03-13,10.5,10.75,10.5,10.75,2700
2000-03-14,10.625,10.875,10.625,10.875,1200
2000-03-15,10.875,10.875,10.875,10.875,0
2000-03-16,10.6875,10.6875,10.5,10.5,2000
2000-03-17,10.875,11.5,10.8125,11,19400
2000-03-20,10.875,10.875,10.75,10.875,5400
2000-03-21,10.6875,10.6875,10.5,10.5,4700
2000-03-22,10.5,10.5,10.5,10.5,0
2000-03-23,10.5,10.875,10.5,10.875,300
2000-03-24,10.625,10.625,10.625,10.625,500
2000-03-27,10.875,10.875,10.4375,10.4375,5300
2000-03-28,10.8125,10.875,10.8125,10.875,1300
2000-03-29,10.875,11.25,10.25,10.5,5300
2000-03-30,10.25,11.5,10.25,10.875,40600
2000-03-31,11,11,8.125,9.5,175100
2000-04-03,10,10.5,10,10.25,22700
2000-04-04,10.25,10.25,9.875,10.25,17800
2000-04-05,10.25,10.25,9,9.5,31300
2000-04-06,10.125,10.25,9.5,10.125,2600
2000-04-07,10.25,10.75,10,10.125,4200
2000-04-10,10.125,10.125,10.125,10.125,0
2000-04-11,10.25,10.25,10.125,10.25,2100
2000-04-12,10.25,10.25,10.1875,10.25,7500
2000-04-13,10.25,10.25,10,10,7700
2000-04-14,10.25,10.25,10.25,10.25,3000
2000-04-17,10.0625,10.0625,10.0625,10.0625,200
2000-04-18,10.125,10.125,10.125,10.125,2000
2000-04-19,10.125,10.125,10.125,10.125,400
2000-04-20,10.125,10.125,10,10.125,6600
2000-04-24,10.125,10.125,10.125,10.125,400
2000-04-25,10,10,10,10,700
2000-04-26,10,10,10,10,0
2000-04-27,10,10.125,10,10,8400
2000-04-28,10,10,10,10,0
2000-05-01,10.125,10.75,9.8125,10.25,21800
2000-05-02,10.625,10.625,10.5,10.5,5100
2000-05-03,10.75,10.75,10.75,10.75,300
2000-05-04,10.5,10.75,10.5,10.5,1600
2000-05-05,10.5,10.5,10.5,10.5,0
2000-05-08,10.25,10.75,10.25,10.5,2400
2000-05-09,10.5,10.5,10.5,10.5,0
2000-05-10,10.625,10.625,10.625,10.625,1800
2000-05-11,10.75,10.75,10.5,10.5,5200
2000-05-12,10.75,10.75,10.625,10.625,1400
2000-05-15,10.75,10.75,10.625,10.75,3000
2000-05-16,10.75,10.75,10.75,10.75,400
2000-05-17,10.75,11,10.625,11,1000
2000-05-18,11,11.375,10.9375,11.375,9800
2000-05-19,11.375,11.5,11.375,11.5,5800
2000-05-22,11.5,11.875,11.5,11.875,6200
2000-05-23,11.875,11.875,11.75,11.75,1000
2000-05-24,11.75,11.75,11.75,11.75,1700
2000-05-25,11.75,11.75,11.75,11.75,0
2000-05-26,11.75,11.75,11.5,11.5,2600
2000-05-30,11.5,11.5,11.5,11.5,0
2000-05-31,11.5,11.8125,11,11.8125,1400
2000-06-01,12,12,11,12,1900
2000-06-02,11,11.75,11,11.75,800
2000-06-05,11.75,11.75,11.75,11.75,0
2000-06-06,11.75,11.75,11.75,11.75,0
2000-06-07,11.5,11.75,11,11.75,2600
2000-06-08,11.75,11.75,11.75,11.75,0
2000-06-09,11,11,11,11,300
2000-06-12,11,11,11,11,2900
2000-06-13,12.25,12.25,12.25,12.25,200
2000-06-14,11.5,11.5,11,11.25,1800
2000-06-15,11.25,11.25,11.25,11.25,0
2000-06-16,11,11,10,10.25,3000
2000-06-19,11.25,11.25,11.0625,11.0625,200
2000-06-20,10.3125,10.3125,10.125,10.125,2300
2000-06-21,10.125,10.75,9.875,10.1875,11500
2000-06-22,10,10,9.875,9.875,2100
2000-06-23,10.25,10.375,10.25,10.375,800
2000-06-26,9.9375,10.5,9.875,9.875,600
2000-06-27,9.9375,10,9.9375,10,1700
2000-06-28,9.9375,10.75,9.9375,10,16900
2000-06-29,10.0625,10.75,9.875,9.875,9700
2000-06-30,9.875,10.875,9.875,10.875,4400
2000-07-03,10.875,10.875,10.875,10.875,400
2000-07-05,10,10,10,10,1000
2000-07-06,10.5,10.5,10.5,10.5,200
2000-07-07,10.25,10.4375,10.25,10.4375,3700
2000-07-10,10.4375,10.4375,10.4375,10.4375,0
2000-07-11,10.3125,10.875,10.125,10.875,3200
2000-07-12,10.875,10.875,10.875,10.875,0
2000-07-13,10.75,10.75,10.75,10.75,200
2000-07-14,10.5,10.5,10.5,10.5,300
2000-07-17,10.625,10.625,10.625,10.625,1100
2000-07-18,10.4375,10.4375,10.4375,10.4375,0
2000-07-19,10.5,10.5,10.5,10.5,100
2000-07-20,10.5,10.875,10.5,10.5,3700
2000-07-21,10.25,10.375,10,10.375,800
2000-07-24,10.125,10.125,10.125,10.125,1300
2000-07-25,10.75,10.75,10.75,10.75,1300
2000-07-26,10.75,10.75,10.75,10.75,0
2000-07-27,10.5,10.75,10.5,10.75,400
2000-07-28,10.5,10.875,10.5,10.875,600
2000-07-31,10.875,10.875,10.875,10.875,0
2000-08-01,10.875,10.875,10.5625,10.5625,1900
2000-08-02,10.5625,10.5625,10.5625,10.5625,900
2000-08-03,10.5625,10.5625,10.5625,10.5625,200
2000-08-04,10.875,11.125,10.875,11.125,13000
2000-08-07,11.125,11.125,11.125,11.125,0
2000-08-08,10.5625,11.25,10.5625,11.25,1300
2000-08-09,11.25,11.25,11.25,11.25,600
2000-08-10,11.25,11.25,11.25,11.25,0
2000-08-11,11,11,11,11,600
2000-08-14,10.75,11.125,10.5625,11.125,3100
2000-08-15,10.75,11.375,10.75,11.25,9200
2000-08-16,11.25,11.25,11.25,11.25,0
2000-08-17,10.75,10.75,10.75,10.75,700
2000-08-18,10.75,11,10.75,11,300
2000-08-21,10.8125,11.1875,10.8125,11.1875,7900
2000-08-22,10.8125,11,10.8125,11,1300
2000-08-23,11,11,11,11,0
2000-08-24,11.0625,11.0625,11,11,700
2000-08-25,11.5,11.5,11.125,11.125,1400
2000-08-28,11.125,11.125,11.125,11.125,0
2000-08-29,11,11.25,11,11.25,9600
2000-08-30,11.5,11.5,11.5,11.5,1100
2000-08-31,11.5,11.5,11.5,11.5,0
2000-09-01,11,11.0625,11,11,3100
2000-09-05,11,11,11,11,0
2000-09-06,11.0625,11.0625,11.0625,11.0625,500
2000-09-07,11.25,11.25,11.25,11.25,900
2000-09-08,11.0625,11.25,11,11,8300
2000-09-11,11,11.125,10.75,10.75,8000
2000-09-12,11.25,11.25,11.25,11.25,100
2000-09-13,10.8125,10.875,10.5625,10.875,7000
2000-09-14,10.625,10.625,10.5,10.5,2000
2000-09-15,10.875,11,10.875,11,3100
2000-09-18,11,11,10.5625,10.5625,12500
2000-09-19,10.5625,10.5625,10.5625,10.5625,0
2000-09-20,10.5625,11,10.5625,11,6100
2000-09-21,10.5625,10.5625,10.5625,10.5625,300
2000-09-22,11.25,11.25,10.75,10.75,4200
2000-09-25,10.75,10.75,10.75,10.75,200
2000-09-26,10.75,10.75,10.75,10.75,0
2000-09-27,10.5625,10.75,10.5,10.75,1400
2000-09-28,10.75,10.75,10.75,10.75,1600
2000-09-29,11,11,10.5625,10.75,14100
2000-10-02,10.5,10.875,10.5,10.875,2000
2000-10-03,10.875,11,10.5,10.5,5300
2000-10-04,10.75,10.75,10.75,10.75,2000
2000-10-05,10.5,11,10.5,10.625,5400
2000-10-06,10.75,10.75,10.5625,10.5625,3600
2000-10-09,10.5625,11,10.5,10.625,2300
2000-10-10,10.5,10.75,10.5,10.75,400
2000-10-11,10.75,10.75,10.75,10.75,100
2000-10-12,10.5,10.5,10.5,10.5,1000
2000-10-13,10.75,10.75,10.75,10.75,1600
2000-10-16,10.5,10.75,10.375,10.375,1700
2000-10-17,10.375,10.375,10.375,10.375,0
2000-10-18,10.25,10.25,10.25,10.25,1000
2000-10-19,10.25,10.375,10.25,10.375,3300
2000-10-20,10.4375,10.4375,10.1875,10.25,2000
2000-10-23,10.25,10.25,10.25,10.25,0
2000-10-24,10.4375,10.5,10.375,10.5,5900
2000-10-25,10.5,10.5,10.25,10.5,7900
2000-10-26,10.375,10.75,10.375,10.75,1300
2000-10-27,10.375,10.75,10.375,10.375,2500
2000-10-30,10.125,10.125,10,10,2400
2000-10-31,10.5,10.5,10.0625,10.5,5200
2000-11-01,10.5,10.75,10.5,10.75,2900
2000-11-02,10.625,10.625,10.25,10.625,3100
2000-11-03,10.625,10.625,10.625,10.625,0
2000-11-06,10.25,10.90625,10.25,10.90625,19500
2000-11-07,10.75,10.75,10.25,10.75,6500
2000-11-08,11,11,11,11,2300
2000-11-09,11,11,10.375,10.375,11600
2000-11-10,10.5,11,10.3125,11,8200
2000-11-13,11,11,10.625,10.625,1000
2000-11-14,10.625,11,10.5,10.9375,3400
2000-11-15,10.75,10.9375,10.625,10.75,9500
2000-11-16,10.75,10.75,10.25,10.75,13700
2000-11-17,11,11,10.25,10.5,11200
2000-11-20,10.25,10.5,10.1875,10.25,11100
2000-11-21,10.0625,10.0625,10.0625,10.0625,2500
2000-11-22,9.875,10.25,9.875,10.25,5700
2000-11-24,10.25,10.25,10.25,10.25,0
2000-11-27,10.125,10.125,10,10,1700
2000-11-28,10,10.25,10,10.25,2600
2000-11-29,10,10,9.5,9.875,6800
2000-11-30,10.125,10.125,9.5625,9.5625,2300
2000-12-01,9.75,9.875,9.75,9.75,3800
2000-12-04,9.875,9.875,9.875,9.875,200
2000-12-05,9.75,9.75,9.75,9.75,12600
2000-12-06,10.25,10.25,10.0625,10.0625,1100
2000-12-07,10,10.125,9.84375,9.84375,6300
2000-12-08,10,10.125,10,10.125,3700
2000-12-11,9.875,10,9.75,10,10400
2000-12-12,10,10.1875,9.75,10.1875,5800
2000-12-13,10,10,9.75,10,2500
2000-12-14,10,10,9.75,9.75,900
2000-12-15,10,10,9.5625,9.875,12300
2000-12-18,10,10,9.5625,9.5625,11300
2000-12-19,9.875,9.875,9,9.5,146500
2000-12-20,9.75,9.75,9.5,9.5,1700
2000-12-21,9.625,9.625,9.625,9.625,200
2000-12-22,10,10,9.875,10,3600
2000-12-26,10,10,10,10,0
2000-12-27,10,10,9.75,9.9375,6200
2000-12-28,10,10,10,10,4000
2000-12-29,10.375,10.375,10.125,10.375,7100
2001-01-02,10.5,11,10.375,11,14100
2001-01-03,11,11.75,11,11.75,13800
2001-01-04,11.5,11.75,11.5,11.75,4400
2001-01-05,12,12,12,12,500
2001-01-08,12,12.5,11.75,12.4375,21200
2001-01-09,12.4375,12.4375,11.75,11.8125,7200
2001-01-10,11.75,12.4375,11.75,11.75,1500
2001-01-11,12.4375,12.4375,12.4375,12.4375,900
2001-01-12,12,12,11.5,11.5,4300
2001-01-16,12,12,11.5,11.5,800
2001-01-17,11.75,11.75,11.5,11.5,600
2001-01-18,11.5,12.25,11.5,11.8125,6000
2001-01-19,11.75,11.75,11.4375,11.4375,15500
2001-01-22,11.75,12,11.5,11.5,12000
2001-01-23,11.375,11.375,11.375,11.375,1200
2001-01-24,11.75,12.25,11.3125,11.75,6400
2001-01-25,11.3125,12.25,11.3125,12.25,3300
2001-01-26,12.125,12.5,11.625,12.1875,8400
2001-01-29,12.5,12.5,12.125,12.125,3600
2001-01-30,12.5,13,12.5,13,1500
2001-01-31,13,13,12.0625,13,14200
2001-02-01,13,13.625,12.75,13.125,23900
2001-02-02,12.5,13,12.5,13,2700
2001-02-05,13.25,13.375,13.0625,13.3125,9500
2001-02-06,13.125,13.375,13.125,13.125,10600
2001-02-07,13.5,13.625,13.125,13.25,3500
2001-02-08,13.1875,13.25,13.1875,13.25,3300
2001-02-09,13.25,13.25,13.25,13.25,200
2001-02-12,13.25,13.5,12.8125,13.125,10400
2001-02-13,13.5,13.5,13.25,13.25,500
2001-02-14,12.875,13.5,12.875,12.875,6800
2001-02-15,13.25,13.25,12.9375,13.25,3800
2001-02-16,13.25,13.5,13.25,13.5,1400
2001-02-20,13.5,13.5,13.5,13.5,700
2001-02-21,13.5,13.5,13.5,13.5,0
2001-02-22,13.0625,13.5,13.0625,13.5,2500
2001-02-23,13.125,13.25,13.125,13.125,6400
2001-02-26,13.125,13.125,13.125,13.125,100
2001-02-27,13.125,13.125,13.125,13.125,200
2001-02-28,13.125,13.125,13.125,13.125,100
2001-03-01,13.125,13.125,12.75,13.125,13600
2001-03-02,13.5,13.625,13.375,13.375,9000
2001-03-05,13.5,13.5,13.25,13.25,2100
2001-03-06,13.25,13.25,13.25,13.25,0
2001-03-07,13.25,13.25,13.25,13.25,0
2001-03-08,13.1875,13.625,13.0625,13.25,27800
2001-03-09,13.25,13.25,13.25,13.25,0
2001-03-12,13.0625,13.125,13.0625,13.125,8500
2001-03-13,13.25,13.25,13.25,13.25,2000
2001-03-14,13.0625,13.25,13.0625,13.0625,3300
2001-03-15,13.0625,13.125,13.0625,13.0625,3100
2001-03-16,13.0625,13.0625,13.0625,13.0625,0
2001-03-19,13.25,13.25,13.25,13.25,2200
2001-03-20,13.25,13.5,13.25,13.5,1100
2001-03-21,13.25,13.25,13.25,13.25,100
2001-03-22,13.25,13.3125,13,13.125,18400
2001-03-23,13,13.125,13,13.125,4600
2001-03-26,13.1875,13.1875,13.125,13.125,1900
2001-03-27,13.125,13.5,13.125,13.5,35400
2001-03-28,13.5,13.5,13.5,13.5,0
2001-03-29,13.25,13.5,13.25,13.375,14800
2001-03-30,13.125,13.5,13.125,13.125,123800
2001-04-02,13.5,13.5,13.25,13.25,4600
2001-04-03,13.25,13.375,13.125,13.125,30400
2001-04-04,13.125,13.125,13,13.125,2100
2001-04-05,13.0625,13.0625,13,13,400
2001-04-06,13.375,13.5,13,13,18600
2001-04-09,13.25,13.25,13.25,13.25,400
2001-04-10,13.25,13.25,13.13,13.13,700
2001-04-11,13.25,13.35,13,13.25,800
2001-04-12,13.25,13.5,13.25,13.25,3600
2001-04-16,13.25,13.25,13.25,13.25,600
2001-04-17,13.25,13.25,13.25,13.25,0
2001-04-18,13.25,13.25,12.83,12.83,1100
2001-04-19,13.25,13.25,13.25,13.25,600
2001-04-20,13,13.5,13,13.5,8400
2001-04-23,13.25,13.25,13.25,13.25,1200
2001-04-24,13,13.25,13,13.25,8700
2001-04-25,13.49,13.49,13.25,13.45,4600
2001-04-26,13.45,13.45,13.45,13.45,0
2001-04-27,13.45,13.45,13.45,13.45,0
2001-04-30,12.8,13,12.6,12.6,1400
2001-05-01,12.99,13.13,12.98,13,7200
2001-05-02,13,13.13,12.8,13.13,17300
2001-05-03,12.9,13.25,12.9,13.25,8700
2001-05-04,13.45,13.45,13.45,13.45,100
2001-05-07,13.25,13.45,13.15,13.45,11200
2001-05-08,13.15,13.45,12.85,12.85,8900
2001-05-09,13.45,13.45,12.75,13.45,6400
2001-05-10,13.45,13.45,13.45,13.45,0
2001-05-11,13,13.42,13,13.1,1000
2001-05-14,13.4,13.4,13.33,13.4,1000
2001-05-15,13.4,13.4,13.4,13.4,800
2001-05-16,13.14,13.14,13.14,13.14,100
2001-05-17,13.14,13.14,13.14,13.14,0
2001-05-18,13.4,13.5,13.4,13.5,19300
2001-05-21,13.45,13.65,13.1,13.65,205500
2001-05-22,13.65,13.65,13.5,13.5,1600
2001-05-23,13.59,13.59,13.27,13.55,1000
2001-05-24,13.3,13.3,13.3,13.3,700
2001-05-25,13.3,13.3,13.3,13.3,0
2001-05-29,13.3,13.54,13.3,13.54,4800
2001-05-30,13.54,13.54,13.54,13.54,0
2001-05-31,13.2,13.38,13.2,13.29,6900
2001-06-01,13.29,13.3,13.25,13.3,900
2001-06-04,13.3,13.3,13.25,13.3,1900
2001-06-05,13.3,13.3,13.3,13.3,0
2001-06-06,13.25,13.3,13.25,13.3,700
2001-06-07,13.3,13.38,13.3,13.38,2900
2001-06-08,13.3,13.3,13.26,13.3,1300
2001-06-11,13.3,13.3,13,13.23,4700
2001-06-12,13.1,13.23,13,13.12,21000
2001-06-13,13.23,13.37,13.2,13.37,3300
2001-06-14,13.4,13.49,13.2,13.2,5300
2001-06-15,13.2,13.42,13.2,13.42,2900
2001-06-18,13.35,13.48,13.35,13.35,2900
2001-06-19,13.4,13.4,13.4,13.4,500
2001-06-20,13.35,13.5,13.35,13.45,4500
2001-06-21,13.45,13.45,13.26,13.26,1400
2001-06-22,13.45,13.45,13.05,13.45,7800
2001-06-25,13.05,13.25,13.05,13.05,400
2001-06-26,13.45,13.45,13.35,13.35,2600
2001-06-27,13.35,13.5,13.35,13.5,3600
2001-06-28,13.5,13.5,13.36,13.38,1800
2001-06-29,13.38,13.5,13.36,13.5,3900
2001-07-02,13.5,13.5,13.36,13.36,1000
2001-07-03,13.36,13.36,13.36,13.36,0
2001-07-05,13.4,13.4,13.4,13.4,300
2001-07-06,13.4,13.4,13.4,13.4,400
2001-07-09,13.4,13.6,13.4,13.41,2500
2001-07-10,13.6,13.7,13.45,13.7,3800
2001-07-11,13.5,13.7,13.5,13.7,7800
2001-07-12,13.75,13.8,13.66,13.8,9400
2001-07-13,13.85,13.95,13.75,13.75,4000
2001-07-16,13.95,14.2,13.85,14,3300
2001-07-17,14,14,13.75,14,2300
2001-07-18,14,14,13.75,13.75,600
2001-07-19,14.45,14.45,13.08,13.55,16700
2001-07-20,14.45,14.45,13.1,13.1,3400
2001-07-23,13.77,14.45,13.2,13.77,5900
2001-07-24,14.45,15,14.1,15,17200
2001-07-25,14.1,15,14.1,15,15200
2001-07-26,15,15.5,14.5,15.5,5900
2001-07-27,15.4,15.4,14.95,15.4,2400
2001-07-30,15.4,15.52,15,15.21,6400
2001-07-31,15.65,15.65,15.3,15.3,1600
2001-08-01,15.65,15.95,15.4,15.69,12800
2001-08-02,15.7,15.95,15.5,15.5,5200
2001-08-03,15.95,15.95,15.5,15.52,7500
2001-08-06,15.5,15.95,15.5,15.5,11300
2001-08-07,15.95,16.200001,15.65,15.85,7100
2001-08-08,15.86,16.48,15.85,16.25,14600
2001-08-09,16.25,16.48,16.200001,16.200001,18800
2001-08-10,16.26,16.48,16.25,16.299999,4600
2001-08-13,16.48,16.48,16.25,16.299999,22000
2001-08-14,16.299999,17.700001,16.25,17,15900
2001-08-15,17.5,17.700001,16.9,17.299999,15400
2001-08-16,17.5,17.5,17.1,17.299999,14700
2001-08-17,17.120001,17.5,17.120001,17.299999,15000
2001-08-20,17.6,17.6,17.200001,17.299999,1600
2001-08-21,17.200001,17.219999,17.200001,17.219999,700
2001-08-22,17.5,17.6,17.200001,17.6,1200
2001-08-23,17.6,17.65,17.25,17.5,12500
2001-08-24,17.200001,17.5,16.91,17.5,6500
2001-08-27,17.6,17.6,17,17.35,10600
2001-08-28,17,17.200001,17,17,6000
2001-08-29,16.4,16.75,15.6,16.75,16300
2001-08-30,16.5,16.5,16.5,16.5,3600
2001-08-31,16.75,17,16.700001,16.75,5700
2001-09-04,16.65,16.65,16.65,16.65,200
2001-09-05,16.82,16.82,16.65,16.65,6900
2001-09-06,16.65,16.75,16.65,16.65,12400
2001-09-07,16.65,16.65,16.65,16.65,2300
2001-09-10,16.67,17,16.65,17,1100
2001-09-17,16.65,16.75,16.65,16.65,3900
2001-09-18,16.65,16.73,16.200001,16.549999,7700
2001-09-19,16.549999,16.549999,16.549999,16.549999,3400
2001-09-20,16.549999,16.75,16.549999,16.75,10100
2001-09-21,16.549999,16.65,16.25,16.25,7100
2001-09-24,16.5,16.5,16.5,16.5,200
2001-09-25,16.4,16.4,16,16,700
2001-09-26,15.9,15.92,15.9,15.92,600
2001-09-27,15.9,15.9,15.5,15.5,1700
2001-09-28,15.5,16.5,15,16.5,3300
2001-10-01,15.75,16.200001,15.75,16.200001,2100
2001-10-02,15.75,16,15.5,16,4000
2001-10-03,16,16,16,16,0
2001-10-04,15.5,15.5,15.5,15.5,500
2001-10-05,15.75,15.75,15.53,15.53,600
2001-10-08,15.8,15.8,15.8,15.8,900
2001-10-09,15.6,16,15.2,16,2300
2001-10-10,15.95,15.95,15.75,15.75,1600
2001-10-11,15.98,16.15,15.91,15.97,2900
2001-10-12,15.99,15.99,15.99,15.99,500
2001-10-15,16.24,16.450001,16.24,16.450001,2600
2001-10-16,16.49,16.49,16.49,16.49,200
2001-10-17,16.49,16.49,16.4,16.4,2300
2001-10-18,16.4,16.4,16.4,16.4,0
2001-10-19,16.4,16.4,16.4,16.4,0
2001-10-22,16.5,16.76,16.41,16.76,16400
2001-10-23,16.74,16.74,16.4,16.4,800
2001-10-24,16.5,16.5,16.5,16.5,1800
2001-10-25,16.51,16.51,16.51,16.51,100
2001-10-26,16.51,16.51,16.51,16.51,0
2001-10-29,16.51,16.51,16.51,16.51,0
2001-10-30,16.610001,16.610001,16.5,16.6,1100
2001-10-31,16.5,16.5,16.5,16.5,200
2001-11-01,16.99,16.99,16.209999,16.99,1000
2001-11-02,16.209999,16.5,16.209999,16.5,900
2001-11-05,16.26,16.4,16.209999,16.35,7000
2001-11-06,16.01,16.4,16.01,16.01,2400
2001-11-07,16.01,16.4,16.01,16.01,1700
2001-11-08,16.370001,16.370001,16,16,9000
2001-11-09,15.82,15.99,15.77,15.99,3900
2001-11-12,15.99,16.219999,15.79,15.99,3100
2001-11-13,15.99,15.99,15.99,15.99,0
2001-11-14,15.89,15.89,15.79,15.79,3200
2001-11-15,15.85,16,15.7,15.95,25600
2001-11-16,15.95,15.95,15.95,15.95,0
2001-11-19,15.93,15.93,15.93,15.93,1200
2001-11-20,15.91,15.91,15.91,15.91,300
2001-11-21,15.91,15.91,15.91,15.91,0
2001-11-23,15.91,15.91,15.91,15.91,0
2001-11-26,15.91,16.25,15.8,16.25,3200
2001-11-27,16.030001,16.200001,16.030001,16.1,2500
2001-11-28,16.370001,16.370001,16.17,16.17,1200
2001-11-29,16.17,16.17,16.17,16.17,0
2001-11-30,16.1,16.1,16.049999,16.1,9800
2001-12-03,16.1,16.1,15.91,16.049999,11100
2001-12-04,16.190001,16.190001,16.190001,16.190001,500
2001-12-05,16.049999,16.049999,16.049999,16.049999,200
2001-12-06,16.049999,16.049999,16.049999,16.049999,6900
2001-12-07,16.1,16.1,16.1,16.1,300
2001-12-10,16.25,16.25,16.25,16.25,2400
2001-12-11,16.25,16.25,16.25,16.25,0
2001-12-12,16.25,16.25,16.25,16.25,1000
2001-12-13,16.190001,16.190001,16.18,16.18,1300
2001-12-14,16.23,16.25,16.200001,16.25,5300
2001-12-17,16.139999,16.16,16.129999,16.16,3300
2001-12-18,16.18,16.200001,16.139999,16.190001,5200
2001-12-19,16.200001,16.299999,16.02,16.299999,7500
2001-12-20,16.110001,16.450001,16,16,5600
2001-12-21,16.200001,16.200001,16,16,5700
2001-12-24,16.120001,16.120001,16.120001,16.120001,300
2001-12-26,16.1,16.299999,16.1,16.1,4500
2001-12-27,16.17,16.17,15.35,16,6600
2001-12-28,16.24,16.24,15.75,15.75,1300
2001-12-31,15.8,16,15.8,16,2300
2002-01-02,15.8,16.25,15.6,16.059999,12200
2002-01-03,16.49,16.49,16.110001,16.110001,4100
2002-01-04,16.110001,16.6,16.110001,16.120001,2100
2002-01-07,16.120001,16.4,16.120001,16.4,700
2002-01-08,16.299999,16.299999,16.299999,16.299999,500
2002-01-09,16.35,16.57,16.35,16.450001,4200
2002-01-10,16.469999,16.469999,16.469999,16.469999,200
2002-01-11,16.49,16.49,16.309999,16.35,13100
2002-01-14,16.440001,16.450001,15.8,16.450001,24900
2002-01-15,15.81,16.02,15.81,16.02,400
2002-01-16,16.450001,16.450001,16.450001,16.450001,2700
2002-01-17,16.450001,16.450001,16.450001,16.450001,400
2002-01-18,16.450001,16.450001,16.450001,16.450001,1100
2002-01-22,16.32,16.450001,16.32,16.450001,2100
2002-01-23,16.389999,16.389999,16.030001,16.360001,5600
2002-01-24,16.25,16.450001,16.200001,16.200001,3700
2002-01-25,16.389999,16.450001,16.389999,16.4,3500
2002-01-28,16.4,16.4,16.4,16.4,1800
2002-01-29,16.4,16.4,16.209999,16.209999,1500
2002-01-30,16.209999,16.440001,16.209999,16.43,8500
2002-01-31,16.25,16.299999,16.209999,16.299999,18400
2002-02-01,16.43,16.43,16.209999,16.35,1900
2002-02-04,16.209999,16.290001,16,16,28400
2002-02-05,15.98,15.98,15.93,15.93,300
2002-02-06,16,16.1,16,16.1,6200
2002-02-07,16.09,16.09,16.02,16.02,3100
2002-02-08,16.02,16.02,16.02,16.02,0
2002-02-11,16.02,16.049999,16.02,16.049999,4900
2002-02-12,15.9,16.02,15.9,16.02,3000
2002-02-13,15.75,15.84,15.75,15.84,700
2002-02-14,16,16.02,15.9,16.02,4200
2002-02-15,16.02,16.02,16.02,16.02,500
2002-02-19,15.95,16.049999,15.9,16.049999,7700
2002-02-20,16.049999,16.049999,16.02,16.040001,5600
2002-02-21,16,16,16,16,1700
2002-02-22,16,16,16,16,300
2002-02-25,16.02,16.040001,16.02,16.040001,6000
2002-02-26,16.049999,16.049999,16.02,16.02,6000
2002-02-27,16.02,16.049999,15.96,16.049999,8500
2002-02-28,16.02,16.02,16.02,16.02,3700
2002-03-01,15.8,15.8,15.8,15.8,100
2002-03-04,15.81,15.81,15.81,15.81,1000
2002-03-05,15.8,15.95,15.8,15.95,1100
2002-03-06,15.8,15.85,15.8,15.85,4200
2002-03-07,15.8,15.9,15.5,15.67,4900
2002-03-08,15.86,15.86,15.5,15.84,6100
2002-03-11,15.53,15.53,15.51,15.51,300
2002-03-12,15.65,15.65,15.51,15.51,600
2002-03-13,15.8,15.8,15.61,15.78,2700
2002-03-14,15.75,15.77,15.41,15.41,2500
2002-03-15,15.41,15.41,15.41,15.41,0
2002-03-18,15.41,15.41,15.41,15.41,0
2002-03-19,15.45,15.6,15.41,15.6,4800
2002-03-20,15.54,15.55,15.43,15.43,1700
2002-03-21,15.47,15.6,15.39,15.39,7100
2002-03-22,15.39,15.39,15.39,15.39,0
2002-03-25,15.5,15.5,15.5,15.5,12800
2002-03-26,15.49,15.7,15.49,15.5,5200
2002-03-27,15.5,15.6,15.4,15.6,3000
2002-03-28,15.6,15.6,15.41,15.58,3700
2002-04-01,15.57,15.58,15.57,15.58,2500
2002-04-02,15.65,15.85,15.65,15.65,1100
2002-04-03,15.95,16,15.65,16,11300
2002-04-04,15.72,16.299999,15.72,16.299999,5300
2002-04-05,16.25,16.299999,16.25,16.299999,800
2002-04-08,16.02,16.23,16.02,16.23,200
2002-04-09,16.299999,16.299999,16,16.299999,2500
2002-04-10,16.25,16.41,16.25,16.41,18300
2002-04-11,16.5,16.5,16.25,16.5,3100
2002-04-12,16.5,16.559999,16.26,16.26,2300
2002-04-15,16.75,16.75,16.299999,16.5,5500
2002-04-16,16.700001,16.700001,16.549999,16.700001,3900
2002-04-17,16.65,16.65,16.549999,16.549999,1300
2002-04-18,16.549999,16.75,16.549999,16.75,900
2002-04-19,16.450001,16.6,16.450001,16.6,1400
2002-04-22,16.459999,16.6,16.450001,16.6,2300
2002-04-23,16.629999,16.629999,16.459999,16.459999,3700
2002-04-24,16.75,16.799999,16.75,16.799999,3500
2002-04-25,17,17,16.25,16.879999,5700
2002-04-26,16.559999,16.879999,16.559999,16.879999,1000
2002-04-29,16.73,16.75,16.25,16.25,1500
2002-04-30,16.76,17,16.76,17,4600
2002-05-01,17,17,16.74,16.74,1400
2002-05-02,17,17.200001,16.75,17.200001,9600
2002-05-03,17.200001,17.200001,17,17,1800
2002-05-06,17,17.48,17,17.48,9400
2002-05-07,17.48,17.48,17,17.48,12000
2002-05-08,17.299999,17.5,17.299999,17.450001,4800
2002-05-09,17.450001,17.5,17.4,17.4,4500
2002-05-10,17.450001,17.450001,17.4,17.4,900
2002-05-13,17.75,18,17.57,18,5400
2002-05-14,17.76,18.440001,17.76,18,5500
2002-05-15,18.43,18.799999,18.01,18.6,2800
2002-05-16,18.309999,19,18,19,5000
2002-05-17,18.15,18.15,18.01,18.01,800
2002-05-20,18.25,18.25,17.99,18,4900
2002-05-21,18.24,18.24,17.75,17.75,2500
2002-05-22,17.75,17.75,17.75,17.75,0
2002-05-23,17.65,18.1,17.65,18.1,2100
2002-05-24,17.549999,18.15,17.549999,17.65,3700
2002-05-28,17.65,17.65,17.65,17.65,0
2002-05-29,18.15,18.15,18.15,18.15,1100
2002-05-30,18,18.01,17.950001,17.950001,3900
2002-05-31,18,18.25,18,18.25,1200
2002-06-03,18.25,18.4,17.57,17.57,9400
2002-06-04,17.41,17.5,17.41,17.5,500
2002-06-05,17.57,17.57,17.35,17.51,4900
2002-06-06,17.74,17.790001,17.51,17.51,900
2002-06-07,17.51,17.700001,17.51,17.700001,3600
2002-06-10,17.790001,17.790001,17.5,17.5,5200
2002-06-11,17.5,17.59,17.5,17.5,3700
2002-06-12,17.5,17.5,17.5,17.5,500
2002-06-13,17.5,17.59,17.5,17.5,7300
2002-06-14,17.540001,17.549999,17.540001,17.549999,300
2002-06-17,17.549999,17.549999,17.549999,17.549999,500
2002-06-18,17.790001,17.809999,17.790001,17.809999,5100
2002-06-19,17.799999,17.9,17.799999,17.799999,4800
2002-06-20,17.799999,17.799999,17.799999,17.799999,0
2002-06-21,17.799999,17.799999,17.799999,17.799999,0
2002-06-24,17.6,17.6,17.41,17.41,2500
2002-06-25,17.41,17.98,17.299999,17.299999,2400
2002-06-26,17.299999,17.299999,17.25,17.25,1000
2002-06-27,17.25,17.25,17.25,17.25,0
2002-06-28,17.950001,17.950001,17.950001,17.950001,3200
2002-07-01,17.610001,17.610001,17.6,17.6,3800
2002-07-02,17.549999,18,17.26,18,2600
2002-07-03,17.26,17.99,17.25,17.99,3200
2002-07-05,17.99,17.99,17.99,17.99,0
2002-07-08,18,18,18,18,200
2002-07-09,17.809999,18.700001,17.58,18.700001,6000
2002-07-10,17.799999,17.799999,17.799999,17.799999,2000
2002-07-11,17.799999,18,17.549999,18,800
2002-07-12,18,18,18,18,0
2002-07-15,18.120001,18.120001,17.75,17.75,1600
2002-07-16,18.110001,18.110001,18.110001,18.110001,200
2002-07-17,18.120001,18.120001,17.809999,17.809999,600
2002-07-18,18.5,18.6,17.6,17.6,3200
2002-07-19,17.6,17.6,17.6,17.6,700
2002-07-22,17.610001,18,17.6,17.610001,3600
2002-07-23,17.610001,18,17,17.01,2000
2002-07-24,17.01,17.01,15.8,15.8,3000
2002-07-25,16.25,16.879999,16.129999,16.129999,800
2002-07-26,16.030001,16.030001,16.030001,16.030001,1000
2002-07-29,16.99,16.99,16.99,16.99,100
2002-07-30,16.5,16.5,16.26,16.26,500
2002-07-31,16.290001,16.5,16.290001,16.5,1200
2002-08-01,16.299999,16.700001,16.299999,16.6,15400
2002-08-02,16.6,16.6,16.6,16.6,0
2002-08-05,16.99,16.99,16.450001,16.450001,1300
2002-08-06,16.99,16.99,16.450001,16.450001,900
2002-08-07,16.9,17,16.48,16.99,3000
2002-08-08,16.98,16.98,16.51,16.51,800
2002-08-09,16.549999,16.6,16.549999,16.6,1100
2002-08-12,16.6,16.610001,16.6,16.6,2900
2002-08-13,16.959999,16.99,16.6,16.6,2300
2002-08-14,16.610001,16.969999,16.610001,16.959999,1000
2002-08-15,16.959999,16.959999,16.65,16.65,1900
2002-08-16,16.940001,16.940001,16.879999,16.879999,3000
2002-08-19,16.65,16.9,16.65,16.75,9200
2002-08-20,16.93,16.93,16.75,16.75,700
2002-08-21,16.93,16.93,16.85,16.93,3200
2002-08-22,16.860001,17.219999,16.860001,17.219999,1100
2002-08-23,17.23,17.24,17,17,1300
2002-08-26,17,17.049999,17,17.049999,2600
2002-08-27,17.049999,17.049999,17.049999,17.049999,0
2002-08-28,17.040001,17.049999,17.040001,17.049999,2100
2002-08-29,17,17,17,17,1900
2002-08-30,16.969999,16.969999,16.969999,16.969999,200
2002-09-03,16.959999,16.959999,16.6,16.6,2100
2002-09-04,16.889999,16.889999,16.889999,16.889999,500
2002-09-05,16.700001,16.9,16.700001,16.709999,1000
2002-09-06,16.889999,16.889999,16.6,16.889999,1300
2002-09-09,16.889999,16.889999,16.889999,16.889999,0
2002-09-10,16.65,16.65,16.639999,16.639999,600
2002-09-11,16.610001,16.610001,16.610001,16.610001,700
2002-09-12,16.74,16.74,16.74,16.74,500
2002-09-13,16.709999,16.709999,16.709999,16.709999,100
2002-09-16,16.75,16.75,16.700001,16.74,1700
2002-09-17,16.629999,16.68,16.629999,16.68,1100
2002-09-18,16.68,16.68,16.68,16.68,1800
2002-09-19,16.639999,16.73,16.639999,16.73,3800
2002-09-20,16.73,16.75,16.73,16.75,1600
2002-09-23,16.74,16.74,16.4,16.4,7700
2002-09-24,16.4,16.4,16.4,16.4,0
2002-09-25,16.4,16.6,16.35,16.6,700
2002-09-26,16.35,16.35,16.35,16.35,300
2002-09-27,16.59,16.59,16.59,16.59,700
2002-09-30,16.35,16.530001,16.15,16.530001,1600
2002-10-01,16.1,16.1,15.81,15.81,2000
2002-10-02,15.81,16,15.8,15.9,3200
2002-10-03,16.15,16.15,15.85,16.15,3200
2002-10-04,16.15,16.15,16.15,16.15,0
2002-10-07,16.01,16.139999,15.87,15.87,1800
2002-10-08,15.87,15.87,15.43,15.43,2500
2002-10-09,15.38,15.65,15.3,15.65,1900
2002-10-10,15.19,15.29,15.17,15.17,3700
2002-10-11,15.17,15.17,15.17,15.17,0
2002-10-14,15.3,15.31,15.26,15.26,1900
2002-10-15,15.44,15.77,15.44,15.46,4600
2002-10-16,15.77,15.77,15.13,15.28,2500
2002-10-17,15.37,15.65,15.37,15.65,2800
2002-10-18,15.65,16,15.65,16,7000
2002-10-21,15.91,16.1,15.8,16.1,7100
2002-10-22,15.71,15.99,15.71,15.99,5100
2002-10-23,16,16,16,16,100
2002-10-24,15.88,16,15.88,16,2200
2002-10-25,15.99,15.99,15.91,15.99,1000
2002-10-28,15.99,15.99,15.89,15.99,3300
2002-10-29,15.9,15.9,15.9,15.9,1700
2002-10-30,16,16,15.99,15.99,900
2002-10-31,15.99,16.059999,15.99,16.059999,3100
2002-11-01,16.209999,16.209999,16.200001,16.209999,1500
2002-11-04,16.200001,16.450001,16.15,16.24,10500
2002-11-05,16.32,16.67,16.32,16.67,5700
2002-11-06,16.690001,16.700001,16.690001,16.700001,700
2002-11-07,16.75,16.9,16.66,16.9,2200
2002-11-08,16.75,16.950001,16.75,16.950001,2500
2002-11-11,16.93,16.99,16.93,16.99,800
2002-11-12,17.01,17.01,16.75,16.75,2400
2002-11-13,16.940001,16.940001,16.93,16.93,500
2002-11-14,16.98,16.98,16.5,16.5,4000
2002-11-15,16.5,16.5,16.41,16.41,1800
2002-11-18,16.41,16.41,16.41,16.41,0
2002-11-19,16.41,16.559999,16.4,16.5,5000
2002-11-20,16.639999,16.639999,16.459999,16.459999,800
2002-11-21,16.700001,16.74,16.610001,16.74,3300
2002-11-22,16.74,16.74,16.610001,16.74,1800
2002-11-25,16.65,16.65,16.4,16.459999,4300
2002-11-26,16.549999,16.6,16.450001,16.450001,1400
2002-11-27,16.450001,16.469999,16.43,16.469999,1200
2002-11-29,16.43,16.49,16,16.49,3600
2002-12-02,16.450001,16.450001,16.370001,16.370001,600
2002-12-03,16.299999,16.48,16.299999,16.48,6200
2002-12-04,16.299999,16.299999,15.81,15.81,3100
2002-12-05,15.75,15.98,15.75,15.79,3100
2002-12-06,15.71,15.8,15.71,15.73,1800
2002-12-09,15.71,16.190001,15.6,15.74,10100
2002-12-10,16.24,16.389999,16.02,16.1,5700
2002-12-11,16.15,16.219999,15.4,15.77,7800
2002-12-12,15.9,15.9,15.7,15.82,4600
2002-12-13,15.61,15.8,15.61,15.8,3000
2002-12-16,15.67,15.84,15.67,15.78,1300
2002-12-17,15.88,16.040001,15.75,15.75,2400
2002-12-18,15.75,15.75,15.75,15.75,0
2002-12-19,15.85,15.85,15.7,15.7,3400
2002-12-20,15.81,15.81,15.81,15.81,600
2002-12-23,15.9,15.9,15.9,15.9,2500
2002-12-24,15.95,15.95,15.95,15.95,100
2002-12-26,15.98,16.1,15.75,16.1,3100
2002-12-27,16.1,16.67,16.01,16.200001,8900
2002-12-30,16.049999,16.139999,16.049999,16.139999,700
2002-12-31,16.16,16.43,16.15,16.41,6300
2003-01-02,16.280001,16.280001,16.280001,16.280001,300
2003-01-03,16.42,16.540001,16.360001,16.370001,6100
2003-01-06,16.32,16.48,16.290001,16.360001,5600
2003-01-07,16.5,16.75,16.5,16.75,6200
2003-01-08,16.74,16.950001,16.620001,16.85,3800
2003-01-09,16.98,17.24,16.950001,17.139999,2300
2003-01-10,17.1,17.1,17,17,1100
2003-01-13,17.1,17.1,16.969999,17,2500
2003-01-14,16.9,16.9,16.9,16.9,100
2003-01-15,16.99,17,16.99,17,700
2003-01-16,17.23,17.48,17.23,17.4,2000
2003-01-17,17.33,17.5,17.309999,17.309999,1000
2003-01-21,17.290001,17.290001,17.290001,17.290001,400
2003-01-22,17.360001,17.360001,17.24,17.24,1600
2003-01-23,17.209999,17.219999,16.85,16.85,4400
2003-01-24,16.98,16.98,16.57,16.6,9000
2003-01-27,16.68,16.73,16.059999,16.719999,6000
2003-01-28,16.860001,16.860001,16.639999,16.74,3400
2003-01-29,16.870001,16.870001,16.68,16.68,2300
2003-01-30,16.84,16.84,16.709999,16.709999,1000
2003-01-31,16.84,17.09,16.68,17.09,4500
2003-02-03,17.1,17.190001,17.1,17.190001,300
2003-02-04,17.190001,17.190001,17.190001,17.190001,0
2003-02-05,17,17.09,17,17.09,800
2003-02-06,17.09,17.200001,17.030001,17.200001,5900
2003-02-07,17.379999,17.559999,16.870001,17.040001,12300
2003-02-10,16.99,17,16.99,17,2700
2003-02-11,16.99,17.1,16.99,17.1,2100
2003-02-12,17.1,17.1,17.1,17.1,1200
2003-02-13,17.209999,17.549999,17.209999,17.549999,2000
2003-02-14,17.59,17.99,17.51,17.969999,4400
2003-02-18,17.809999,18.129999,17.809999,18.129999,5300
2003-02-19,18.129999,18.84,18.129999,18.75,9100
2003-02-20,18.91,18.950001,18.68,18.68,4900
2003-02-21,18.700001,18.950001,18.700001,18.940001,7900
2003-02-24,18.950001,19.25,18.950001,19,13300
2003-02-25,19.01,19.110001,18.879999,19.049999,26300
2003-02-26,19.049999,19.299999,19.02,19.299999,19900
2003-02-27,19.200001,19.559999,19.200001,19.549999,19400
2003-02-28,19.610001,20,19.610001,19.91,23500
2003-03-03,19.99,19.99,19.93,19.93,3700
2003-03-04,19.9,20.15,19.879999,20.01,14500
2003-03-05,19.9,20.18,19.799999,19.9,7000
2003-03-06,19.879999,19.889999,19.809999,19.82,6500
2003-03-07,19.92,19.950001,19.92,19.940001,1800
2003-03-10,19.940001,19.940001,19.66,19.82,7600
2003-03-11,19.08,19.950001,19,19.940001,6300
2003-03-12,19.93,19.93,19.6,19.700001,7000
2003-03-13,19.59,19.950001,19.35,19.700001,11500
2003-03-14,19.57,19.67,19.049999,19.190001,9500
2003-03-17,19.25,19.58,19.139999,19.58,13200
2003-03-18,19.51,19.58,19.469999,19.58,900
2003-03-19,19.58,19.6,19.43,19.58,2000
2003-03-20,19.6,19.809999,19.530001,19.620001,7100
2003-03-21,19.6,19.700001,19.1,19.67,15100
2003-03-24,19.77,19.780001,19.5,19.68,9400
2003-03-25,19.77,20.09,19.77,19.99,10500
2003-03-26,19.940001,22.200001,19.889999,21.790001,27200
2003-03-27,22,22.1,20.790001,22.1,21900
2003-03-28,21.690001,22.1,21.42,22.1,8900
2003-03-31,22.1,22.1,21.379999,21.42,10400
2003-04-01,21.34,22,21.059999,21.889999,17600
2003-04-02,21.91,22,21.91,22,9200
2003-04-03,22,22.09,21.690001,22.09,10700
2003-04-04,22.01,22.48,21.48,22.48,3500
2003-04-07,22.5,22.5,22.290001,22.4,4000
2003-04-08,22.4,22.5,22.030001,22.219999,11400
2003-04-09,22.219999,22.219999,21.389999,21.889999,4000
2003-04-10,21.209999,21.9,21.15,21.9,9100
2003-04-11,21.9,22.110001,21.83,22.1,17400
2003-04-14,21.950001,22.09,21.67,22.030001,7600
2003-04-15,22.4,22.4,21.049999,22.120001,8100
2003-04-16,21.99,21.99,21.75,21.75,3500
2003-04-17,21.82,22.1,21.82,21.969999,800
2003-04-21,22.1,22.450001,22.1,22.32,1600
2003-04-22,22.309999,22.75,22.27,22.530001,22000
2003-04-23,22.629999,22.73,22.629999,22.639999,9500
2003-04-24,22.75,23.25,22.75,23.129999,11800
2003-04-25,23.030001,24.1,22.92,23.969999,7800
2003-04-28,23.82,25.5,23.65,23.870001,21600
2003-04-29,23.73,23.73,23.280001,23.5,3700
2003-04-30,23.379999,23.6,23,23.16,8300
2003-05-01,22.799999,23.299999,22.799999,22.959999,5100
2003-05-02,22.950001,23.040001,22.75,22.75,9400
2003-05-05,22.709999,22.76,22.6,22.6,7700
2003-05-06,22.809999,22.99,22.6,22.950001,21300
2003-05-07,22.700001,23.26,22.700001,23.26,33100
2003-05-08,23.26,23.950001,23.26,23.940001,8200
2003-05-09,23.98,24.35,23.530001,24.35,9700
2003-05-12,24.6,25,24,24,8300
2003-05-13,24.32,24.34,23.809999,24.15,4800
2003-05-14,24.280001,24.75,24.280001,24.34,7900
2003-05-15,24.299999,24.74,24.299999,24.32,5200
2003-05-16,24.75,24.950001,24.530001,24.65,6900
2003-05-19,24.35,24.65,23.52,23.52,2200
2003-05-20,23.440001,23.440001,22.799999,23.110001,2300
2003-05-21,22.799999,23.219999,22.799999,23.17,4000
2003-05-22,23.02,23.1,22.629999,23.1,3500
2003-05-23,23.32,23.52,23.049999,23.049999,7700
2003-05-27,23,23.01,21.98,21.98,5000
2003-05-28,21.799999,22.299999,21.799999,22.190001,6800
2003-05-29,22.18,22.59,22.01,22.59,1600
2003-05-30,22.65,22.92,22.469999,22.92,8300
2003-06-02,22.799999,22.799999,22.75,22.780001,1300
2003-06-03,22.84,22.84,22.16,22.16,3100
2003-06-04,22.1,22.1,20.030001,20.889999,19200
2003-06-05,20.77,22.25,20.75,21.959999,17400
2003-06-06,22.4,22.73,21.5,22.23,14900
2003-06-09,22.35,22.35,21.799999,22.200001,3700
2003-06-10,22.200001,22.299999,21.9,22.129999,12400
2003-06-11,22.01,22.360001,21.799999,21.99,12500
2003-06-12,21.940001,22.65,21.940001,22.33,6000
2003-06-13,22.01,24.25,22.01,23.82,16700
2003-06-16,22.879999,24.25,22.879999,23.59,17700
2003-06-17,23.030001,24.26,23,24.209999,15200
2003-06-18,24.09,24.25,22.82,24.24,12500
2003-06-19,24.24,24.25,22.959999,24.200001,11700
2003-06-20,24.190001,24.190001,23.299999,23.76,6100
2003-06-23,23.690001,23.99,23.26,23.26,14500
2003-06-24,23.99,23.99,23.51,23.77,6200
2003-06-25,23.629999,24.35,23.629999,24.290001,12600
2003-06-26,24.08,24.08,22.299999,22.870001,11800
2003-06-27,22.83,23.09,19.6,21.66,29200
2003-06-30,21.25,21.700001,20.309999,21,231200
2003-07-01,20.299999,21.389999,20.17,21.059999,16300
2003-07-02,21.379999,21.58,21.17,21.43,10800
2003-07-03,21.43,21.469999,21.07,21.18,3200
2003-07-07,21.43,21.65,20.85,21.6,15600
2003-07-08,21.59,21.6,21.360001,21.43,6400
2003-07-09,21.49,21.49,20.969999,21.200001,7800
2003-07-10,21.34,21.5,21.110001,21.299999,6300
2003-07-11,21.290001,21.469999,21.129999,21.26,11200
2003-07-14,21.1,21.450001,20.99,21.379999,9500
2003-07-15,21.190001,21.280001,21.120001,21.26,2300
2003-07-16,21.219999,21.84,21.200001,21.82,2700
2003-07-17,21.66,22.139999,21.559999,22.139999,4300
2003-07-18,22,22.59,21.92,22.59,4600
2003-07-21,22.65,23.15,22.200001,22.6,9700
2003-07-22,22.99,23,22.52,23,9400
2003-07-23,23,23.08,22.76,22.91,6700
2003-07-24,22.940001,23,22,22.879999,10000
2003-07-25,22.99,23.030001,22.870001,23.030001,2300
2003-07-28,22.74,23.030001,22.57,23.030001,9000
2003-07-29,23.049999,23.74,22.870001,23.25,26400
2003-07-30,23.450001,23.450001,22.74,22.99,5400
2003-07-31,23.17,23.23,22.92,23.23,23000
2003-08-01,23.299999,23.620001,22.639999,23.02,4600
2003-08-04,22.959999,23.450001,22.379999,22.99,10000
2003-08-05,22.76,22.76,22.299999,22.42,6900
2003-08-06,22.559999,23.040001,22.25,22.57,7900
2003-08-07,22.799999,23.049999,22.219999,23.049999,3900
2003-08-08,23.09,23.309999,22.709999,22.719999,4700
2003-08-11,23.049999,23.08,22.66,23.08,2900
2003-08-12,23.08,23.24,22.959999,23.190001,1900
2003-08-13,23.1,23.290001,23.1,23.24,3900
2003-08-14,23.27,23.43,23.01,23.43,3000
2003-08-15,23.379999,23.75,23.379999,23.719999,1500
2003-08-18,23.620001,24.110001,23.620001,24.110001,6700
2003-08-19,24.25,24.299999,23.549999,24.299999,6700
2003-08-20,23.99,24.5,23.870001,24.469999,4900
2003-08-21,24.1,24.620001,24,24.360001,10600
2003-08-22,24.370001,24.4,23.309999,23.309999,5000
2003-08-25,23.74,23.74,22.92,23.5,5700
2003-08-26,23.49,23.700001,22.950001,23.690001,2800
2003-08-27,23.700001,23.74,23.01,23.4,8000
2003-08-28,23.48,23.530001,22.709999,23.530001,1800
2003-08-29,23.51,23.530001,22.309999,23.440001,9200
2003-09-02,23.049999,23.58,22.18,23.58,8900
2003-09-03,23.42,23.93,23.24,23.82,7700
2003-09-04,23.860001,23.860001,23.219999,23.85,5700
2003-09-05,23.93,23.950001,23,23.01,3500
2003-09-08,23.860001,23.950001,23.200001,23.67,7300
2003-09-09,23.950001,23.950001,23.549999,23.83,1700
2003-09-10,23.77,23.799999,22.92,22.92,8300
2003-09-11,23.200001,23.450001,22.870001,23.450001,2600
2003-09-12,23.6,23.6,23.049999,23.290001,2700
2003-09-15,23.049999,23.49,22.870001,23.18,1900
2003-09-16,23.52,24.01,22.93,24,3300
2003-09-17,23.25,23.950001,22.870001,23.799999,10000
2003-09-18,23.93,23.950001,23.469999,23.950001,2900
2003-09-19,23.74,24.190001,23.74,24.190001,11100
2003-09-22,23.719999,24,23.52,24,3200
2003-09-23,24.15,24.379999,23.530001,24,2300
2003-09-24,24.01,24.389999,23.23,23.98,6900
2003-09-25,23.92,23.98,23.030001,23.030001,14300
2003-09-26,23.110001,23.99,22.809999,22.82,7200
2003-09-29,23.16,23.41,22.809999,23.299999,9600
2003-09-30,22.85,23.139999,22.549999,22.549999,8700
2003-10-01,22.799999,23,22.799999,23,4200
2003-10-02,22.91,23,22.889999,23,4600
2003-10-03,22.99,23.790001,22.879999,23.18,6300
2003-10-06,22.860001,23.42,22.860001,23.370001,3600
2003-10-07,23,23.5,23,23.5,5500
2003-10-08,23.23,23.5,22.35,22.76,11600
2003-10-09,23.440001,23.83,22.76,23.08,7300
2003-10-10,22.99,23,22.77,22.790001,8000
2003-10-13,22.940001,23.379999,22.940001,23.379999,2400
2003-10-14,23.17,23.5,23.16,23.5,3500
2003-10-15,23.67,23.860001,23.25,23.25,1700
2003-10-16,23.549999,23.75,22.84,22.84,3100
2003-10-17,23.110001,23.57,22.93,23.42,3600
2003-10-20,23.290001,23.290001,22.5,22.9,9700
2003-10-21,23,23,22.610001,22.610001,2600
2003-10-22,23.01,23.040001,22.4,22.450001,13800
2003-10-23,22.65,22.67,21.780001,21.950001,5000
2003-10-24,21.959999,22.66,21.9,22.639999,8500
2003-10-27,22.469999,22.700001,22.41,22.690001,500
2003-10-28,22.549999,23.030001,22.540001,23,6400
2003-10-29,23.1,23.299999,22.82,23.299999,4700
2003-10-30,23.23,23.48,23.07,23.24,6000
2003-10-31,23.5,23.5,23.059999,23.139999,7300
2003-11-03,23.309999,23.68,23,23.4,7600
2003-11-04,23.67,23.67,23.26,23.309999,2900
2003-11-05,23.700001,23.9,23.309999,23.879999,3000
2003-11-06,23.860001,23.860001,23.5,23.85,2500
2003-11-07,23.85,23.950001,23.6,23.93,3700
2003-11-10,23.6,23.950001,23.51,23.51,8100
2003-11-11,23.629999,23.950001,23.5,23.92,3400
2003-11-12,23.91,24,23.75,24,4700
2003-11-13,23.639999,24.120001,23.629999,24.120001,2100
2003-11-14,24.23,24.25,23.709999,23.709999,13400
2003-11-17,23.709999,23.969999,23.049999,23.049999,15500
2003-11-18,23.309999,23.450001,22.690001,22.700001,4400
2003-11-19,22.719999,23.549999,22.5,23.450001,2900
2003-11-20,23.1,24,23.049999,23.07,4900
2003-11-21,23.67,23.799999,23.02,23.35,3400
2003-11-24,23.450001,24.280001,23.450001,24.25,12700
2003-11-25,24.08,24.43,23.84,24.4,5700
2003-11-26,24.5,24.5,23.75,24.5,4800
2003-11-28,24.5,24.65,24.370001,24.370001,800
2003-12-01,24.620001,24.700001,23.92,24.700001,4400
2003-12-02,24.77,25.040001,24,24.700001,11000
2003-12-03,24.629999,24.93,24.1,24.110001,5200
2003-12-04,24.110001,24.33,23.9,24.200001,3700
2003-12-05,25,25,23.68,24.26,4600
2003-12-08,24.450001,25.030001,24.15,24.780001,6300
2003-12-09,25.040001,25.040001,24.459999,24.559999,3800
2003-12-10,24.68,24.99,24.17,24.9,11800
2003-12-11,24.969999,25.629999,24.719999,25.629999,14700
2003-12-12,24.969999,25.73,24.35,25.549999,4300
2003-12-15,25.65,25.99,24.299999,24.5,5700
2003-12-16,24.360001,25.01,24.209999,25,24100
2003-12-17,24.85,24.950001,24.48,24.870001,1400
2003-12-18,24.540001,24.780001,24.540001,24.780001,1500
2003-12-19,25.309999,25.309999,24.120001,24.6,15600
2003-12-22,24.77,24.77,24.1,24.629999,700
2003-12-23,24.639999,25,24.639999,24.67,1000
2003-12-24,24.83,24.83,24.83,24.83,100
2003-12-26,24.68,24.799999,24.68,24.799999,400
2003-12-29,24.799999,25,24.799999,25,3300
2003-12-30,25,25,24.83,24.92,6300
2003-12-31,24.610001,24.620001,24.370001,24.370001,4100
2004-01-02,25.379999,25.379999,24.700001,24.74,600
2004-01-05,25.129999,25.43,25.07,25.26,1200
2004-01-06,25.27,25.299999,25.02,25.299999,1400
2004-01-07,25.27,25.59,25.02,25.290001,1500
2004-01-08,25.34,25.74,25.049999,25.57,3800
2004-01-09,25.450001,25.690001,25.15,25.15,1200
2004-01-12,25.77,25.98,25.42,25.76,4800
2004-01-13,25.9,26.25,25.42,26.25,1600
2004-01-14,26.280001,26.91,26.18,26.639999,1300
2004-01-15,26.26,26.9,25.889999,25.91,1900
2004-01-16,26.83,26.83,26.030001,26.57,2600
2004-01-20,26.620001,26.799999,25.799999,26.799999,2200
2004-01-21,25.91,26.5,25.780001,26.5,1500
2004-01-22,26.6,26.6,26.139999,26.139999,2300
2004-01-23,26.139999,26.42,25.99,26.42,5100
2004-01-26,25.99,26.49,25.799999,26.49,3600
2004-01-27,26.139999,26.49,26.139999,26.25,3800
2004-01-28,26.1,26.15,26.059999,26.059999,1700
2004-01-29,25.870001,25.940001,25.610001,25.690001,6400
2004-01-30,25.6,25.889999,25.57,25.6,4500
2004-02-02,25.950001,25.950001,25.4,25.4,9400
2004-02-03,25.41,25.799999,25.110001,25.15,3300
2004-02-04,25.1,25.1,23.280001,23.280001,14100
2004-02-05,23.5,24.200001,23.1,24.15,9900
2004-02-06,24.299999,24.780001,23.51,24.219999,7100
2004-02-09,24.219999,24.629999,24.219999,24.459999,2200
2004-02-10,24.41,25.120001,24.41,25.120001,2800
2004-02-11,24.440001,24.98,24.440001,24.5,900
2004-02-12,24.940001,24.98,24.190001,24.190001,1500
2004-02-13,24.18,24.4,23.75,23.82,4500
2004-02-17,23.700001,23.700001,23,23.450001,4600
2004-02-18,23.67,23.67,23.1,23.110001,5000
2004-02-19,23.040001,23.43,22.950001,22.950001,9100
2004-02-20,23.360001,23.360001,22.93,22.93,4700
2004-02-23,23.9,23.9,22.5,22.51,2000
2004-02-24,22.35,23.200001,22.35,22.85,3100
2004-02-25,22.459999,23.85,22.370001,23.219999,1300
2004-02-26,22.549999,24.129999,22.549999,23.389999,30500
2004-02-27,23.389999,23.389999,22.75,22.860001,5400
2004-03-01,23.799999,24.26,23.15,23.35,16400
2004-03-02,23.700001,23.700001,23.200001,23.200001,2800
2004-03-03,23.200001,23.66,22.9,23.049999,4600
2004-03-04,22.83,23.389999,22.82,23.389999,1700
2004-03-05,23.27,23.6,23.120001,23.379999,7200
2004-03-08,23.35,23.5,23.24,23.24,16700
2004-03-09,23.43,23.43,23,23,5700
2004-03-10,22.83,23.5,22.82,22.85,8000
2004-03-11,22.790001,22.790001,22.5,22.6,10400
2004-03-12,22.52,22.969999,22.360001,22.969999,6500
2004-03-15,22.82,23.040001,22.51,22.790001,8500
2004-03-16,22.67,23.129999,22.299999,22.35,6200
2004-03-17,22.75,22.76,22.35,22.610001,9700
2004-03-18,22.77,22.77,22.549999,22.639999,4600
2004-03-19,22.629999,22.92,22.549999,22.559999,10400
2004-03-22,22.389999,22.9,22.35,22.379999,10300
2004-03-23,22.41,22.67,22.389999,22.67,2700
2004-03-24,22.4,22.9,22.4,22.67,22000
2004-03-25,22.92,22.92,22.629999,22.889999,3900
2004-03-26,22.58,22.91,22.58,22.809999,1400
2004-03-29,22.73,22.93,22.549999,22.620001,4500
2004-03-30,22.620001,22.9,22.620001,22.9,5600
2004-03-31,22.870001,23.15,22.639999,23.15,5800
2004-04-01,23.219999,24.059999,23.219999,23.85,5500
2004-04-02,23.940001,23.940001,23.48,23.6,5600
2004-04-05,22.719999,24.42,22.719999,24,7500
2004-04-06,24.200001,24.68,23.82,24.26,8800
2004-04-07,24.209999,24.68,23.98,24.51,1900
2004-04-08,24.200001,24.809999,24.200001,24.559999,3100
2004-04-12,24.48,24.959999,24.129999,24.52,9400
2004-04-13,24.639999,24.719999,24.18,24.52,12100
2004-04-14,23,23.9,23,23.450001,3500
2004-04-15,23.440001,23.790001,23.1,23.559999,5100
2004-04-16,23.870001,24.440001,23.530001,24.030001,3000
2004-04-19,24.02,24.25,23.73,24,2000
2004-04-20,24.059999,24.200001,23.4,23.4,2000
2004-04-21,23.790001,23.9,23.200001,23.24,2400
2004-04-22,23.15,23.879999,23.15,23.389999,3800
2004-04-23,23.15,23.6,23.15,23.530001,1700
2004-04-26,23.530001,23.700001,23.18,23.379999,1200
2004-04-27,23.33,24.040001,23.33,23.870001,14400
2004-04-28,23.26,23.940001,23.15,23.42,4900
2004-04-29,23.950001,23.950001,22.85,22.860001,7400
2004-04-30,22.860001,22.879999,22.559999,22.559999,3500
2004-05-03,23.6,23.6,22.51,22.549999,3400
2004-05-04,22.559999,22.700001,22.309999,22.32,4700
2004-05-05,23.190001,23.190001,22.33,22.4,7800
2004-05-06,22.85,22.85,22.33,22.35,6200
2004-05-07,22.610001,22.610001,21.879999,21.889999,7000
2004-05-10,22.120001,22.450001,21.35,21.5,6900
2004-05-11,21.51,21.91,21.440001,21.610001,4500
2004-05-12,21.610001,22.139999,20.4,21.389999,9200
2004-05-13,21,21.549999,21,21.290001,3500
2004-05-14,21.15,21.27,21.049999,21.049999,4700
2004-05-17,21.26,21.26,20.65,20.950001,11200
2004-05-18,20.99,21.200001,20.870001,21.200001,5400
2004-05-19,21.23,21.549999,20.780001,21.15,9500
2004-05-20,20.68,21.33,20.65,20.74,11300
2004-05-21,20.549999,20.709999,20.389999,20.389999,6000
2004-05-24,20.610001,21.07,20.610001,20.85,14000
2004-05-25,20.98,21.4,20.610001,21.4,7400
2004-05-26,21.01,21.620001,21.01,21.6,6700
2004-05-27,21.41,21.6,20.799999,21.129999,9900
2004-05-28,20.860001,21.360001,20.799999,20.969999,3900
2004-06-01,20.82,21.27,20.5,20.65,7900
2004-06-02,20.93,21.200001,20.549999,20.709999,12700
2004-06-03,21.309999,21.309999,20.4,20.450001,5500
2004-06-04,20.809999,20.870001,20.360001,20.52,2700
2004-06-07,20.6,20.889999,20.530001,20.700001,16500
2004-06-08,20.540001,20.65,20.34,20.42,5200
2004-06-09,20.32,20.41,20.209999,20.219999,10300
2004-06-10,20.77,20.77,20.17,20.17,11900
2004-06-14,20.190001,20.24,19.42,19.5,10700
2004-06-15,19.5,19.959999,19.5,19.690001,10400
2004-06-16,19.65,19.91,19.65,19.66,8500
2004-06-17,19.6,19.879999,19.6,19.879999,6500
2004-06-18,19.92,20.08,19.6,19.6,28600
2004-06-21,19.6,19.950001,19.52,19.870001,14700
2004-06-22,19.530001,20.129999,19.530001,19.73,10400
2004-06-23,20.200001,20.299999,19.58,19.6,16300
2004-06-24,19.940001,19.959999,19.6,19.620001,18700
2004-06-25,19.66,20.860001,19.25,19.299999,304900
2004-06-28,19.67,19.940001,19.280001,19.35,22200
2004-06-29,19.42,19.59,19.33,19.4,24400
2004-06-30,19.35,19.5,19.35,19.450001,19300
2004-07-01,19.389999,19.700001,19.35,19.549999,11900
2004-07-02,19.629999,19.629999,19.51,19.549999,3200
2004-07-06,19.540001,19.84,19.469999,19.65,42200
2004-07-07,19.620001,19.77,19.620001,19.719999,5600
2004-07-08,19.780001,19.780001,19.610001,19.629999,12400
2004-07-09,19.68,19.77,19.67,19.76,11700
2004-07-12,19.76,20.049999,19.76,20,9900
2004-07-13,19.98,20.1,19.98,20,11300
2004-07-14,20,20.110001,19.9,20.01,14900
2004-07-15,20.110001,20.15,20.040001,20.15,3300
2004-07-16,20.120001,20.120001,20.1,20.1,3000
2004-07-19,20.040001,20.040001,19.85,19.870001,7800
2004-07-20,19.85,19.85,18.82,19.549999,19000
2004-07-21,19.549999,19.950001,19.5,19.5,8700
2004-07-22,19.540001,19.73,19.51,19.549999,1900
2004-07-23,19.530001,19.709999,19.530001,19.709999,4800
2004-07-26,19.889999,19.889999,19.6,19.75,900
2004-07-27,19.620001,19.879999,19.610001,19.799999,3300
2004-07-28,19.700001,19.77,19.65,19.709999,3700
2004-07-29,19.790001,19.809999,19.65,19.790001,6200
2004-07-30,19.98,19.98,19.76,19.809999,700
2004-08-02,19.9,20.370001,19.66,20.299999,15800
2004-08-03,20.120001,20.52,19.9,20.26,3500
2004-08-04,20.219999,20.5,20.08,20.5,1000
2004-08-05,20.450001,20.5,20.25,20.27,1000
2004-08-06,20.24,20.299999,20.24,20.299999,2000
2004-08-09,20.4,20.4,20.25,20.25,700
2004-08-10,20.450001,20.52,20.450001,20.52,1000
2004-08-11,20.26,20.299999,20.209999,20.23,4500
2004-08-12,20.43,20.43,20.290001,20.32,4500
2004-08-13,20.299999,20.309999,20.290001,20.290001,1000
2004-08-16,20.43,20.43,20.309999,20.309999,7200
2004-08-17,20.52,20.52,20.309999,20.34,8600
2004-08-18,20.459999,20.459999,20.25,20.299999,7900
2004-08-19,20.299999,20.42,20.25,20.32,4700
2004-08-20,20.32,20.5,20.280001,20.280001,3500
2004-08-23,20.26,20.450001,20.25,20.27,4300
2004-08-24,20.469999,20.469999,20.26,20.27,4800
2004-08-25,20.25,20.440001,20.25,20.440001,2800
2004-08-26,20.48,20.48,20.459999,20.48,1600
2004-08-27,20.25,20.360001,20.25,20.360001,500
2004-08-30,20.450001,20.48,20.370001,20.48,1100
2004-08-31,20.49,20.5,20.35,20.5,7400
2004-09-01,20.5,20.6,20.32,20.6,4800
2004-09-02,20.35,20.639999,20.35,20.639999,6200
2004-09-03,20.65,20.65,20.540001,20.6,2400
2004-09-07,20.700001,20.790001,20.6,20.77,2300
2004-09-08,20.799999,20.950001,20.690001,20.950001,3100
2004-09-09,21.1,21.1,20.76,20.76,1200
2004-09-10,20.940001,21.040001,20.65,21.02,4700
2004-09-13,21.049999,21.200001,20.77,21.18,4100
2004-09-14,20.92,20.92,20.790001,20.889999,900
2004-09-15,20.77,20.77,20.77,20.77,100
2004-09-16,21.18,21.639999,21.17,21.58,7200
2004-09-17,21.309999,21.450001,21.1,21.1,2900
2004-09-20,21.1,21.200001,21.01,21.07,11600
2004-09-21,21.030001,21.15,20.75,20.85,4500
2004-09-22,20.73,20.99,20.620001,20.719999,4000
2004-09-23,20.700001,20.700001,20.42,20.51,10400
2004-09-24,20.5,20.639999,20.450001,20.450001,1900
2004-09-27,21.09,21.09,20.33,20.33,2300
2004-09-28,20.209999,20.559999,20.200001,20.4,19500
2004-09-29,20.200001,20.370001,20.200001,20.370001,1700
2004-09-30,20.33,20.540001,20.190001,20.26,9900
2004-10-01,20.33,20.639999,20.25,20.639999,1800
2004-10-04,20.43,20.52,20.370001,20.440001,2800
2004-10-05,20.620001,20.620001,20.299999,20.41,2500
2004-10-06,20.65,20.65,20.299999,20.379999,4600
2004-10-07,20.48,20.65,20.48,20.639999,4700
2004-10-08,20.299999,20.65,20.299999,20.65,2700
2004-10-11,20.52,20.75,20.5,20.6,3000
2004-10-12,20.799999,20.9,20.610001,20.709999,4800
2004-10-13,20.700001,20.85,20.67,20.67,1300
2004-10-14,20.700001,20.700001,20.5,20.5,3000
2004-10-15,20.6,20.6,20.4,20.48,4700
2004-10-18,20.370001,20.540001,20.35,20.360001,4100
2004-10-19,20.360001,20.360001,20.360001,20.360001,0
2004-10-20,20.51,20.549999,20.35,20.35,4800
2004-10-21,20.35,20.35,20.35,20.35,0
2004-10-22,20.68,20.75,20.51,20.75,2300
2004-10-25,20.51,20.58,20.51,20.51,5000
2004-10-26,20.85,20.85,20.5,20.51,2300
2004-10-27,20.879999,20.879999,20.73,20.73,400
2004-10-28,20.82,20.879999,20.690001,20.879999,2000
2004-10-29,20.82,20.950001,20.82,20.9,1200
2004-11-01,21.049999,21.049999,20.65,21.040001,6800
2004-11-02,20.889999,20.9,20.84,20.85,3000
2004-11-03,20.85,20.85,20.85,20.85,500
2004-11-04,20.969999,20.969999,20.85,20.85,2400
2004-11-05,20.860001,20.860001,20.860001,20.860001,500
2004-11-08,20.85,20.969999,20.85,20.9,7900
2004-11-09,20.9,20.9,20.9,20.9,0
2004-11-10,20.99,21.09,20.99,21.01,1800
2004-11-11,21.200001,21.34,21,21,3000
2004-11-12,21.200001,21.200001,20.91,21.059999,2600
2004-11-15,21.049999,21.27,21.049999,21.08,7400
2004-11-16,21.27,21.27,21,21.040001,8700
2004-11-17,21.190001,21.24,21.01,21.16,8700
2004-11-18,21.15,21.32,21.120001,21.120001,2700
2004-11-19,21.120001,21.190001,21.049999,21.190001,1700
2004-11-22,21,21.200001,20.809999,20.809999,5800
2004-11-23,21.190001,21.200001,20.799999,21.200001,1800
2004-11-24,20.799999,21.18,20.799999,21.18,700
2004-11-26,20.799999,20.799999,20.799999,20.799999,400
2004-11-29,20.799999,20.799999,20.6,20.6,5200
2004-11-30,20.52,21.07,20.35,20.35,9200
2004-12-01,20.32,20.610001,20.32,20.5,6400
2004-12-02,20.5,20.5,20.120001,20.120001,6100
2004-12-03,20.42,20.48,20.059999,20.48,12700
2004-12-06,20.309999,20.33,19.91,20.08,6800
2004-12-07,20.1,20.23,20.059999,20.17,3100
2004-12-08,20.190001,20.190001,19.85,20,12600
2004-12-09,19.75,20,19.65,20,7200
2004-12-10,20.450001,20.450001,19.76,19.860001,4200
2004-12-13,20,20.030001,19.76,19.93,4900
2004-12-14,19.700001,20.049999,19.700001,19.99,2700
2004-12-15,19.969999,19.969999,19.93,19.93,3600
2004-12-16,19.93,20.110001,19.889999,20.09,16800
2004-12-17,20.02,20.200001,19.959999,20.200001,9100
2004-12-20,19.98,20.059999,19.969999,20,2700
2004-12-21,20,20.16,20,20.1,8400
2004-12-22,20,20.17,20,20.17,1300
2004-12-23,20,20.48,20,20.09,25900
2004-12-27,20.139999,20.700001,20.139999,20.43,20700
2004-12-28,20.32,20.5,20.01,20.379999,7100
2004-12-29,20.35,20.65,20.35,20.450001,3900
2004-12-30,20.35,20.5,20.35,20.5,1500
2004-12-31,20.5,20.799999,20.469999,20.6,6300
2005-01-03,20.35,20.799999,20.35,20.42,3100
2005-01-04,20.35,20.799999,19.959999,20.24,28400
2005-01-05,20.809999,20.82,20.41,20.719999,4900
2005-01-06,20.76,20.76,20.33,20.59,6200
2005-01-07,20.5,20.77,20.360001,20.440001,9000
2005-01-10,20.4,20.4,20.25,20.33,2400
2005-01-11,20.389999,20.51,20.389999,20.51,2900
2005-01-12,20.52,20.52,20.379999,20.379999,200
2005-01-13,20.389999,20.41,19.809999,20.35,8200
2005-01-14,20.35,20.700001,20.309999,20.4,8300
2005-01-18,20.75,20.75,20.26,20.629999,500
2005-01-19,20.75,20.75,20.15,20.15,2100
2005-01-20,20.1,20.209999,20,20.1,2400
2005-01-21,20.25,20.43,20.1,20.1,3700
2005-01-24,20.110001,20.32,20.1,20.32,1600
2005-01-25,20.74,21.700001,20.25,21.5,9700
2005-01-26,20.940001,21.32,20.82,20.83,800
2005-01-27,20.700001,20.700001,20.209999,20.209999,600
2005-01-28,20.16,20.4,20.16,20.34,2000
2005-01-31,20.309999,20.5,20.15,20.370001,3900
2005-02-01,20.25,20.700001,20.25,20.4,2200
2005-02-02,20.440001,20.440001,20.299999,20.299999,6000
2005-02-03,20.4,20.450001,20.32,20.32,2000
2005-02-04,20.4,20.4,20.4,20.4,800
2005-02-07,20.49,20.49,20.360001,20.440001,1000
2005-02-08,20.6,20.959999,20.43,20.620001,8500
2005-02-09,20.84,21.34,20.65,21.030001,8600
2005-02-10,21.15,21.59,21,21.09,7100
2005-02-11,21.209999,21.530001,21.049999,21.07,10500
2005-02-14,21.030001,21.530001,21.01,21.110001,16100
2005-02-15,20.809999,21.59,20.809999,21.559999,14100
2005-02-16,20.92,21.219999,20.809999,20.809999,5200
2005-02-17,20.52,20.52,20.5,20.51,1200
2005-02-18,20.5,20.879999,20.5,20.73,3700
2005-02-22,20.530001,20.67,20.049999,20.51,10500
2005-02-23,20.459999,20.700001,20.25,20.5,8000
2005-02-24,20.48,20.709999,20.459999,20.66,8100
2005-02-25,20.469999,20.799999,20.16,20.16,17300
2005-02-28,20.290001,20.549999,20.16,20.16,9600
2005-03-01,20.450001,20.75,20,20.16,12700
2005-03-02,20.200001,20.370001,20.02,20.139999,8900
2005-03-03,20.25,20.6,20.25,20.379999,6600
2005-03-04,20.58,20.65,20.58,20.65,1600
2005-03-07,20.65,20.889999,20.620001,20.889999,1100
2005-03-08,20.950001,20.950001,20.549999,20.83,1800
2005-03-09,20.75,20.75,20.51,20.709999,5500
2005-03-10,20.809999,20.85,20.51,20.51,35100
2005-03-11,20.66,20.9,20.5,20.549999,9600
2005-03-14,20.5,20.5,20.389999,20.389999,800
2005-03-15,20.1,20.32,20.1,20.1,3300
2005-03-16,20.4,20.4,20.129999,20.129999,1000
2005-03-17,20.15,20.49,20.15,20.15,2800
2005-03-18,20.5,20.5,20.049999,20.049999,2000
2005-03-21,20.049999,20.610001,20.049999,20.5,2000
2005-03-22,20.209999,20.469999,20.049999,20.15,2100
2005-03-23,20.1,20.309999,20.049999,20.309999,1500
2005-03-24,20.5,20.5,20,20.209999,6500
2005-03-28,20.26,20.26,20.030001,20.030001,2800
2005-03-29,20,20.200001,20,20,5100
2005-03-30,20,20.23,20,20.200001,2200
2005-03-31,20.1,20.18,20,20.15,4100
2005-04-01,20.190001,20.190001,19.85,20.1,3300
2005-04-04,19.84,20.08,19.66,20.08,2900
2005-04-05,20.09,20.299999,20.09,20.299999,5700
2005-04-06,19.91,20.08,19.91,20.059999,3100
2005-04-07,20,20.299999,19.9,20.049999,5400
2005-04-08,20.209999,20.209999,20.209999,20.209999,600
2005-04-11,20.299999,20.299999,20.059999,20.1,1400
2005-04-12,20,20.059999,19.9,19.9,1500
2005-04-13,20,20,19.709999,19.889999,3400
2005-04-14,19.709999,20.139999,19.709999,19.879999,4700
2005-04-15,20.1,20.25,19.6,19.83,2100
2005-04-18,19.5,19.709999,19,19.049999,21400
2005-04-19,19.4,19.450001,18.940001,19.1,13000
2005-04-20,19.35,19.5,19.01,19.360001,12200
2005-04-21,19,19.309999,19,19.049999,4500
2005-04-22,19.030001,19.700001,19.030001,19.700001,6100
2005-04-25,19.1,19.57,19,19.549999,2400
2005-04-26,19.209999,19.77,19.209999,19.77,7200
2005-04-27,19.66,19.76,19.51,19.51,700
2005-04-28,19.08,19.83,19.08,19.83,2900
2005-04-29,19.85,19.98,19.85,19.98,700
2005-05-02,20,20,19.35,19.35,3000
2005-05-03,19.559999,20,19.540001,19.700001,1500
2005-05-04,20,20,19.459999,19.459999,500
2005-05-05,19.530001,19.530001,19.530001,19.530001,1000
2005-05-06,20,20,19.719999,20,1400
2005-05-09,20,20,20,20,1000
2005-05-10,19.4,20,19.4,20,2100
2005-05-11,19.700001,19.9,19.4,19.9,1900
2005-05-12,19.9,19.9,19.9,19.9,0
2005-05-13,19.4,19.4,19.4,19.4,200
2005-05-16,19.4,19.9,19.4,19.9,500
2005-05-17,19.9,20,19.57,19.790001,11900
2005-05-18,19.99,20.23,19.99,20.23,2600
2005-05-19,19.450001,20.25,19.450001,20.200001,3200
2005-05-20,20.200001,20.200001,20.200001,20.200001,0
2005-05-23,20.25,20.25,19.450001,19.9,2200
2005-05-24,19.620001,20.139999,19.620001,20.139999,1900
2005-05-25,20.059999,20.059999,19.51,19.77,2800
2005-05-26,19.6,20.190001,19.6,20.190001,1300
2005-05-27,20.190001,20.190001,20.190001,20.190001,0
2005-05-31,20.200001,20.25,20.200001,20.24,1000
2005-06-01,19.860001,20.24,19.700001,20.16,1200
2005-06-02,20.16,20.16,20.16,20.16,0
2005-06-03,20.24,20.25,19.809999,20.25,4400
2005-06-06,20.040001,20.209999,19.700001,20.190001,4400
2005-06-07,20,20.1,20,20.1,2100
2005-06-08,20,20.01,19.91,19.92,3100
2005-06-09,20.24,20.24,20.24,20.24,100
2005-06-10,20.24,20.24,20.24,20.24,0
2005-06-13,20,20.15,20,20.15,1400
2005-06-14,20.25,20.25,19.889999,19.889999,1700
2005-06-15,20.09,20.09,20.09,20.09,100
2005-06-16,19.870001,20.200001,19.870001,20.200001,400
2005-06-17,20,20,20,20,500
2005-06-20,19.85,19.860001,19.85,19.860001,300
2005-06-21,19.85,20.200001,19.85,19.85,3300
2005-06-22,19.85,19.85,19.85,19.85,0
2005-06-23,20,20,20,20,1400
2005-06-24,19.85,19.85,19.280001,19.629999,17400
2005-06-27,19.9,19.98,19.860001,19.98,3400
2005-06-28,19.83,19.9,19.799999,19.9,1600
2005-06-29,20,20,19.67,19.68,3400
2005-06-30,20,20.030001,19.9,20.030001,2100
2005-07-01,20,20.1,20,20,4700
2005-07-05,20,20.200001,20,20.200001,10000
2005-07-06,20.200001,20.200001,20.200001,20.200001,0
2005-07-07,20.200001,20.200001,20.200001,20.200001,0
2005-07-08,20.030001,20.030001,20.030001,20.030001,600
2005-07-11,20,20.25,19.6,20.049999,3600
2005-07-12,20.059999,20.25,19.780001,20.25,3700
2005-07-13,20.25,20.25,20.25,20.25,100
2005-07-14,20.01,20.25,20.01,20.24,3900
2005-07-15,20,20.139999,20,20.139999,1600
2005-07-18,20,20.120001,20,20.01,3600
2005-07-19,20.01,20.01,20.01,20.01,0
2005-07-20,20.1,20.459999,20,20.26,6200
2005-07-21,20.01,20.25,20,20.200001,4000
2005-07-22,20.030001,20.26,19.950001,20.26,4500
2005-07-25,20.34,20.34,20.23,20.25,2400
2005-07-26,19.950001,20.02,19.950001,20,900
2005-07-27,20.25,20.4,20.25,20.389999,6800
2005-07-28,20.450001,20.5,20.26,20.379999,3200
2005-07-29,20.25,20.5,20.25,20.5,5400
2005-08-01,20.799999,20.85,20.25,20.35,3000
2005-08-02,20.27,20.52,20.25,20.25,39700
2005-08-03,20.299999,22,20.299999,20.5,24300
2005-08-04,20.35,20.66,20.200001,20.360001,8400
2005-08-05,20.200001,20.299999,19.66,20.299999,4000
2005-08-08,20.5,20.5,20.18,20.370001,900
2005-08-09,20.200001,20.25,20,20.030001,1200
2005-08-10,20.129999,20.32,20,20.02,1500
2005-08-11,20.129999,20.15,20.049999,20.049999,2100
2005-08-12,20,20,19.85,19.85,9600
2005-08-15,19.9,20.17,19.9,19.91,1900
2005-08-16,19.9,19.9,19.719999,19.9,7000
2005-08-17,19.9,19.9,19.9,19.9,3400
2005-08-18,19.799999,20.299999,19.799999,20,14900
2005-08-19,20,20,19.9,19.9,1800
2005-08-22,20,20.209999,19.85,20.209999,5500
2005-08-23,19.9,20.190001,19.9,20.190001,1200
2005-08-24,19.799999,19.799999,19.799999,19.799999,100
2005-08-25,19.799999,19.799999,19.799999,19.799999,0
2005-08-26,19.799999,20.049999,19.799999,20.049999,300
2005-08-29,20,20,19.93,19.93,1600
2005-08-30,20,20,19.799999,19.799999,1000
2005-08-31,19.719999,19.889999,19.719999,19.889999,400
2005-09-01,20.16,20.299999,19.91,20.02,1400
2005-09-02,20,20,20,20,700
2005-09-06,19.9,19.9,19.9,19.9,200
2005-09-07,19.9,19.9,19.9,19.9,0
2005-09-08,19.75,19.75,19.75,19.75,100
2005-09-09,19.790001,19.790001,19.790001,19.790001,1000
2005-09-12,19.719999,19.719999,18.809999,19.530001,11400
2005-09-13,19.4,20.15,19.4,20.15,6900
2005-09-14,20.15,20.15,20.15,20.15,800
2005-09-15,20.15,20.15,20.15,20.15,900
2005-09-16,20.15,20.15,20.15,20.15,600
2005-09-19,20,20,20,20,200
2005-09-20,19.690001,19.719999,19.690001,19.719999,400
2005-09-21,19.719999,19.719999,19.719999,19.719999,0
2005-09-22,19.799999,19.799999,19.799999,19.799999,500
2005-09-23,19.5,19.799999,19.5,19.799999,1000
2005-09-26,19.57,19.799999,19.57,19.799999,400
2005-09-27,19.799999,19.799999,19.799999,19.799999,0
2005-09-28,19.49,19.49,19.49,19.49,1400
2005-09-29,19.49,19.549999,19.4,19.4,1100
2005-09-30,19.25,19.9,19.25,19.9,700
2005-10-03,19.549999,19.549999,19.35,19.35,1000
2005-10-04,19.709999,19.74,19.209999,19.5,4000
2005-10-05,19.209999,19.25,19.190001,19.25,1900
2005-10-06,19.25,19.690001,19.25,19.690001,3400
2005-10-07,19.35,19.5,19.35,19.48,5800
2005-10-10,19.25,19.25,19.25,19.25,1000
2005-10-11,19.35,19.35,19.35,19.35,400
2005-10-12,19.35,19.35,19.35,19.35,800
2005-10-13,19.200001,19.32,19.200001,19.32,200
2005-10-14,19.68,19.68,19.68,19.68,100
2005-10-17,19.27,19.370001,19.27,19.35,4300
2005-10-18,19.25,19.690001,19.25,19.639999,2700
2005-10-19,19.35,19.35,19.299999,19.299999,1000
2005-10-20,19.299999,19.4,19.139999,19.4,3400
2005-10-21,19.48,19.48,19.48,19.48,100
2005-10-24,19.5,19.690001,19.5,19.690001,1300
2005-10-25,19.389999,19.389999,19.299999,19.299999,1100
2005-10-26,19.299999,19.299999,19.299999,19.299999,0
2005-10-27,19.450001,19.450001,19.389999,19.389999,500
2005-10-28,19.5,19.690001,19.5,19.65,2500
2005-10-31,19.65,19.65,19.5,19.5,1300
2005-11-01,19.67,19.68,19.450001,19.65,4700
2005-11-02,19.700001,19.75,19.559999,19.559999,1400
2005-11-03,19.83,19.83,19.74,19.74,600
2005-11-04,19.75,19.75,19.68,19.709999,2000
2005-11-07,19.889999,20.049999,19.82,19.82,16800
2005-11-08,20.01,20.139999,20.01,20.01,1000
2005-11-09,20.200001,20.450001,20.01,20.290001,21100
2005-11-10,20.49,20.49,20.129999,20.35,11100
2005-11-11,20.5,20.5,20.02,20.25,5200
2005-11-14,20.120001,20.4,20,20,1400
2005-11-15,20.030001,20.35,19.940001,20.07,8300
2005-11-16,20,20,20,20,2000
2005-11-17,20,20,20,20,0
2005-11-18,20.24,20.34,20.030001,20.34,3300
2005-11-21,20.25,20.25,19.83,20.24,6000
2005-11-22,20.26,20.26,19.4,20.15,11400
2005-11-23,20.17,20.17,20.1,20.1,1400
2005-11-25,20,20,20,20,400
2005-11-28,19.51,20.25,19.51,20.25,8300
2005-11-29,20.049999,20.27,20,20.27,2600
2005-11-30,20.35,20.5,20.07,20.129999,3700
2005-12-01,20.07,20.299999,20.07,20.09,1700
2005-12-02,20.299999,20.799999,20.15,20.290001,9200
2005-12-05,20.200001,20.5,20.190001,20.4,13400
2005-12-06,20.4,20.559999,20.26,20.5,9600
2005-12-07,20.290001,20.950001,20.27,20.700001,5300
2005-12-08,20.92,20.92,20.5,20.51,4300
2005-12-09,20.51,20.75,20.280001,20.59,19300
2005-12-12,20.620001,20.93,20.540001,20.92,6800
2005-12-13,20.83,21.379999,20.559999,21.18,14900
2005-12-14,21.299999,21.559999,20.379999,20.700001,7000
2005-12-15,20.860001,20.91,20.799999,20.799999,400
2005-12-16,20.799999,20.799999,20.799999,20.799999,0
2005-12-19,20.75,21.370001,20.559999,21.370001,4900
2005-12-20,21.379999,21.379999,20.690001,20.690001,4400
2005-12-21,20.85,21.48,20.799999,21.48,5800
2005-12-22,21.459999,21.549999,21.059999,21.059999,5900
2005-12-23,21.66,21.66,20.76,21.440001,4000
2005-12-27,20.870001,21.440001,20.83,21.440001,3400
2005-12-28,21.440001,21.440001,21.17,21.4,6000
2005-12-29,21.450001,21.450001,20.9,21,4200
2005-12-30,21.25,21.25,21.24,21.24,500
2006-01-03,21.25,21.450001,21.1,21.450001,3400
2006-01-04,21.450001,21.450001,20.610001,21.450001,3500
2006-01-05,21.059999,21.200001,20.9,21.110001,1400
2006-01-06,21.209999,21.209999,21.200001,21.200001,1000
2006-01-09,21.01,21.27,21,21.26,2200
2006-01-10,20.860001,21.32,20.85,21.309999,1100
2006-01-11,21.200001,21.200001,21,21,900
2006-01-12,20.9,20.9,20.799999,20.799999,900
2006-01-13,20.75,20.75,20.75,20.75,1200
2006-01-17,20.75,21.389999,20.75,20.799999,500
2006-01-18,20.780001,21,20.780001,21,4100
2006-01-19,21.4,21.4,20.959999,20.959999,1000
2006-01-20,20.66,21,20.66,20.74,1700
2006-01-23,20.75,21.15,20.75,21.15,5200
2006-01-24,21.15,21.15,21.15,21.15,0
2006-01-25,21.4,21.67,21.209999,21.57,6900
2006-01-26,21.33,21.33,20.65,20.860001,3000
2006-01-27,20.799999,20.799999,20.799999,20.799999,200
2006-01-30,21.139999,21.67,21.139999,21.26,1300
2006-01-31,20.93,21.690001,20.9,21.219999,1300
2006-02-01,21.700001,21.75,20.82,21.66,2100
2006-02-02,21.75,21.75,21.5,21.540001,13100
2006-02-03,21.75,21.77,21.35,21.559999,2900
2006-02-06,21.559999,21.559999,21.33,21.33,3600
2006-02-07,21.280001,22,21.280001,21.969999,5900
2006-02-08,22,22.639999,21.93,22.32,3500
2006-02-09,22.6,22.6,22.6,22.6,100
2006-02-10,22.27,22.75,21.67,22.25,7100
2006-02-13,21.82,22.09,21.6,21.6,2700
2006-02-14,21.84,22.5,21.84,21.99,9200
2006-02-15,22.08,22.200001,21.549999,21.889999,11000
2006-02-16,21.889999,21.889999,21.280001,21.58,7600
2006-02-17,22,22,21.09,21.1,5900
2006-02-21,21.1,21.4,21.1,21.33,6800
2006-02-22,21.33,21.5,21.129999,21.389999,12100
2006-02-23,21.030001,21.59,21.030001,21.459999,800
2006-02-24,21.5,22,21.450001,21.629999,17000
2006-02-27,21.5,22,21.41,21.700001,14700
2006-02-28,21.049999,21.950001,21.049999,21.610001,4200
2006-03-01,21.65,21.799999,21.549999,21.59,8300
2006-03-02,21.200001,21.6,21.200001,21.4,7200
2006-03-03,21.65,21.65,21.639999,21.65,1100
2006-03-06,21.51,21.9,21.51,21.799999,3600
2006-03-07,21.799999,21.799999,21.1,21.65,21000
2006-03-08,21.74,22,21.700001,21.969999,23300
2006-03-09,21.9,21.9,21.49,21.51,5200
2006-03-10,22,22,21.5,21.549999,7000
2006-03-13,21.4,21.74,20.75,21.66,7000
2006-03-14,21.75,22,21.23,21.23,2900
2006-03-15,21.450001,21.99,21.450001,21.690001,6900
2006-03-16,21.959999,22.43,21.959999,22.43,7500
2006-03-17,22.450001,22.700001,22.450001,22.690001,11700
2006-03-20,22.75,22.75,22,22,6200
2006-03-21,21.940001,21.950001,21.75,21.940001,2900
2006-03-22,21.940001,22.51,21.940001,22.200001,3200
2006-03-23,21.77,22.549999,21.77,22.49,1700
2006-03-24,22.75,22.75,22,22.33,5000
2006-03-27,22.58,22.58,22,22,4000
2006-03-28,22.24,22.58,22.24,22.35,6800
2006-03-29,22.58,22.700001,22.290001,22.700001,9500
2006-03-30,22.5,22.75,22.5,22.5,4700
2006-03-31,22.450001,22.83,22.450001,22.83,3200
2006-04-03,23,23,22.360001,22.639999,8700
2006-04-04,22.690001,22.99,22.379999,22.549999,2300
2006-04-05,22.99,23,22.889999,22.92,6800
2006-04-06,23,23,22.559999,22.92,14200
2006-04-07,22.82,22.99,22.620001,22.700001,3800
2006-04-10,22.549999,22.860001,22.5,22.860001,8400
2006-04-11,22.67,22.9,22.51,22.58,5900
2006-04-12,22.58,22.58,22.309999,22.309999,4000
2006-04-13,22.209999,22.25,21.92,22.1,8300
2006-04-17,22.120001,22.24,22.040001,22.200001,2900
2006-04-18,22.48,22.700001,21.889999,21.92,9900
2006-04-19,21.92,22.200001,21.76,22.200001,7200
2006-04-20,22.049999,22.200001,21.6,21.99,6400
2006-04-21,21.6,22.4,21.559999,22.219999,10600
2006-04-24,22.690001,22.700001,21.799999,22.700001,3400
2006-04-25,22.27,22.360001,22,22,4300
2006-04-26,22.25,22.26,22.1,22.1,2100
2006-04-27,22.09,22.17,22,22.07,3100
2006-04-28,22,22.879999,22,22.549999,11200
2006-05-01,22.549999,22.99,22.549999,22.99,2800
2006-05-02,23,23,22.92,22.99,1800
2006-05-03,23,23,22.76,22.799999,900
2006-05-04,22.75,23.209999,22.75,23.209999,21600
2006-05-05,23.35,23.35,23.030001,23.25,1100
2006-05-08,22.950001,22.950001,21.4,21.6,34700
2006-05-09,21.360001,21.889999,21.360001,21.49,51300
2006-05-10,21.73,21.9,21.5,21.610001,5400
2006-05-11,21.93,21.98,21.700001,21.709999,7100
2006-05-12,21.969999,22.030001,21.799999,22.030001,2400
2006-05-15,22,22.48,22,22.48,2600
2006-05-16,22.25,22.5,22.129999,22.129999,2300
2006-05-17,22.129999,22.200001,21.690001,21.690001,3300
2006-05-18,21.690001,21.690001,21.690001,21.690001,0
2006-05-19,21.6,21.73,21.32,21.32,5400
2006-05-22,21.32,21.32,20.75,20.75,7400
2006-05-23,20.75,21.43,20.75,21.02,4900
2006-05-24,21.15,21.16,20.950001,20.950001,1000
2006-05-25,21.1,21.1,20.9,20.9,5100
2006-05-26,20.959999,21.07,20.9,21.07,2100
2006-05-30,20.84,20.84,20.84,20.84,200
2006-05-31,21.219999,21.48,20.799999,21.379999,1500
2006-06-01,21.290001,21.290001,21.290001,21.290001,200
2006-06-02,21,21.24,21,21.110001,1100
2006-06-05,21.09,21.4,21.02,21.23,7800
2006-06-06,21.02,21.49,20.879999,21.040001,1700
2006-06-07,20.969999,21.51,20.969999,21.389999,1200
2006-06-08,21.389999,21.6,21.379999,21.379999,900
2006-06-09,21.379999,21.59,21.379999,21.43,700
2006-06-12,21.43,21.43,21.030001,21.389999,1300
2006-06-13,21.389999,21.389999,20.959999,20.959999,3800
2006-06-14,21.120001,21.120001,20.76,20.76,800
2006-06-15,20.799999,20.85,20.75,20.75,1400
2006-06-16,20.83,21.4,20.799999,21.389999,4500
2006-06-19,21.1,21.1,20.76,20.799999,2500
2006-06-20,20.75,20.809999,20.75,20.809999,300
2006-06-21,20.870001,21.01,20.85,21.01,2000
2006-06-22,21.01,21.01,21.01,21.01,0
2006-06-23,20.799999,20.799999,20.799999,20.799999,1000
2006-06-26,20.780001,20.889999,20.549999,20.549999,2300
2006-06-27,20.559999,20.719999,20.290001,20.4,5200
2006-06-28,20.440001,20.469999,20.440001,20.469999,1600
2006-06-29,20.469999,20.469999,20.469999,20.469999,0
2006-06-30,20.65,20.65,20.65,20.65,2300
2006-07-03,20.51,20.93,20.51,20.93,600
2006-07-05,20.940001,20.959999,20.940001,20.959999,700
2006-07-06,20.57,20.57,20.57,20.57,200
2006-07-07,20.540001,20.540001,20.5,20.5,1900
2006-07-10,20.5,20.559999,20.5,20.559999,300
2006-07-11,20.74,20.74,20.5,20.59,2000
2006-07-12,20.75,20.950001,20.549999,20.549999,2600
2006-07-13,20.549999,20.76,20.549999,20.76,300
2006-07-14,20.59,20.83,20.59,20.629999,1200
2006-07-17,20.41,21.139999,20.309999,21.139999,3200
2006-07-18,20.969999,20.969999,20.75,20.75,1600
2006-07-19,20.59,20.85,20.549999,20.65,2700
2006-07-20,21.290001,21.290001,21.290001,21.290001,200
2006-07-21,20.620001,21.110001,20.360001,21.110001,6400
2006-07-24,20.98,21.040001,20.98,21.040001,500
2006-07-25,20.860001,20.860001,20.51,20.65,2600
2006-07-26,20.4,20.629999,20.360001,20.5,3700
2006-07-27,20.5,20.51,20.5,20.5,600
2006-07-28,20.77,21.02,20.77,21.02,700
2006-07-31,21.030001,21.030001,20.83,20.83,700
2006-08-01,20.889999,21.389999,20.549999,20.549999,3000
2006-08-02,21.049999,21.049999,20.5,20.67,1900
2006-08-03,20.99,21,20.48,20.98,5000
2006-08-04,20.969999,21.25,20.52,20.99,4200
2006-08-07,21,21.25,20.98,21.040001,8500
2006-08-08,20.889999,21.42,20.889999,21.15,7400
2006-08-09,21.51,21.51,21,21.25,12100
2006-08-10,21.48,21.48,21.1,21.450001,2100
2006-08-11,21.35,21.35,21.049999,21.35,700
2006-08-14,21.01,21.25,21.01,21.25,900
2006-08-15,21.25,21.43,21.25,21.43,7600
2006-08-16,21.49,22,21.49,21.620001,4000
2006-08-17,21.620001,21.620001,21.129999,21.290001,1900
2006-08-18,21.26,21.459999,21.25,21.25,3600
2006-08-21,21.459999,21.5,21.25,21.26,3800
2006-08-22,21.59,21.6,21.25,21.25,2100
2006-08-23,21.25,21.309999,21.25,21.25,1300
2006-08-24,21.25,21.49,21.25,21.25,4300
2006-08-25,21.25,21.5,21.23,21.48,3500
2006-08-28,21.23,21.25,21.200001,21.25,700
2006-08-29,21.25,21.25,21.25,21.25,0
2006-08-30,21.49,22,21.48,21.75,15300
2006-08-31,21.65,21.65,21.33,21.33,3000
2006-09-01,21.9,21.9,21.26,21.33,1000
2006-09-05,21.43,21.9,21.43,21.549999,900
2006-09-06,21.549999,21.65,21.549999,21.629999,600
2006-09-07,21.5,21.5,21.02,21.049999,2800
2006-09-08,21.030001,21.129999,21,21.129999,1100
2006-09-11,21.09,21.379999,21.09,21.219999,1200
2006-09-12,21.01,21.49,21.01,21.15,2500
2006-09-13,21.25,21.26,21.25,21.25,5200
2006-09-14,21.33,21.33,21.33,21.33,500
2006-09-15,21.25,21.5,20.809999,21.280001,20600
2006-09-18,21.32,21.58,21.299999,21.299999,3600
2006-09-19,21.27,21.299999,21.27,21.299999,1400
2006-09-20,21.25,21.27,21.25,21.25,2000
2006-09-21,21.299999,21.299999,21.07,21.15,1600
2006-09-22,21.15,21.15,21.15,21.15,0
2006-09-25,21.15,21.15,21.15,21.15,0
2006-09-26,21.25,21.450001,21.18,21.219999,4400
2006-09-27,21.450001,21.450001,21.26,21.26,1800
2006-09-28,21.25,21.299999,21.25,21.299999,1800
2006-09-29,21.299999,21.530001,21.25,21.25,1500
2006-10-02,21.25,21.57,21.25,21.549999,3000
2006-10-03,21.389999,21.459999,21.25,21.25,4100
2006-10-04,21.15,21.620001,21.15,21.52,1200
2006-10-05,21.75,21.75,21.41,21.43,7800
2006-10-06,21.35,21.41,21.280001,21.33,2500
2006-10-09,21.15,21.209999,21.15,21.209999,200
2006-10-10,21.41,21.41,21.049999,21.049999,7000
2006-10-11,21.530001,21.530001,21.049999,21.17,2400
2006-10-12,21.43,21.43,21.42,21.42,400
2006-10-13,21.43,21.49,21.209999,21.4,3200
2006-10-16,21.110001,21.49,21.1,21.219999,700
2006-10-17,21.190001,21.469999,21.15,21.25,3500
2006-10-18,21.389999,21.610001,21.389999,21.6,1300
2006-10-19,21.360001,21.6,21.360001,21.5,1500
2006-10-20,21.309999,21.99,21.309999,21.790001,3900
2006-10-23,21.77,21.77,21.299999,21.709999,3700
2006-10-24,21.360001,21.459999,21.25,21.43,8000
2006-10-25,21.5,22.1,21.5,21.91,3000
2006-10-26,21.67,21.67,21.67,21.67,100
2006-10-27,21.379999,21.4,21.379999,21.379999,1900
2006-10-30,21.190001,21.51,21.190001,21.469999,2200
2006-10-31,21.5,21.690001,21.34,21.68,1200
2006-11-01,21.889999,21.889999,21.700001,21.889999,1200
2006-11-02,21.610001,21.93,21.32,21.32,5000
2006-11-03,21.190001,21.73,21.190001,21.709999,2200
2006-11-06,21.879999,22,21.879999,22,1700
2006-11-07,21.700001,22.24,21.700001,22.24,3100
2006-11-08,22.25,22.459999,22.25,22.459999,5400
2006-11-09,22.34,22.780001,22.110001,22.700001,7300
2006-11-10,21.5,22.440001,21.5,22.440001,7000
2006-11-13,22.48,22.5,22.120001,22.26,3400
2006-11-14,22.450001,22.790001,22.41,22.690001,7200
2006-11-15,22.65,22.65,22.01,22.27,6300
2006-11-16,22.02,22.59,21.610001,22.27,18500
2006-11-17,22.49,22.65,22.35,22.49,24500
2006-11-20,22.26,22.49,22.02,22.49,5400
2006-11-21,22.74,22.74,22.200001,22.68,3000
2006-11-22,22.110001,22.110001,22,22,700
2006-11-24,22,22.4,21.99,22.389999,1900
2006-11-27,22.129999,22.26,21.809999,22.26,2200
2006-11-28,22.43,22.540001,22.059999,22.4,3500
2006-11-29,22.030001,22.25,22.030001,22.200001,2200
2006-11-30,22.200001,22.200001,22.200001,22.200001,0
2006-12-01,22.18,22.25,21.940001,21.940001,5300
2006-12-04,21.799999,21.799999,21.610001,21.68,3600
2006-12-05,21.66,21.940001,21.58,21.870001,3700
2006-12-06,21.67,21.83,21.459999,21.65,2400
2006-12-07,21.530001,21.690001,21.42,21.690001,6200
2006-12-08,21.68,21.68,21.68,21.68,100
2006-12-11,21.549999,22,21.450001,21.780001,5700
2006-12-12,21.780001,21.879999,21.559999,21.879999,1000
2006-12-13,21.969999,21.969999,21.559999,21.559999,2700
2006-12-14,21.6,21.85,21.6,21.85,800
2006-12-15,21.870001,22.389999,21.6,21.82,5300
2006-12-18,21.75,22.07,21.75,21.91,3000
2006-12-19,22.02,22.02,22.02,22.02,100
2006-12-20,21.83,22.040001,21.83,21.99,1300
2006-12-21,22.219999,22.379999,22.040001,22.34,1300
2006-12-22,21.77,22.02,21.77,21.92,8400
2006-12-26,22.379999,22.379999,22.209999,22.379999,4100
2006-12-27,22.4,22.48,21.75,21.84,19600
2006-12-28,21.92,22.01,21.57,22.01,3200
2006-12-29,22.200001,22.34,21.639999,21.9,6200
2007-01-03,21.719999,21.91,21.719999,21.91,5300
2007-01-04,21.75,22.209999,21.75,21.91,3300
2007-01-05,21.98,22.059999,21.98,22.049999,600
2007-01-08,22,22.200001,22,22.02,1000
2007-01-09,22.040001,22.15,22.040001,22.1,11700
2007-01-10,22.15,22.15,22,22,2100
2007-01-11,22.209999,22.219999,22.209999,22.219999,1500
2007-01-12,22.200001,22.280001,22.049999,22.280001,3000
2007-01-16,22.1,22.200001,22.1,22.200001,600
2007-01-17,22.110001,22.709999,22,22.389999,9300
2007-01-18,22.23,22.280001,22.23,22.280001,500
2007-01-19,22.43,22.440001,22.26,22.26,1500
2007-01-22,22.110001,22.24,21.91,22,5400
2007-01-23,21.889999,22.049999,21.889999,22.040001,600
2007-01-24,22,22.24,22,22.24,1900
2007-01-25,22.24,22.24,21.99,21.99,6000
2007-01-26,22.280001,22.280001,22,22,900
2007-01-29,22.01,22.76,22,22.190001,14700
2007-01-30,22.190001,22.33,21.92,22.33,6300
2007-01-31,21.799999,22.379999,21.799999,22.379999,1600
2007-02-01,22.57,23.09,22.530001,23.049999,11700
2007-02-02,22.85,22.99,22.76,22.889999,9200
2007-02-05,22.99,22.99,22.99,22.99,100
2007-02-06,22.76,23.1,22.700001,22.92,4900
2007-02-07,22.780001,23.15,22.75,22.940001,10000
2007-02-08,22.799999,23,22.799999,23,500
2007-02-09,22.67,22.92,22.66,22.92,3200
2007-02-12,22.98,23.200001,22.85,22.969999,4400
2007-02-13,22.76,22.9,22.75,22.9,1900
2007-02-14,22.75,22.870001,22.65,22.870001,2200
2007-02-15,22.75,22.76,22.57,22.690001,2400
2007-02-16,22.85,23,22.389999,22.440001,7700
2007-02-20,22.4,22.4,22.110001,22.110001,1600
2007-02-21,22.110001,22.379999,22.110001,22.120001,2700
2007-02-22,22.209999,22.42,22.209999,22.42,1900
2007-02-23,22.299999,22.4,22.25,22.25,1200
2007-02-26,22.299999,22.299999,22.299999,22.299999,600
2007-02-27,22.16,22.4,22.139999,22.17,9900
2007-02-28,22.1,22.389999,22.1,22.389999,7700
2007-03-01,22.34,22.52,22.34,22.52,3700
2007-03-02,22.299999,22.5,22.27,22.49,600
2007-03-05,22.77,22.83,22.25,22.52,7900
2007-03-06,22.73,22.860001,22.4,22.5,16400
2007-03-07,22.799999,22.799999,22.799999,22.799999,100
2007-03-08,22.92,23.02,22.83,22.92,7500
2007-03-09,22.92,23,22.77,22.99,1600
2007-03-12,23.16,23.16,22.91,23.08,5700
2007-03-13,22.950001,23.49,22.950001,23.450001,2000
2007-03-14,23.299999,23.299999,22.950001,22.969999,6200
2007-03-15,22.809999,22.809999,22.290001,22.620001,4600
2007-03-16,22.620001,22.620001,22.620001,22.620001,0
2007-03-19,22.889999,22.91,22.629999,22.91,800
2007-03-20,22.67,22.700001,22.66,22.700001,600
2007-03-21,22.629999,22.629999,22.52,22.610001,900
2007-03-22,22.709999,22.709999,22.700001,22.709999,300
2007-03-23,22.57,22.65,22.5,22.65,800
2007-03-26,22.950001,22.950001,22.5,22.809999,5700
2007-03-27,22.629999,22.85,22.5,22.85,1400
2007-03-28,22.85,22.889999,22.700001,22.700001,2300
2007-03-29,22.6,22.6,22.559999,22.559999,300
2007-03-30,22.5,22.549999,22.5,22.5,5200
2007-04-02,22.33,22.5,22.27,22.42,3700
2007-04-03,22.6,22.6,22.219999,22.370001,600
2007-04-04,22.35,22.35,22.35,22.35,400
2007-04-05,22.35,22.35,22.35,22.35,500
2007-04-09,22.540001,22.59,22.540001,22.59,600
2007-04-10,22.5,22.5,22.5,22.5,1800
2007-04-11,22.5,22.6,22.5,22.6,800
2007-04-12,22.700001,22.860001,22.700001,22.73,2000
2007-04-13,22.809999,22.99,22.809999,22.99,900
2007-04-16,22.629999,22.91,22.629999,22.77,4000
2007-04-17,22.52,22.52,22.52,22.52,100
2007-04-18,22.879999,22.98,22.82,22.950001,1700
2007-04-19,22.860001,22.860001,22.809999,22.809999,300
2007-04-20,23,23.49,22.52,23.49,5100
2007-04-23,23.49,23.49,22.610001,23.059999,2400
2007-04-24,22.700001,23,22.700001,23,900
2007-04-25,23.440001,23.5,23.299999,23.5,3200
2007-04-26,23.299999,23.360001,23.25,23.25,2500
2007-04-27,23.48,23.5,23.41,23.41,3400
2007-04-30,23.059999,23.49,23.059999,23.41,1200
2007-05-01,23.68,23.950001,23.379999,23.75,3900
2007-05-02,23.940001,24,23.780001,24,1200
2007-05-03,23.690001,23.690001,23.15,23.15,1300
2007-05-04,23,23.110001,22.889999,22.9,3700
2007-05-07,22.969999,23.459999,22.969999,23.18,2200
2007-05-08,22.860001,23.24,22.860001,23.1,2200
2007-05-09,23.02,23.68,22.879999,23.459999,5700
2007-05-10,23.16,23.200001,23.120001,23.129999,500
2007-05-11,23.1,23.1,22.74,23.049999,1100
2007-05-14,22.85,23.1,22.52,23.1,6200
2007-05-15,22.860001,22.860001,22.17,22.299999,32900
2007-05-16,22.209999,22.219999,21.9,21.9,2800
2007-05-17,21.82,21.870001,21.5,21.82,6000
2007-05-18,21.75,21.809999,21.65,21.65,800
2007-05-21,21.91,22.25,21.91,22.25,1300
2007-05-22,22.4,22.58,22.26,22.379999,8200
2007-05-23,22.200001,22.24,21.950001,21.950001,2200
2007-05-24,21.950001,21.950001,21.950001,21.950001,0
2007-05-25,21.75,22,21.370001,21.49,8900
2007-05-29,21.25,21.49,21.049999,21.49,54400
2007-05-30,21.84,21.84,21.469999,21.73,800
2007-05-31,21.51,21.74,21.33,21.52,1800
2007-06-01,21.360001,21.360001,20.690001,20.82,7700
2007-06-04,20.889999,21,20.610001,20.99,4700
2007-06-05,20.91,21.02,20.6,20.6,1200
2007-06-06,20.639999,20.709999,20.5,20.709999,1100
2007-06-07,20.77,20.83,20.459999,20.52,1500
2007-06-08,20.450001,20.620001,20.450001,20.450001,1300
2007-06-11,20.299999,20.450001,20.280001,20.280001,1800
2007-06-12,20.190001,20.23,20.01,20.01,2200
2007-06-13,20.049999,20.68,19.26,19.66,19600
2007-06-14,19.66,20.030001,19.49,19.969999,12300
2007-06-15,19.799999,19.959999,19.799999,19.799999,600
2007-06-18,19.65,19.9,19.41,19.700001,2400
2007-06-19,19.52,19.889999,19.52,19.74,2700
2007-06-20,19.74,20.120001,19.559999,20.120001,3000
2007-06-21,19.9,19.9,19.75,19.75,1700
2007-06-22,19.92,19.92,19.75,19.75,3100
2007-06-25,20,20.49,19.559999,19.559999,2000
2007-06-26,19.59,19.75,19.59,19.75,2200
2007-06-27,19.93,19.93,19.9,19.9,600
2007-06-28,19.9,19.9,19.73,19.870001,2200
2007-06-29,19.9,19.9,19.700001,19.85,4400
2007-07-02,19.9,19.98,19.799999,19.98,3400
2007-07-03,20.139999,20.139999,20.139999,20.139999,100
2007-07-05,20.16,20.17,19.700001,19.700001,6900
2007-07-06,19.700001,19.790001,19.610001,19.790001,1300
2007-07-09,19.610001,19.76,19.32,19.5,4400
2007-07-10,19.5,19.799999,19.32,19.370001,4600
2007-07-11,19.34,19.67,19.32,19.559999,4300
2007-07-12,19.370001,20.24,19.370001,20.24,5600
2007-07-13,19.440001,20.219999,19.440001,20.219999,4300
2007-07-16,20.219999,20.49,20.059999,20.209999,1900
2007-07-17,20.24,20.459999,19.51,19.58,3400
2007-07-18,19.719999,20.200001,19.719999,20.200001,1000
2007-07-19,20.200001,20.389999,19.9,19.9,1300
2007-07-20,19.33,19.6,19.1,19.1,8800
2007-07-23,19.09,19.09,18.799999,18.83,1400
2007-07-24,18.67,18.799999,18.120001,18.129999,3800
2007-07-25,18.67,18.870001,18,18.120001,1900
2007-07-26,18.040001,18.66,18.040001,18.66,4800
2007-07-27,18.66,18.66,18.66,18.66,0
2007-07-30,18.049999,18.809999,18.049999,18.48,4000
2007-07-31,18.209999,18.950001,18.209999,18.620001,600
2007-08-01,19.139999,19.24,18.780001,18.809999,2700
2007-08-02,19.549999,19.549999,19,19,400
2007-08-03,18.809999,19.24,18.299999,18.299999,5600
2007-08-06,18.450001,18.77,18.1,18.559999,1500
2007-08-07,18.85,18.85,17.950001,17.950001,4900
2007-08-08,17.99,18.440001,17.99,18.440001,5500
2007-08-09,18.530001,18.530001,18.110001,18.219999,4500
2007-08-10,18,18.23,18,18.200001,1000
2007-08-13,18.059999,18.34,18.049999,18.059999,2600
2007-08-14,18.290001,19.17,18.290001,19,6700
2007-08-15,19.190001,19.190001,19.01,19.01,1200
2007-08-16,19,19.219999,18.5,19.1,7400
2007-08-17,19.58,19.610001,18.91,18.92,900
2007-08-20,19.940001,19.940001,19.1,19.459999,3300
2007-08-21,20.290001,20.290001,19.26,19.26,4200
2007-08-22,19.99,20.219999,19.9,20.209999,2000
2007-08-23,20.389999,20.52,20.290001,20.52,1300
2007-08-24,20.690001,21.120001,20.690001,21.120001,8100
2007-08-27,20.93,21.1,20.93,21.1,900
2007-08-28,20.799999,20.799999,20.209999,20.459999,1500
2007-08-29,20.16,20.360001,20.16,20.360001,400
2007-08-30,20,20.35,20,20.35,1800
2007-08-31,20.85,20.85,20.59,20.59,300
2007-09-04,21,21,20.030001,20.299999,2400
2007-09-05,19.93,19.93,19.91,19.91,1000
2007-09-06,20.1,21.48,20.1,20.309999,3400
2007-09-07,20.309999,20.309999,20.309999,20.309999,0
2007-09-10,20.120001,20.120001,20.120001,20.120001,200
2007-09-11,20.01,20.16,20,20,2700
2007-09-12,20.049999,20.15,20.049999,20.15,700
2007-09-13,20.379999,20.379999,20.15,20.33,700
2007-09-14,20.16,20.299999,20.15,20.299999,1400
2007-09-17,20.15,20.440001,20.15,20.440001,500
2007-09-18,20.450001,21.17,20.26,20.370001,1300
2007-09-19,21.139999,21.139999,20.26,20.26,500
2007-09-20,20.26,20.26,20.26,20.26,0
2007-09-21,20.77,20.77,20.76,20.77,500
2007-09-24,20.35,20.9,20.299999,20.709999,3300
2007-09-25,20.75,20.75,20.75,20.75,100
2007-09-26,20.629999,20.629999,20.51,20.610001,800
2007-09-27,20.68,21.48,20.59,21.209999,4300
2007-09-28,21.5,21.5,20.99,21.16,1000
2007-10-01,20.629999,21.049999,20.629999,20.879999,1300
2007-10-02,20.870001,20.870001,20.549999,20.629999,1400
2007-10-03,20.530001,20.879999,20.52,20.709999,1000
2007-10-04,20.709999,20.709999,20.709999,20.709999,0
2007-10-05,20.790001,21.02,20.24,20.299999,1100
2007-10-08,20.299999,20.299999,20.040001,20.040001,700
2007-10-09,20.07,20.07,20.030001,20.030001,700
2007-10-10,20,20.52,19.969999,19.969999,1400
2007-10-11,19.5,20.84,19.5,20.629999,2100
2007-10-12,20.42,21,20.42,20.700001,1300
2007-10-15,20.01,20.299999,20.01,20.299999,1600
2007-10-16,20.34,20.34,19.950001,19.950001,3300
2007-10-17,20.51,20.51,19.290001,19.5,3100
2007-10-18,19.5,19.5,19.5,19.5,100
2007-10-19,19.5,20,19.030001,19.030001,2000
2007-10-22,19.389999,19.389999,19.030001,19.23,2500
2007-10-23,18.959999,19.35,18.700001,19.299999,5500
2007-10-24,19.25,19.629999,19.25,19.629999,1900
2007-10-25,19.1,19.75,19.02,19.360001,2600
2007-10-26,19.17,19.309999,19.16,19.209999,5100
2007-10-29,19.1,19.25,18.99,19.02,4400
2007-10-30,18.790001,19.5,18.790001,19.49,8800
2007-10-31,19.49,19.49,19.49,19.49,0
2007-11-01,18.76,19.23,18.76,19.049999,4600
2007-11-02,18.73,19.049999,18.719999,18.93,5900
2007-11-05,18.73,19,18.719999,19,2400
2007-11-06,18.719999,19.49,18.719999,19.15,7500
2007-11-07,18.790001,19.5,18.790001,19.5,4500
2007-11-08,19.5,19.5,18.940001,18.940001,700
2007-11-09,18.940001,19.5,18.940001,19.4,4000
2007-11-12,18.75,19.620001,18.75,19.52,2000
2007-11-13,19.280001,19.75,19.280001,19.559999,1800
2007-11-14,20.09,20.200001,19.98,20.200001,2000
2007-11-15,20.200001,20.639999,20.200001,20.639999,1900
2007-11-16,20.549999,21.280001,19.950001,20.940001,3900
2007-11-19,20.299999,21.040001,20.15,21.030001,2000
2007-11-20,20.049999,20.73,20.01,20.01,3200
2007-11-21,20,20.200001,19.5,19.5,3000
2007-11-23,19.83,19.9,19.75,19.75,2100
2007-11-26,19.700001,20.35,19.700001,20.15,3800
2007-11-27,19.84,20.200001,19.02,19.24,5100
2007-11-28,19.27,20.200001,19.27,20.15,6200
2007-11-29,20.200001,20.950001,20.200001,20.200001,2400
2007-11-30,20.190001,20.190001,20.190001,20.190001,400
2007-12-03,20,21,19.93,20.85,2900
2007-12-04,20.799999,21.33,20.799999,21.33,1100
2007-12-05,21,21.32,20.799999,21.219999,3300
2007-12-06,21.299999,21.719999,20.99,21.719999,5000
2007-12-07,21.5,21.950001,21.41,21.41,2000
2007-12-10,21.74,21.74,20.4,21.469999,3900
2007-12-11,21.32,21.5,21.32,21.379999,2300
2007-12-12,21.950001,21.950001,21.620001,21.620001,800
2007-12-13,21.5,21.5,20.73,21,1600
2007-12-14,20.299999,21,20.299999,21,800
2007-12-17,21.42,21.42,20.860001,21.25,1300
2007-12-18,20.299999,21.440001,20.25,20.620001,1000
2007-12-19,20.25,21,20.049999,20.370001,4000
2007-12-20,19.58,20,19.469999,19.860001,2200
2007-12-21,20.49,20.49,20.49,20.49,100
2007-12-24,20.5,20.5,20.33,20.33,400
2007-12-26,20.889999,20.98,20.66,20.66,1200
2007-12-27,20.33,20.389999,20.139999,20.139999,1000
2007-12-28,20,20.530001,19.32,20.530001,6300
2007-12-31,20.5,20.549999,19.049999,20.02,1700
2008-01-02,20.5,20.5,19.65,19.65,3700
2008-01-03,20.440001,20.440001,19.959999,19.959999,2100
2008-01-04,19.129999,20.49,19.129999,19.799999,6300
2008-01-07,19.370001,20.120001,19.370001,20.120001,300
2008-01-08,19.33,19.700001,19.26,19.540001,5600
2008-01-09,19.24,19.870001,19.17,19.870001,2600
2008-01-10,19.860001,19.91,19.52,19.74,5000
2008-01-11,19.059999,19.9,19.059999,19.9,1300
2008-01-14,19.870001,19.870001,19.52,19.559999,2500
2008-01-15,19.549999,19.67,19.5,19.67,8700
2008-01-16,19.629999,19.91,19.6,19.74,3300
2008-01-17,19.91,20.85,19.26,19.809999,7700
2008-01-18,19.42,20.110001,18.9,19.58,7200
2008-01-22,19.559999,20.84,19.059999,19.059999,2300
2008-01-23,18.959999,20,18.959999,19.23,1700
2008-01-24,19.07,19.610001,19.02,19.1,3800
2008-01-25,19.02,19.92,18.9,18.9,6800
2008-01-28,18.6,19.299999,18.6,19.200001,1600
2008-01-29,19.5,19.5,18.75,18.82,700
2008-01-30,19.52,19.52,18.559999,19.389999,1100
2008-01-31,18.959999,19.92,18.959999,18.959999,6800
2008-02-01,19.870001,19.99,19.440001,19.49,5600
2008-02-04,20.1,20.5,20,20.01,4100
2008-02-05,19.120001,20.18,19.120001,19.940001,1500
2008-02-06,19.120001,19.92,19.07,19.440001,2700
2008-02-07,19.120001,20.5,19.09,19.77,1700
2008-02-08,20,20,19.6,20,1500
2008-02-11,20.34,20.34,19.51,19.950001,1200
2008-02-12,19.41,20.49,19.41,20.120001,3000
2008-02-13,20,20,20,20,600
2008-02-14,20.07,20.09,19.67,20.049999,5800
2008-02-15,19.52,19.719999,19.51,19.719999,1400
2008-02-19,19.48,19.879999,19.43,19.879999,36700
2008-02-20,19.5,19.99,19.5,19.99,2100
2008-02-21,19.959999,20,19.75,19.75,2600
2008-02-22,19.440001,19.700001,19.42,19.700001,2600
2008-02-25,19.719999,19.719999,19.42,19.42,1700
2008-02-26,19.42,19.790001,19.42,19.43,2700
2008-02-27,19.809999,19.809999,19.790001,19.809999,400
2008-02-28,19.82,20,19.43,19.48,3300
2008-02-29,19.219999,20,19.219999,19.4,4500
2008-03-03,19.709999,19.84,19.6,19.809999,2500
2008-03-04,19.82,19.82,19.42,19.42,3400
2008-03-05,19.42,19.51,19.42,19.5,12000
2008-03-06,19.43,19.43,19.32,19.34,5500
2008-03-07,19,19.25,18.870001,19.25,2800
2008-03-10,19.5,19.5,19.16,19.389999,5000
2008-03-11,19.25,19.65,19.25,19.65,500
2008-03-12,19.27,19.5,19.27,19.5,900
2008-03-13,19.799999,19.799999,19.27,19.5,3500
2008-03-14,19.5,19.5,19.5,19.5,0
2008-03-17,18.879999,19.110001,18.879999,19.110001,300
2008-03-18,19.790001,19.790001,18.65,18.65,2800
2008-03-19,19,19,17.01,17.93,10300
2008-03-20,18.24,18.889999,18,18.719999,4600
2008-03-24,18.969999,19.299999,18.110001,18.950001,7000
2008-03-25,18.950001,19.219999,18.9,19.219999,5500
2008-03-26,19.559999,19.559999,19.530001,19.530001,800
2008-03-27,19.639999,19.709999,19.639999,19.65,7800
2008-03-28,19.469999,19.469999,19.25,19.25,600
2008-03-31,19.25,19.82,19.25,19.66,4800
2008-04-01,19.9,19.98,19.25,19.25,3600
2008-04-02,19.290001,19.290001,18.799999,18.940001,10400
2008-04-03,19.379999,19.379999,19.379999,19.379999,1000
2008-04-04,19.209999,19.209999,18.959999,18.969999,600
2008-04-07,19.209999,19.209999,18.99,19,2300
2008-04-08,18.950001,19.49,18.950001,19.33,2000
2008-04-09,19.530001,19.57,18.940001,18.950001,11700
2008-04-10,19.51,19.51,19.26,19.440001,1300
2008-04-11,19.299999,19.440001,18.870001,19.290001,1900
2008-04-14,19.24,19.24,19.24,19.24,500
2008-04-15,19.24,19.25,18.809999,19,2100
2008-04-16,18.9,19.219999,18.85,19.049999,2600
2008-04-17,18.57,19.030001,18.57,19.030001,2500
2008-04-18,19.1,19.1,18.9,18.950001,1200
2008-04-21,18.85,18.85,18.85,18.85,200
2008-04-22,18.85,18.9,18.700001,18.9,3800
2008-04-23,18.700001,18.799999,18.360001,18.65,11000
2008-04-24,18.450001,18.790001,18.450001,18.68,1200
2008-04-25,18.790001,19,18.16,18.68,4900
2008-04-28,18.700001,19,18.700001,18.77,3600
2008-04-29,18.84,19.129999,18.77,18.77,1600
2008-04-30,18.98,18.98,18.5,18.75,3100
2008-05-01,18.75,19.1,18.67,19.09,3300
2008-05-02,19.1,19.110001,19,19,5000
2008-05-05,18.780001,18.940001,18.75,18.940001,2900
2008-05-06,18.75,18.98,18.32,18.610001,9000
2008-05-07,18.99,19.030001,18.450001,18.530001,5300
2008-05-08,18.700001,18.700001,18.450001,18.700001,1100
2008-05-09,18.700001,18.700001,18.700001,18.700001,900
2008-05-12,18.799999,18.799999,18.540001,18.799999,3000
2008-05-13,18.700001,18.799999,18.58,18.799999,3700
2008-05-14,19.139999,19.139999,18.58,18.84,2600
2008-05-15,19.139999,19.15,19.040001,19.139999,2500
2008-05-16,18.92,19.139999,18.799999,18.799999,2500
2008-05-19,18.799999,19,18.6,18.610001,4600
2008-05-20,18.6,18.690001,18.6,18.65,3200
2008-05-21,18.65,18.969999,18.65,18.75,500
2008-05-22,18.700001,18.99,18.6,18.99,2500
2008-05-23,19.02,19.68,19.02,19.110001,7200
2008-05-27,18.889999,19.110001,18.889999,19.040001,4300
2008-05-28,19.120001,19.120001,19.1,19.120001,1100
2008-05-29,18.809999,19.09,18.76,18.76,5800
2008-05-30,18.75,18.85,18.58,18.58,3100
2008-06-02,18.700001,18.700001,18.700001,18.700001,2100
2008-06-03,18.85,18.85,18.6,18.709999,3500
2008-06-04,18.610001,18.950001,18.6,18.9,2200
2008-06-05,18.6,18.6,18.6,18.6,500
2008-06-06,19.049999,19.049999,18.99,18.99,3700
2008-06-09,19,19,19,19,2000
2008-06-10,19.049999,19.049999,19,19.049999,3800
2008-06-11,18.82,19.049999,18.82,19.049999,200
2008-06-12,18.940001,19,18.75,18.76,3500
2008-06-13,18.75,19.08,18.75,18.76,3500
2008-06-16,18.76,19,18.76,18.889999,4300
2008-06-17,18.950001,19.08,18.950001,19.08,500
2008-06-18,19.059999,19.059999,18.76,18.76,5600
2008-06-19,18.85,19.01,18.76,19.01,3500
2008-06-20,19,19,18.75,18.75,3600
2008-06-23,19.059999,19.059999,18.75,18.75,2900
2008-06-24,18.75,18.75,18.5,18.700001,9300
2008-06-25,18.5,18.5,18.450001,18.459999,4100
2008-06-26,18.459999,18.780001,18.459999,18.700001,1400
2008-06-27,18.42,18.42,18.1,18.1,700
2008-06-30,18.24,18.24,18.040001,18.17,2000
2008-07-01,18,18,17.129999,17.129999,5000
2008-07-02,17.26,17.469999,16.76,17,20500
2008-07-03,17,17,17,17,300
2008-07-07,17,17,16.200001,16.200001,9500
2008-07-08,16.200001,16.74,16.200001,16.450001,6500
2008-07-09,16.99,17,16.99,17,500
2008-07-10,17,17,17,17,0
2008-07-11,16.5,16.5,16.129999,16.25,4900
2008-07-14,16.629999,16.99,16.01,16.99,1600
2008-07-15,16.99,16.99,16.99,16.99,0
2008-07-16,16.77,16.799999,16.540001,16.690001,19300
2008-07-17,16.51,16.65,16.51,16.639999,2300
2008-07-18,16.5,16.799999,16.5,16.799999,400
2008-07-21,16.99,17,16.99,17,2100
2008-07-22,17,17,16.559999,17,2600
2008-07-23,17.200001,17.24,17.200001,17.24,1100
2008-07-24,16.93,17.01,16.85,16.85,3200
2008-07-25,17.25,17.26,17.25,17.25,4700
2008-07-28,17.889999,17.950001,17.629999,17.629999,2400
2008-07-29,17.700001,17.950001,16.85,17.950001,400
2008-07-30,17.950001,17.950001,17.950001,17.950001,0
2008-07-31,17.5,17.5,17.110001,17.26,800
2008-08-01,17.5,18,17.459999,17.99,6300
2008-08-04,18.24,18.809999,18.24,18.65,1000
2008-08-05,17.9,18.700001,17.41,17.42,5700
2008-08-06,17.290001,18,17.290001,17.98,2600
2008-08-07,18.4,18.99,18.4,18.92,23200
2008-08-08,19,19.25,18.860001,19.25,12100
2008-08-11,19.25,19.969999,19.24,19.92,6200
2008-08-12,19.290001,19.889999,19.290001,19.59,6400
2008-08-13,19.870001,19.9,19.860001,19.9,500
2008-08-14,19.85,19.9,19.299999,19.809999,3200
2008-08-15,19.889999,19.889999,19.4,19.889999,20900
2008-08-18,19.860001,19.969999,19.58,19.68,20000
2008-08-19,19.950001,19.950001,19.4,19.629999,2800
2008-08-20,19.08,19.940001,19.08,19.93,6200
2008-08-21,19.5,20,19.5,20,1100
2008-08-22,20,20,19.1,19.68,3600
2008-08-25,20.049999,20.1,19.92,20.1,7800
2008-08-26,20.07,20.200001,20.07,20.1,8300
2008-08-27,20.440001,20.49,20,20.01,5000
2008-08-28,20,20.01,20,20,2800
2008-08-29,20.01,20.09,20.01,20.09,2700
2008-09-02,20.01,20.07,19.950001,20,4500
2008-09-03,20,20.01,20,20.01,1900
2008-09-04,20,20.379999,20,20,5700
2008-09-05,19.9,20.07,19.85,20.01,3200
2008-09-08,20.690001,20.73,20.07,20.639999,3000
2008-09-09,20.639999,20.719999,20.07,20.379999,2400
2008-09-10,20.01,20.690001,20.01,20.290001,1500
2008-09-11,20.01,20.07,19.870001,20.07,5300
2008-09-12,19.950001,19.959999,19.950001,19.959999,900
2008-09-15,19.76,20.65,19.540001,19.540001,1900
2008-09-16,19.5,20.09,19.299999,20.09,3000
2008-09-17,19.25,19.5,19,19,2000
2008-09-18,19.049999,19.74,18.559999,18.82,6500
2008-09-19,18.889999,20.450001,18.889999,19.950001,4800
2008-09-22,19.5,20.4,19.5,20.4,1200
2008-09-23,18.950001,20.25,18.889999,19,1900
2008-09-24,18.85,20.219999,18.85,19.99,800
2008-09-25,19.99,20,19.299999,19.940001,10400
2008-09-26,19.5,19.950001,18.299999,19.1,7700
2008-09-29,18.75,18.75,18.059999,18.450001,6800
2008-09-30,18.5,19.9,18.5,19.9,4900
2008-10-01,19.950001,19.950001,18.75,19.950001,2300
2008-10-02,19.9,20,19.85,19.99,4800
2008-10-03,19.84,19.99,19.84,19.98,1200
2008-10-06,19.870001,19.99,19.049999,19.049999,14500
2008-10-07,18.959999,19.98,18.959999,19.98,400
2008-10-08,18.25,19.440001,18.25,18.25,1100
2008-10-09,18.25,19.459999,18.25,19.459999,1200
2008-10-10,18.02,19.450001,17,18.940001,11300
2008-10-13,18.940001,19.459999,17.5,18.950001,21900
2008-10-14,19.25,19.459999,19.08,19.459999,9800
2008-10-15,19.459999,19.99,18.91,19.98,4100
2008-10-16,19.5,19.99,19.5,19.969999,8300
2008-10-17,19.6,19.74,19,19,5300
2008-10-20,18.26,19.190001,18.26,18.629999,4200
2008-10-21,18.85,19.58,18,19.58,3400
2008-10-22,19.030001,19.030001,18.5,18.5,7900
2008-10-23,18.5,18.799999,18.389999,18.59,2400
2008-10-24,18.799999,18.809999,18.120001,18.5,4100
2008-10-27,18.450001,18.450001,17.02,17.02,7700
2008-10-28,17.700001,18.309999,17.5,17.5,2300
2008-10-29,17.35,18.459999,17.030001,17.459999,8600
2008-10-30,17.26,17.26,17.02,17.02,1600
2008-10-31,17.07,17.42,17.02,17.42,3100
2008-11-03,17.559999,17.559999,17.200001,17.379999,2900
2008-11-04,17.559999,17.559999,17.25,17.4,1000
2008-11-05,17.030001,17.299999,17.030001,17.26,3100
2008-11-06,17.15,17.15,17.15,17.15,100
2008-11-07,17.35,17.35,17.07,17.18,3700
2008-11-10,17,17.450001,16.16,17.450001,5900
2008-11-11,16.299999,17.549999,16.299999,16.9,1300
2008-11-12,17.23,17.24,16.6,16.6,1700
2008-11-13,16.99,17.49,16.9,17.49,2300
2008-11-14,16.629999,17.48,16.34,16.65,1400
2008-11-17,16.690001,16.950001,16.049999,16.950001,1500
2008-11-18,16.559999,16.559999,16.08,16.290001,3100
2008-11-19,17.5,17.5,17.5,17.5,100
2008-11-20,16.620001,16.620001,16.1,16.1,700
2008-11-21,16.040001,16.040001,15.25,15.25,2400
2008-11-24,15.05,15.45,15,15.4,4100
2008-11-25,15.5,15.51,14.85,15.5,4600
2008-11-26,15.25,16.200001,15.25,15.5,7200
2008-11-28,14.65,15.5,14.65,15.5,700
2008-12-01,15.5,15.5,14.51,14.53,4900
2008-12-02,14.34,14.98,14.34,14.98,1400
2008-12-03,14.5,15,14.47,14.47,2000
2008-12-04,14.74,14.74,14.74,14.74,300
2008-12-05,15.03,15.03,14.39,14.39,800
2008-12-08,14.74,14.74,14.05,14.2,1800
2008-12-09,14.2,14.33,14.05,14.2,2200
2008-12-10,14.47,14.5,14,14.35,9300
2008-12-11,14.35,14.35,14.35,14.35,0
2008-12-12,14,14.25,14,14.25,1100
2008-12-15,14,14,13.5,13.5,2500
2008-12-16,14,14,13.25,13.3,2100
2008-12-17,13.96,14,13.3,14,1300
2008-12-18,13.3,13.99,13.05,13.62,9000
2008-12-19,13.93,13.98,13.05,13.65,5900
2008-12-22,13.5,14.25,13.5,14.25,1500
2008-12-23,13,14.45,13,14.45,1400
2008-12-24,13.26,14.45,13.26,14.45,300
2008-12-26,13.36,14,13.36,13.6,1900
2008-12-29,13.5,13.88,13.05,13.1,6300
2008-12-30,14.06,14.06,13.1,13.1,900
2008-12-31,13.25,13.48,13.25,13.48,5900
2009-01-02,13.57,14.1,13.57,14.1,10600
2009-01-05,13.68,13.89,13.07,13.87,1500
2009-01-06,13.5,13.5,13.5,13.5,200
2009-01-07,13.12,13.49,13.12,13.3,2100
2009-01-08,13.49,13.9,13.49,13.74,4300
2009-01-09,13.28,14.15,13.28,14.05,2200
2009-01-12,13.65,13.78,12.95,13.54,10600
2009-01-13,13.85,14.15,13.85,14.15,1300
2009-01-14,13.5,14.5,13.5,14.5,5000
2009-01-15,13.6,14.96,13.6,14.01,2700
2009-01-16,13.65,13.66,13.65,13.66,700
2009-01-20,13.67,14.4,13.19,13.19,2000
2009-01-21,13.74,13.74,13.5,13.5,1400
2009-01-22,13.25,13.5,13,13.44,3900
2009-01-23,12.6,12.84,12.5,12.83,4800
2009-01-26,12.83,12.83,12.83,12.83,0
2009-01-27,13.28,13.36,13.28,13.36,800
2009-01-28,13.5,13.5,13.44,13.44,1100
2009-01-29,12.81,12.81,12.06,12.2,4800
2009-01-30,12.2,12.5,12.15,12.15,1800
2009-02-02,12.58,12.58,11.5,12.25,4700
2009-02-03,12,12.77,11.52,11.52,2900
2009-02-04,11.52,12.76,11.5,12.76,2900
2009-02-05,12,12.05,12,12,1700
2009-02-06,11.62,11.62,11.33,11.6,2000
2009-02-09,11.2,11.5,10.6,10.6,5100
2009-02-10,11,11,10.52,10.96,1500
2009-02-11,10.66,10.66,10.05,10.4,8500
2009-02-12,11.63,12.58,10.92,12.4,10200
2009-02-13,12.6,12.6,10.53,11,6600
2009-02-17,10.56,12.37,10.56,12.37,1600
2009-02-18,10.6,11.55,10.6,11.01,4000
2009-02-19,11.01,11.79,11.01,11.26,2400
2009-02-20,11.56,11.56,10.56,10.56,9000
2009-02-23,10.75,10.8,10.5,10.5,1700
2009-02-24,10,10.6,9.52,10,8500
2009-02-25,10,10,9.55,9.61,1600
2009-02-26,9.96,9.96,9.8,9.82,4800
2009-02-27,10.41,11.5,10.41,11.5,4700
2009-03-02,9.65,9.65,9.53,9.53,1300
2009-03-03,9.51,9.51,8.79,8.98,2000
2009-03-04,9.21,9.21,8.3,8.3,4900
2009-03-05,8.34,9.37,8.34,8.5,5600
2009-03-06,8.75,8.75,7.28,7.3,10600
2009-03-09,7.71,8,7.02,7.02,11000
2009-03-10,8.39,9.13,7.92,9,7900
2009-03-11,9.5,9.5,9,9,1600
2009-03-12,9.95,10.94,9.46,10.27,3500
2009-03-13,10.25,10.25,9.01,9.56,10500
2009-03-16,9.37,9.38,9.37,9.38,200
2009-03-17,10,10.04,10,10,1600
2009-03-18,9.5,9.54,7.64,8.35,9500
2009-03-19,9.44,9.44,9.22,9.22,300
2009-03-20,8.53,8.54,7.43,7.43,12000
2009-03-23,7.44,8.77,7.44,8.02,2800
2009-03-24,8.67,8.7,7.74,8.04,15100
2009-03-25,9.4,9.47,8.25,8.53,1000
2009-03-26,9.2,9.39,8.06,8.83,7600
2009-03-27,8.5,8.83,8.05,8.13,13000
2009-03-30,8.21,8.75,8.2,8.2,8200
2009-03-31,9.32,9.32,8.01,8.38,23200
2009-04-01,8.06,8.91,8.06,8.5,12500
2009-04-02,8.89,8.96,8.5,8.75,2900
2009-04-03,8.95,9.21,8.93,9.21,3300
2009-04-06,9.34,9.5,8.63,8.88,6200
2009-04-07,8.65,9.44,8.53,8.68,2900
2009-04-08,9.48,9.49,8.63,9.39,10600
2009-04-09,9.42,9.63,8.95,9.28,8500
2009-04-13,8.98,9.93,8.9,9.17,5900
2009-04-14,8.9,9.91,8.9,9.91,6100
2009-04-15,9.9,10,9.18,9.63,26700
2009-04-16,9.93,9.93,9,9.11,4500
2009-04-17,9.03,9.78,8.98,9.75,5400
2009-04-20,9.45,9.74,8.92,9.56,6500
2009-04-21,9.06,9.5,8.93,9.5,4900
2009-04-22,9.75,9.75,9.13,9.5,3700
2009-04-23,9.45,9.79,9.3,9.75,1800
2009-04-24,9.85,10,9.85,10,400
2009-04-27,9.67,9.79,9.64,9.7,800
2009-04-28,9.99,9.99,9.82,9.85,1300
2009-04-29,9.92,10.21,9.92,9.94,2700
2009-04-30,9.91,10.26,9.91,10,2100
2009-05-01,10.25,10.5,10,10.5,4400
2009-05-04,10.5,10.5,10,10.25,4000
2009-05-05,10.25,10.32,10.25,10.25,2100
2009-05-06,10.61,10.93,10.33,10.83,3000
2009-05-07,10.64,10.88,10.2,10.25,6500
2009-05-08,10.25,11.17,10.25,10.81,8000
2009-05-11,10.79,11.49,10.79,11.49,3500
2009-05-12,11.49,12.47,11.49,12.35,10700
2009-05-13,11.09,12.32,11.09,11.77,3000
2009-05-14,11.37,11.66,11,11.57,5400
2009-05-15,11.44,11.8,11,11.68,4500
2009-05-18,11.15,12.29,11.15,12.28,4900
2009-05-19,11.96,11.96,11.25,11.25,2100
2009-05-20,12.09,12.09,11.7,11.77,7900
2009-05-21,11.89,12.1,11.6,11.82,9100
2009-05-22,11.8,11.8,11.77,11.77,900
2009-05-26,11.55,11.71,11.25,11.54,2900
2009-05-27,11.27,12.04,11.25,11.62,2400
2009-05-28,11.72,11.72,11.28,11.61,1800
2009-05-29,11.67,12.1,11.44,12.1,2900
2009-06-01,12.34,12.5,11.71,12.5,4200
2009-06-02,12.2,12.47,11.51,11.51,8800
2009-06-03,12.09,12.11,11.39,11.52,4200
2009-06-04,11.79,12.3,11.73,12.16,2900
2009-06-05,12.15,12.33,11.97,11.98,1900
2009-06-08,11.51,12.04,11.51,11.87,2700
2009-06-09,12.07,12.07,11.69,11.69,1100
2009-06-10,11.73,12,11.41,11.93,2500
2009-06-11,12,12,11.53,11.9,3400
2009-06-12,11.6,11.79,11.5,11.5,800
2009-06-15,11.4,11.4,11.25,11.25,600
2009-06-16,11.26,11.55,11,11,1800
2009-06-17,11,11.31,10.59,10.95,5300
2009-06-18,10.95,11.41,10.25,10.25,8400
2009-06-19,10.58,11.15,10.05,11.03,9200
2009-06-22,10.89,11.08,10.44,11.03,2700
2009-06-23,10.36,11.1,10.11,10.78,11100
2009-06-24,10.78,10.85,10.02,10.05,6000
2009-06-25,10.04,11.1,10.04,10.55,6500
2009-06-26,10.51,11.44,10.51,11,6600
2009-06-29,11.31,12,11.31,11.9,19900
2009-06-30,11.75,11.79,10.66,11.25,7400
2009-07-01,10.8,11.8,10.56,10.56,16000
2009-07-02,10.76,11,10.26,10.3,14500
2009-07-06,10.31,10.85,10.3,10.75,3000
2009-07-07,10.5,11.25,10.5,10.51,12300
2009-07-08,10.64,11.1,10.51,10.67,4900
2009-07-09,10.67,10.67,10.67,10.67,0
2009-07-10,10.46,10.81,10.46,10.65,500
2009-07-13,10.4,10.65,10.15,10.55,3900
2009-07-14,10.42,11.03,10.41,10.74,4500
2009-07-15,10.81,11.01,10.81,11,700
2009-07-16,11.18,11.19,10.52,10.84,4600
2009-07-17,10.97,11.25,10.97,11.25,1600
2009-07-20,10.78,10.85,10.78,10.81,400
2009-07-21,10.87,11.03,10.76,10.86,12400
2009-07-22,10.96,10.96,10.86,10.86,500
2009-07-23,11.46,11.46,10.63,10.94,4200
2009-07-24,10.95,10.96,10.68,10.68,600
2009-07-27,11.41,11.41,10.96,10.96,1300
2009-07-28,11.37,11.39,10.67,11.17,38600
2009-07-29,11.32,11.32,11,11.11,7600
2009-07-30,11.01,11.01,11,11,900
2009-07-31,11.2,12,11.2,11.58,8400
2009-08-03,11.55,11.99,11.55,11.7,7500
2009-08-04,11.64,11.9,11.21,11.9,8100
2009-08-05,11.31,11.5,11.08,11.1,5100
2009-08-06,11.53,11.53,11.25,11.52,2600
2009-08-07,11.11,11.45,11,11.2,9100
2009-08-10,11,11.48,11,11,2500
2009-08-11,11.02,11.08,11.02,11.02,11400
2009-08-12,11.3,11.79,10.91,11,40100
2009-08-13,11.03,11.19,10.75,10.85,7000
2009-08-14,11.4,11.4,11.1,11.1,900
2009-08-17,11.01,11.45,10.75,10.8,1700
2009-08-18,10.85,11.41,10.85,11.41,3000
2009-08-19,11.42,11.5,10.85,10.85,5400
2009-08-20,10.85,10.85,10.85,10.85,0
2009-08-21,11.33,11.33,10.85,10.85,6300
2009-08-24,10.99,11.74,10.8,10.8,9300
2009-08-25,10.9,11.23,10.9,10.9,4800
2009-08-26,11.24,11.24,11.2,11.2,500
2009-08-27,11.1,11.25,10.9,10.9,1900
2009-08-28,10.95,11.16,10.85,10.95,3100
2009-08-31,10.75,10.99,10.25,10.8,16100
2009-09-01,10.58,10.98,10.52,10.97,4900
2009-09-02,10.92,11.17,10.89,11.17,3100
2009-09-03,11.18,11.25,11.13,11.22,3400
2009-09-04,11.22,11.22,11.05,11.05,2900
2009-09-08,10.7,11.22,10.65,10.85,1800
2009-09-09,11.05,11.05,11.05,11.05,500
2009-09-10,11,11,11,11,100
2009-09-11,10.95,10.95,10.7,10.75,1900
2009-09-14,11.04,11.04,10.75,10.9,3100
2009-09-15,11.03,11.05,10.85,10.85,8400
2009-09-16,10.56,10.9,10.5,10.5,7800
2009-09-17,10.5,10.88,10.25,10.32,13500
2009-09-18,10.25,10.51,10.2,10.2,9000
2009-09-21,10.17,10.35,10.15,10.35,1700
2009-09-22,10.5,10.52,10.5,10.52,300
2009-09-23,10.52,10.52,10.26,10.26,200
2009-09-24,10.25,10.84,10.25,10.4,7400
2009-09-25,10.35,10.74,10.33,10.74,800
2009-09-28,10.8,10.8,10.79,10.79,600
2009-09-29,10.56,10.85,10.5,10.5,4000
2009-09-30,10.34,10.66,10.34,10.57,4500
2009-10-01,10.5,10.5,10.36,10.5,1900
2009-10-02,10.38,10.99,10.31,10.4,4300
2009-10-05,10.65,11.1,10.65,10.9,8200
2009-10-06,10.76,10.76,10.76,10.76,100
2009-10-07,10.99,11.05,10.62,11.05,5100
2009-10-08,11.05,11.8,11.03,11.4,12600
2009-10-09,11.07,11.16,11,11.16,1900
2009-10-12,11,11.2,11,11.15,12900
2009-10-13,11.27,11.27,11.27,11.27,200
2009-10-14,11.25,11.36,11.05,11.25,2400
2009-10-15,11.25,11.7,11.25,11.55,12800
2009-10-16,11.55,11.55,11.1,11.3,2600
2009-10-19,11.18,11.23,11.05,11.05,3600
2009-10-20,11.26,11.26,11,11.07,14600
2009-10-21,11.18,11.18,11.15,11.15,2400
2009-10-22,11.03,11.06,11.03,11.03,1700
2009-10-23,11,11.12,11,11,5800
2009-10-26,11.3,11.3,10.92,10.92,1300
2009-10-27,11.05,11.05,11,11,400
2009-10-28,11.1,11.1,11,11,700
2009-10-29,10.83,11,10.83,10.95,22700
2009-10-30,11,11.17,10.85,11.17,5400
2009-11-02,10.95,11.29,10.85,11.12,6900
2009-11-03,11.2,11.2,10.71,10.71,15100
2009-11-04,10.82,10.95,10.74,10.85,6300
2009-11-05,10.85,10.92,10.75,10.9,8600
2009-11-06,10.78,10.78,10.76,10.77,1600
2009-11-09,10.5,10.5,10.09,10.2,12700
2009-11-10,10.2,10.2,9.51,9.51,16100
2009-11-11,9.43,9.66,8.5,8.52,18600
2009-11-12,8.7,8.85,8.2,8.2,3800
2009-11-13,8.18,8.68,8.18,8.25,2800
2009-11-16,8.3,8.49,7.92,7.92,11600
2009-11-17,7.95,8.27,7.8,7.97,26800
2009-11-18,8.01,8.03,7.5,7.5,13400
2009-11-19,7.7,8.06,7.5,7.95,12600
2009-11-20,7.95,8.2,7.7,7.9,11700
2009-11-23,7.86,7.93,7.5,7.55,16200
2009-11-24,7.6,7.78,7.5,7.51,5400
2009-11-25,7.5,7.5,6.15,6.88,46100
2009-11-27,6.5,6.79,6,6.75,19400
2009-11-30,6.91,7.14,6.6,6.66,6600
2009-12-01,6.74,6.75,6.61,6.65,5200
2009-12-02,6.52,6.93,6.5,6.91,25500
2009-12-03,6.9,6.9,6.74,6.9,32600
2009-12-04,6.64,7.25,6.64,6.84,25000
2009-12-07,6.85,6.85,6.5,6.75,9800
2009-12-08,6.75,7.27,6.75,7.27,15200
2009-12-09,7.12,7.37,6.56,7.13,58000
2009-12-10,6.91,7.3,6.91,6.99,9600
2009-12-11,7.14,7.53,6.99,7.23,3300
2009-12-14,7.18,7.31,6.92,6.96,7000
2009-12-15,6.93,7.12,6.93,7,2800
2009-12-16,6.97,7,6.85,6.85,10800
2009-12-17,6.98,6.98,6.6,6.75,14000
2009-12-18,6.56,6.76,6.5,6.5,33600
2009-12-21,6.7,6.7,6.25,6.35,25700
2009-12-22,6.35,6.72,6.35,6.7,7800
2009-12-23,6.64,6.7,6.22,6.3,30700
2009-12-24,6.3,6.42,6.26,6.36,3200
2009-12-28,6.31,6.4,6.22,6.3,33900
2009-12-29,6.3,6.3,6.2,6.2,15500
2009-12-30,6.32,6.33,6,6.05,12700
2009-12-31,6.06,6.15,5.88,6,42300
2010-01-04,5.85,6.09,5.81,5.91,21000
2010-01-05,5.97,6,5.95,5.96,5800
2010-01-06,5.9,6,5.9,5.99,11700
2010-01-07,6,6.04,5.95,6,22000
2010-01-08,6,6.35,5.99,6.04,41600
2010-01-11,6.14,6.14,5.96,5.96,16900
2010-01-12,5.92,6.02,5.92,5.99,11500
2010-01-13,6,6.02,5.93,6.02,5200
2010-01-14,6,6.04,5.99,6.02,3500
2010-01-15,5.96,6.04,5.96,6.02,5900
2010-01-19,6.03,6.08,6,6,3600
2010-01-20,6.08,6.08,5.97,6,6000
2010-01-21,5.96,6.06,5.96,6.04,5300
2010-01-22,5.96,6.13,5.96,6.13,5300
2010-01-25,6.03,6.29,6.01,6.29,17300
2010-01-26,6.25,7.36,6.25,6.28,56400
2010-01-27,6.3,6.87,6.18,6.28,30900
2010-01-28,6.25,6.26,6.18,6.2,11200
2010-01-29,6.2,6.2,5.9,5.9,32800
2010-02-01,5.99,6.13,5.85,5.9,34700
2010-02-02,5.85,5.9,5.7,5.7,18400
2010-02-03,5.6,5.7,5.5,5.54,18800
2010-02-04,5.54,5.65,5.53,5.61,1800
2010-02-05,5.7,5.7,5.5,5.5,6700
2010-02-08,5.65,5.75,5.5,5.74,3600
2010-02-09,5.4,5.72,5.4,5.71,1800
2010-02-10,5.73,5.73,5.51,5.51,1900
2010-02-11,5.74,5.74,5.74,5.74,600
2010-02-12,5.71,5.71,5.42,5.51,3900
2010-02-16,5.54,5.93,5.54,5.71,6400
2010-02-17,5.85,5.92,5.66,5.74,8000
2010-02-18,5.74,5.74,5.74,5.74,0
2010-02-19,5.78,5.78,5.62,5.69,3700
2010-02-22,5.7,5.94,5.62,5.87,13000
2010-02-23,5.89,5.9,5.7,5.9,3500
2010-02-24,5.85,5.85,5.85,5.85,1400
2010-02-25,5.9,5.9,5.8,5.9,2100
2010-02-26,5.9,5.95,5.75,5.75,4100
2010-03-01,5.79,5.79,5.67,5.79,800
2010-03-02,5.96,5.96,5.92,5.92,300
2010-03-03,5.7,5.95,5.68,5.84,900
2010-03-04,5.95,5.95,5.75,5.8,3900
2010-03-05,5.8,5.85,5.8,5.8,6400
2010-03-08,5.74,5.74,5.55,5.62,23200
2010-03-09,5.6,5.67,5.57,5.67,6000
2010-03-10,5.7,5.7,5.65,5.65,6400
2010-03-11,5.57,5.8,5.57,5.72,7100
2010-03-12,5.76,5.88,5.75,5.85,9200
2010-03-15,5.41,5.65,4.66,5.43,51100
2010-03-16,4.73,5.64,4.72,5.1,28200
2010-03-17,5.1,5.65,5.1,5.6,26200
2010-03-18,5.65,6.29,5.64,6.18,42000
2010-03-19,6.23,6.32,5.8,6.32,28500
2010-03-22,6.23,6.3,5.9,6.25,5600
2010-03-23,6,6.24,5.91,6.24,2200
2010-03-24,6.15,6.25,5.92,6.14,3000
2010-03-25,5.94,6.15,5.92,5.92,2000
2010-03-26,5.99,6,5.99,5.99,1100
2010-03-29,5.9,5.92,5.8,5.9,9000
2010-03-30,5.81,5.85,5.67,5.85,7600
2010-03-31,5.85,6.06,5.85,6,4500
2010-04-01,6,6.01,5.82,5.87,19300
2010-04-05,5.66,6,5.66,6,6200
2010-04-06,6,6.05,5.94,6,10300
2010-04-07,5.98,6.2,5.98,6.16,7000
2010-04-08,6.25,6.25,6,6.02,11100
2010-04-09,6.13,6.15,6.06,6.15,4100
2010-04-12,5.81,6.2,5.8,6.02,4300
2010-04-13,5.95,6.19,5.95,6.12,4400
2010-04-14,6.11,6.14,6.05,6.05,2600
2010-04-15,6.01,6.01,5.8,6.01,5300
2010-04-16,6,6.02,6,6,2800
2010-04-19,6.07,6.07,5.71,5.81,2500
2010-04-20,5.81,6.11,5.8,6.06,5700
2010-04-21,6.09,6.3,5.94,6.24,5500
2010-04-22,6.27,6.5,6.27,6.32,7700
2010-04-23,6.32,6.7,6.16,6.63,10200
2010-04-26,6.63,7.12,6.48,6.55,38300
2010-04-27,6.62,6.99,6.45,6.65,3900
2010-04-28,6.6,6.96,6.29,6.31,4700
2010-04-29,6.63,6.64,6.5,6.55,3900
2010-04-30,6.58,6.65,6.56,6.65,2900
2010-05-03,6.65,6.65,6.52,6.52,1200
2010-05-04,6.49,6.65,6.49,6.65,1600
2010-05-05,6.35,6.53,6.35,6.53,800
2010-05-06,6.51,6.7,6.5,6.5,5700
2010-05-07,6.55,6.55,6.05,6.16,6400
2010-05-10,6.41,6.52,6.2,6.26,2200
2010-05-11,6.32,6.32,6.17,6.29,1300
2010-05-12,6.28,6.29,6.16,6.29,4200
2010-05-13,6.35,6.44,5.95,6.05,30100
2010-05-14,6.01,6.09,5.65,5.97,5300
2010-05-17,5.98,6.06,5.8,5.83,1400
2010-05-18,5.82,6.1,5.51,5.91,7000
2010-05-19,5.86,5.87,5.51,5.51,2600
2010-05-20,5.58,5.72,5.34,5.69,19500
2010-05-21,5.81,5.81,5.69,5.69,1200
2010-05-24,5.6,5.97,5.6,5.78,13300
2010-05-25,5.79,5.8,5.7,5.7,1600
2010-05-26,5.75,5.75,5.6,5.6,700
2010-05-27,5.6,5.6,5.59,5.59,200
2010-05-28,5.72,5.75,5.6,5.75,2400
2010-06-01,5.75,5.75,5.5,5.5,4200
2010-06-02,5.65,5.65,5.25,5.48,8600
2010-06-03,5.5,5.5,5.4,5.4,500
2010-06-04,5.4,5.4,5.25,5.25,1800
2010-06-07,5.26,5.34,4.77,4.95,12500
2010-06-08,5,5.24,4.14,4.56,13600
2010-06-09,4.47,4.94,4.47,4.62,8600
2010-06-10,4.45,4.45,4.06,4.2,34500
2010-06-11,4.2,4.3,3.96,4.08,33200
2010-06-14,4.1,4.25,3.9,3.95,11600
2010-06-15,3.99,4.65,3.99,4.61,18000
2010-06-16,4.6,4.67,4.1,4.35,20000
2010-06-17,4.44,4.44,4.03,4.09,12100
2010-06-18,4.15,4.5,4.15,4.5,3700
2010-06-21,4.31,4.35,4.29,4.29,2500
2010-06-22,4.56,4.56,4.36,4.36,2300
2010-06-23,4.22,4.26,4.04,4.26,6200
2010-06-24,4.21,4.21,4,4.09,2800
2010-06-25,4.09,4.09,4.09,4.09,0
2010-06-28,4.4,4.4,3.95,3.95,11400
2010-06-29,3.98,4.14,3.92,4.05,13000
2010-06-30,4,4.1,3.8,3.9,19600
2010-07-01,3.66,4.18,3.66,3.97,17400
2010-07-02,4.05,4.17,3.88,4,2400
2010-07-06,4.07,4.35,4.07,4.22,5200
2010-07-07,4.14,4.29,4.11,4.11,2000
2010-07-08,4.25,4.29,4.16,4.23,3800
2010-07-09,4.15,4.31,4.15,4.21,600
2010-07-12,4.3,4.3,4.26,4.26,2600
2010-07-13,4.31,4.95,4.21,4.21,38000
2010-07-14,4.28,4.28,4.13,4.13,1000
2010-07-15,4.15,4.15,4.08,4.15,600
2010-07-16,4.02,4.05,3.89,3.89,1600
2010-07-19,4.1,4.19,3.9,3.9,7400
2010-07-20,3.95,3.95,3.9,3.94,1000
2010-07-21,4,4,3.99,4,5400
2010-07-22,4.12,4.12,4.03,4.06,800
2010-07-23,4.06,4.06,4,4,6000
2010-07-26,3.97,4,3.92,3.95,9300
2010-07-27,4,4.05,3.92,3.92,2000
2010-07-28,3.95,3.96,3.93,3.96,700
2010-07-29,3.96,3.96,3.92,3.92,1800
2010-07-30,3.92,3.92,3.92,3.92,0
2010-08-02,3.92,4,3.89,3.97,4000
2010-08-03,3.9,3.92,3.89,3.9,2400
2010-08-04,3.89,3.89,3.89,3.89,200
2010-08-05,3.83,3.9,3.66,3.73,6400
2010-08-06,3.7,3.85,3.65,3.65,11400
2010-08-09,3.57,3.94,3.32,3.79,20400
2010-08-10,3.71,3.78,3.71,3.78,400
2010-08-11,3.84,3.92,3.63,3.8,5600
2010-08-12,3.69,3.85,3.69,3.85,1400
2010-08-13,3.8,4.05,3.8,3.95,12000
2010-08-16,3.95,4.06,3.95,4.05,1200
2010-08-17,4.02,4.12,4.02,4.12,3400
2010-08-18,4,4.22,4,4.22,1400
2010-08-19,4,4.25,4,4.25,6500
2010-08-20,4.42,4.42,4,4.02,6000
2010-08-23,4,4.04,4,4.04,1200
2010-08-24,4.02,4.2,4,4.15,4000
2010-08-25,4.13,4.13,4,4.02,6200
2010-08-26,4.08,4.37,4,4.35,7500
2010-08-27,4.05,4.1,4.04,4.1,1200
2010-08-30,4.02,4.02,4,4,1600
2010-08-31,4.01,4.05,4,4.05,700
2010-09-01,4.02,4.12,4,4.04,14400
2010-09-02,4,4.05,4,4.05,8700
2010-09-03,4,4.05,4,4.05,900
2010-09-07,4.05,4.2,4.05,4.19,2600
2010-09-08,4.05,4.1,4.05,4.1,800
2010-09-09,4.06,4.07,4.06,4.07,1100
2010-09-10,4.05,4.1,4,4,2300
2010-09-13,4.05,4.1,4,4.02,11600
2010-09-14,4.02,4.02,4,4,2800
2010-09-15,4,4.05,4,4.02,1900
2010-09-16,4.1,4.24,4.04,4.06,700
2010-09-17,4.04,4.6,4.04,4.6,2700
2010-09-20,4.53,4.6,4.18,4.6,5800
2010-09-21,4.37,4.99,4.1,4.77,10600
2010-09-22,4.77,5.04,4.54,5.04,1600
2010-09-23,4.79,4.81,4.64,4.64,1700
2010-09-24,4.5,4.5,4.5,4.5,100
2010-09-27,4.5,4.51,4.5,4.5,900
2010-09-28,4.52,4.56,4.52,4.55,900
2010-09-29,4.45,4.87,4.22,4.22,6100
2010-09-30,4.22,4.8,4.16,4.16,5300
2010-10-01,4.65,4.65,4.28,4.4,2500
2010-10-04,4.44,4.44,4.44,4.44,200
2010-10-05,4.34,4.34,4.3,4.3,1300
2010-10-06,4.35,4.35,4.17,4.24,3200
2010-10-07,4.4,4.45,4.4,4.45,1000
2010-10-08,4.6,4.64,4.31,4.36,3600
2010-10-11,4.6,4.6,4.09,4.11,5000
2010-10-12,4.34,4.64,4.21,4.25,1600
2010-10-13,4.25,4.27,4.21,4.21,4500
2010-10-14,4.41,4.5,4.21,4.45,6600
2010-10-15,4.45,4.45,4.45,4.45,0
2010-10-18,4.27,4.27,4,4.1,13200
2010-10-19,4.2,4.34,4.2,4.23,5000
2010-10-20,4.34,4.38,4.33,4.34,3800
2010-10-21,4.2,4.24,4.2,4.24,1300
2010-10-22,4.25,4.34,4.22,4.22,1000
2010-10-25,4.22,4.22,4.2,4.2,2500
2010-10-26,4.16,4.18,4.16,4.18,700
2010-10-27,4.16,4.16,4.16,4.16,700
2010-10-28,4.18,4.18,4.16,4.16,500
2010-10-29,4.16,4.16,4.16,4.16,300
2010-11-01,4.19,4.2,4.19,4.2,400
2010-11-02,4.18,4.19,4.18,4.19,1900
2010-11-03,4.15,4.15,4.01,4.1,3700
2010-11-04,4.1,4.15,4.1,4.15,4400
2010-11-05,4.15,4.68,4.11,4.68,12600
2010-11-08,4.5,4.88,4.41,4.71,20600
2010-11-09,4.75,4.75,4.7,4.7,11300
2010-11-10,4.55,4.6,4.55,4.6,600
2010-11-11,4.56,4.56,4.33,4.5,8900
2010-11-12,4.54,4.6,4.5,4.5,5600
2010-11-15,4.6,4.6,4.5,4.5,4400
2010-11-16,4.7,5,4.5,4.98,4400
2010-11-17,4.97,4.97,4.63,4.89,4700
2010-11-18,4.97,4.97,4.21,4.21,8700
2010-11-19,4.5,4.5,4.3,4.37,900
2010-11-22,4.37,4.37,4.15,4.15,4000
2010-11-23,4.2,4.2,4.01,4.01,6100
2010-11-24,4.01,4.01,3.77,3.85,10900
2010-11-26,3.85,3.85,3.77,3.85,1100
2010-11-29,3.85,4.02,3.75,3.78,9000
2010-11-30,3.89,4.08,3.81,3.88,7500
2010-12-01,3.93,4.01,3.93,4,7500
2010-12-02,4,4.05,3.9,3.93,3200
2010-12-03,3.83,3.84,3.82,3.82,3200
2010-12-06,3.82,3.85,3.82,3.82,2200
2010-12-07,4,4,3.82,3.86,4400
2010-12-08,3.86,3.86,3.82,3.82,2200
2010-12-09,3.89,3.89,3.5,3.65,8000
2010-12-10,3.71,3.71,3.55,3.57,2700
2010-12-13,3.75,3.89,3.6,3.64,8200
2010-12-14,3.72,3.72,3.5,3.5,2000
2010-12-15,3.64,3.64,3.45,3.6,7300
2010-12-16,3.5,3.56,3.46,3.5,22800
2010-12-17,3.5,3.51,3.48,3.49,18800
2010-12-20,3.5,3.6,3.39,3.39,10700
2010-12-21,3.4,3.5,3.35,3.49,5600
2010-12-22,3.42,3.49,3.21,3.4,8200
2010-12-23,3.35,3.39,3.16,3.29,15300
2010-12-27,3.29,3.48,3.06,3.23,20200
2010-12-28,3.15,3.27,3.15,3.25,3500
2010-12-29,3.25,3.48,3.25,3.48,5900
2010-12-30,3.5,3.5,3.37,3.37,12200
2010-12-31,3.37,3.5,3.13,3.43,25400
2011-01-03,3.5,3.52,3.35,3.52,14600
2011-01-04,3.65,3.72,3.55,3.72,10400
2011-01-05,3.69,4.36,3.49,4.2,16000
2011-01-06,4.22,4.51,4.08,4.45,15000
2011-01-07,4.45,4.45,4.3,4.34,4800
2011-01-10,4.15,4.49,4.15,4.35,1700
2011-01-11,4.25,4.44,4.25,4.44,5900
2011-01-12,4.43,4.5,4.4,4.4,3200
2011-01-13,4.49,4.5,4.35,4.4,7700
2011-01-14,4.33,4.45,4.23,4.33,1800
2011-01-18,4.16,4.18,4.16,4.18,600
2011-01-19,4.93,4.93,4.18,4.49,3500
2011-01-20,4.2,4.5,4.16,4.41,4400
2011-01-21,4.17,4.5,4.17,4.43,3800
2011-01-24,4.62,4.64,4.4,4.5,3600
2011-01-25,4.42,4.42,4.17,4.17,2700
2011-01-26,4.17,4.17,4.17,4.17,100
2011-01-27,4.35,4.41,4.35,4.4,2600
2011-01-28,4.45,4.5,4.19,4.4,5400
2011-01-31,4.2,4.4,4.17,4.2,11600
2011-02-01,4.2,4.35,4.15,4.15,1000
2011-02-02,4.18,4.25,4.18,4.25,2000
2011-02-03,4.3,4.3,4,4.25,1900
2011-02-04,4.01,4.23,4,4.05,9300
2011-02-07,4.02,4.02,3.97,3.97,1100
2011-02-08,3.95,3.95,3.95,3.95,800
2011-02-09,3.98,3.98,3.9,3.9,2800
2011-02-10,3.9,3.9,3.64,3.9,7700
2011-02-11,3.96,4,3.96,3.98,6500
2011-02-14,4.04,4.04,3.64,3.8,8600
2011-02-15,3.84,3.86,3.5,3.6,11100
2011-02-16,3.62,3.62,3.54,3.56,3100
2011-02-17,3.6,3.6,3.6,3.6,300
2011-02-18,3.59,4.2,3.56,3.63,10900
2011-02-22,3.6,3.61,3.6,3.6,1500
2011-02-23,3.52,3.8,3.52,3.71,2100
2011-02-24,3.78,3.88,3.6,3.78,2700
2011-02-25,3.87,3.89,3.6,3.65,2000
2011-02-28,3.65,3.7,3.65,3.7,600
2011-03-01,3.68,3.68,3.67,3.67,1200
2011-03-02,3.75,3.85,3.65,3.85,5000
2011-03-03,3.76,3.76,3.6,3.65,2900
2011-03-04,3.67,3.75,3.43,3.45,29100
2011-03-07,3.38,3.39,3.38,3.39,1200
2011-03-08,3.37,3.37,3.12,3.29,6500
2011-03-09,3.2,3.37,3,3.15,39000
2011-03-10,3.1,3.1,3,3,6300
2011-03-11,3,3.07,3,3.04,11200
2011-03-14,3.04,3.37,2.95,2.95,15300
2011-03-15,2.78,3.25,2.76,2.93,4200
2011-03-16,2.92,2.92,2.9,2.9,12200
2011-03-17,2.92,3,2.92,2.93,2000
2011-03-18,3.1,3.2,2.93,3.2,7300
2011-03-21,3.23,3.23,3.07,3.14,1700
2011-03-22,3.1,3.15,3.1,3.15,6700
2011-03-23,3.1,3.15,3.09,3.1,8700
2011-03-24,3.09,3.1,3.09,3.09,4100
2011-03-25,3.09,3.09,3.09,3.09,1000
2011-03-28,3.13,3.13,3,3.01,3800
2011-03-29,3.05,3.2,3.05,3.2,600
2011-03-30,3.2,3.2,3.2,3.2,0
2011-03-31,3.14,3.15,3.01,3.09,5600
2011-04-01,3.25,3.25,3.05,3.15,3700
2011-04-04,3.21,3.21,3.05,3.1,2500
2011-04-05,3.09,3.25,3.07,3.08,5800
2011-04-06,3.07,3.1,3.07,3.07,1400
2011-04-07,3.01,3.05,2.98,3,8700
2011-04-08,2.98,3,2.92,2.98,4500
2011-04-11,2.97,3.5,2.97,3.13,13400
2011-04-12,3.14,3.15,3.08,3.08,3800
2011-04-13,3.09,3.12,2.98,3.1,7100
2011-04-14,3.01,3.04,3.01,3.01,3200
2011-04-15,3.26,3.9,3.01,3.11,9600
2011-04-18,3.12,3.31,3.11,3.18,4300
2011-04-19,3.12,3.38,3.12,3.38,2100
2011-04-20,3.34,3.34,3.19,3.19,3000
2011-04-21,3.21,3.29,3.2,3.29,2000
2011-04-25,3.3,3.3,3.2,3.27,6400
2011-04-26,3.19,3.32,3.11,3.12,9400
2011-04-27,3.34,3.34,3.15,3.15,1600
2011-04-28,3.16,3.21,3.16,3.21,600
2011-04-29,3.5,3.54,3.31,3.48,13000
2011-05-02,3.61,4,3.61,4,16000
2011-05-03,4.25,5.15,4.03,4.24,57000
2011-05-04,4.3,4.35,4.08,4.08,21600
2011-05-05,4.01,4.3,4.01,4.2,25600
2011-05-06,4.19,4.25,4.15,4.25,4300
2011-05-09,4.36,4.6,4.36,4.45,17000
2011-05-10,4.41,4.41,4.32,4.39,16000
2011-05-11,4.5,4.7,4.4,4.7,8600
2011-05-12,4.63,4.7,4.6,4.7,3700
2011-05-13,4.7,4.84,4.69,4.84,5200
2011-05-16,4.81,5,4.81,5,8200
2011-05-17,5.02,5.45,4.69,5,23100
2011-05-18,5.01,5.14,4.9,5.06,10000
2011-05-19,5.07,5.15,5.03,5.09,1900
2011-05-20,5.02,5.96,5.02,5.64,14100
2011-05-23,5.67,6,5.67,5.77,15900
2011-05-24,5.8,5.8,5.55,5.6,5100
2011-05-25,5.63,5.65,5.54,5.54,3700
2011-05-26,5.51,5.51,5.26,5.26,4100
2011-05-27,5.4,5.54,5.27,5.35,7000
2011-05-31,5.33,5.33,5.04,5.1,9400
2011-06-01,5.45,5.45,5.02,5.2,15000
2011-06-02,5.16,5.35,5,5.14,7800
2011-06-03,5.26,5.28,5.26,5.28,2200
2011-06-06,5.34,5.34,5.07,5.07,1600
2011-06-07,5.13,5.25,5.08,5.25,1800
2011-06-08,5.31,5.43,5.25,5.27,5100
2011-06-09,5.25,5.42,5.25,5.28,1100
2011-06-10,5.3,5.45,5.15,5.41,9700
2011-06-13,5.45,5.45,5.15,5.21,3300
2011-06-14,5.16,5.43,5.07,5.28,4700
2011-06-15,5.28,5.45,5.05,5.15,28300
2011-06-16,5.17,5.45,5.16,5.44,1900
2011-06-17,5.4,5.54,5.09,5.54,7100
2011-06-20,5.63,5.65,5.17,5.21,6700
2011-06-21,5.16,5.17,5,5.05,17800
2011-06-22,5.05,5.05,4.41,4.64,19100
2011-06-23,4.81,4.81,4.49,4.58,6700
2011-06-24,4.56,4.84,4.35,4.84,18700
2011-06-27,5.12,5.29,5.07,5.24,5900
2011-06-28,5.19,5.4,5.19,5.4,4400
2011-06-29,5.22,5.5,4.82,4.89,19400
2011-06-30,5.25,5.33,4.92,4.97,6300
2011-07-01,5,5.35,5,5.13,2000
2011-07-05,5.06,5.08,3.91,4.51,15700
2011-07-06,4.52,4.56,4.51,4.51,400
2011-07-07,4.51,4.51,4.22,4.32,2500
2011-07-08,4.4,4.4,4.1,4.1,2600
2011-07-11,4.16,4.16,4.06,4.08,2300
2011-07-12,3.82,4.28,3.8,4.28,2700
2011-07-13,4.25,4.7,4.25,4.26,2900
2011-07-14,4.4,5.19,4.4,5.14,10300
2011-07-15,5.1,5.22,5,5.1,7100
2011-07-18,4.9,5.5,4.86,5.29,5600
2011-07-19,5.3,5.33,5.09,5.22,7400
2011-07-20,5.29,5.29,4.93,5.23,2500
2011-07-21,5.18,5.18,4.96,5.06,1500
2011-07-22,4.99,5.01,4.97,5.01,18400
2011-07-25,4.96,5,4.96,4.97,4000
2011-07-26,4.97,5,4.96,4.96,3200
2011-07-27,4.96,5.14,4.96,5,3200
2011-07-28,4.97,5,4.97,4.98,1600
2011-07-29,4.98,5.04,4.98,5,2900
2011-08-01,5,5.29,4.99,5.06,4800
2011-08-02,5.09,5.15,5,5,10400
2011-08-03,5.08,5.15,5,5.01,6100
2011-08-04,5.06,5.12,5,5.11,5800
2011-08-05,5,5,5,5,8100
2011-08-08,5.34,5.34,4.9,5.05,11000
2011-08-09,5,5.13,5,5,3200
2011-08-10,5.01,5.13,4.82,4.82,5300
2011-08-11,5,5.01,5,5,700
2011-08-12,5.05,5.09,4.75,4.75,7200
2011-08-15,4.9,4.9,4.73,4.73,2200
2011-08-16,4.76,5,4.76,4.95,1000
2011-08-17,4.82,4.82,4.82,4.82,100
2011-08-18,4.82,4.82,4.5,4.65,5000
2011-08-19,4.65,4.75,4.65,4.65,1000
2011-08-22,4.75,4.75,4.66,4.68,1000
2011-08-23,4.69,4.75,4.46,4.47,7700
2011-08-24,4.47,4.47,4.26,4.4,1900
2011-08-25,4.4,4.41,4.4,4.41,5500
2011-08-26,4.4,4.55,4.4,4.45,2700
2011-08-29,4.46,4.5,4.4,4.5,600
2011-08-30,4.5,4.5,4.5,4.5,0
2011-08-31,4.48,4.48,4.4,4.4,1000
2011-09-01,4.37,4.37,4,4.21,1800
2011-09-02,4.19,4.19,3.63,3.8,2200
2011-09-06,3.91,3.91,3.91,3.91,200
2011-09-07,4.49,4.49,4.1,4.1,1600
2011-09-08,4.07,4.07,3.85,4,9400
2011-09-09,4,4,4,4,0
2011-09-12,3.75,3.94,3.75,3.94,600
2011-09-13,3.88,4,3.88,3.96,1100
2011-09-14,3.96,3.96,3.96,3.96,0
2011-09-15,3.86,4.1,3.86,4.02,1400
2011-09-16,4.17,4.17,4.17,4.17,100
2011-09-19,4.17,4.17,4.17,4.17,0
2011-09-20,3.97,3.97,3.38,3.83,2200
2011-09-21,4.4,4.4,4,4,1200
2011-09-22,3.91,3.91,3.91,3.91,100
2011-09-23,3.77,3.92,3.75,3.92,900
2011-09-26,3.77,3.8,3.38,3.38,7800
2011-09-27,3.53,3.55,3.45,3.45,5800
2011-09-28,3.45,3.45,3.4,3.4,4200
2011-09-29,3.5,3.56,3.45,3.45,4000
2011-09-30,3.4,3.99,3.4,3.66,3000
2011-10-03,3.4,3.68,3.4,3.44,10300
2011-10-04,3.44,3.53,3.4,3.53,1000
2011-10-05,3.48,4,3.48,3.63,4000
2011-10-06,3.4,3.45,3.04,3.18,9800
2011-10-07,3.26,3.74,3.26,3.38,7200
2011-10-10,3.72,3.72,3.5,3.5,6600
2011-10-11,3.34,3.72,3.34,3.56,4900
2011-10-12,3.56,3.56,3.56,3.56,0
2011-10-13,3.56,3.56,3.56,3.56,0
2011-10-14,3.37,3.43,3.37,3.43,1500
2011-10-17,3.6,3.6,3.26,3.43,8000
2011-10-18,3.41,3.43,3.24,3.25,3100
2011-10-19,3.3,3.32,3.2,3.2,3700
2011-10-20,3.21,3.26,3.2,3.2,1400
2011-10-21,3.23,3.27,3.2,3.27,1000
2011-10-24,3.42,3.5,3.41,3.46,2900
2011-10-25,3.6,4.37,3.56,4.09,7900
2011-10-26,4.81,4.81,4.06,4.23,7200
2011-10-27,4.02,4.2,4.01,4.14,2600
2011-10-28,4,4.01,3.53,3.8,7400
2011-10-31,3.72,4.16,3.72,3.94,1000
2011-11-01,3.72,4.11,3.72,4.02,900
2011-11-02,4.05,4.18,3.9,3.95,2500
2011-11-03,3.75,3.75,3.75,3.75,300
2011-11-04,3.74,3.85,3.74,3.85,500
2011-11-07,3.78,3.87,3.78,3.78,3900
2011-11-08,3.78,3.78,3.78,3.78,200
2011-11-09,3.81,3.81,3.78,3.78,800
2011-11-10,3.78,3.78,3.5,3.52,6300
2011-11-11,3.51,3.69,3.27,3.37,21800
2011-11-14,3.49,3.49,3.2,3.37,9400
2011-11-15,3.45,3.74,3.45,3.73,4300
2011-11-16,3.74,3.96,3.7,3.7,4700
2011-11-17,3.65,3.85,3.5,3.5,13100
2011-11-18,3.52,3.55,3.52,3.55,1000
2011-11-21,3.55,3.57,3.54,3.57,500
2011-11-22,3.52,3.54,3.5,3.5,900
2011-11-23,3.55,3.58,3.39,3.39,2500
2011-11-25,3.44,3.44,3.36,3.36,200
2011-11-28,3.7,4.05,3.5,3.5,3500
2011-11-29,3.52,3.52,3.3,3.45,9500
2011-11-30,3.34,3.5,2.93,3.04,21800
2011-12-01,3.26,3.43,3.26,3.38,7700
2011-12-02,3.15,3.18,3.05,3.08,11900
2011-12-05,3.07,3.15,3.07,3.07,5200
2011-12-06,3.12,3.37,3.07,3.16,8900
2011-12-07,3.15,3.26,3.15,3.15,4400
2011-12-08,3.26,3.26,3.1,3.1,2300
2011-12-09,3.05,3.12,3.05,3.1,1900
2011-12-12,3.06,3.25,3.06,3.13,9300
2011-12-13,3.15,3.15,3.11,3.11,2800
2011-12-14,3.24,3.38,3.21,3.26,11800
2011-12-15,3.3,3.46,3.14,3.19,8500
2011-12-16,3.21,3.21,3.2,3.2,14100
2011-12-19,3.11,3.16,3.11,3.12,4400
2011-12-20,3.15,3.17,3.15,3.17,2300
2011-12-21,3.17,3.2,3.15,3.15,3300
2011-12-22,3.15,3.16,3.11,3.11,6300
2011-12-23,3.05,3.18,3.05,3.13,1600
2011-12-27,3.07,3.14,3.01,3.05,12900
2011-12-28,3.03,3.05,2.98,3.04,10000
2011-12-29,3.04,3.08,3.04,3.06,8800
2011-12-30,3.14,3.25,3.06,3.16,5600
2012-01-03,3.21,3.4,3.16,3.4,2100
2012-01-04,3.26,3.26,3.17,3.25,1100
2012-01-05,3.25,3.36,3.24,3.24,1900
2012-01-06,3.22,3.23,3.2,3.2,2100
2012-01-09,3.2,3.2,3.2,3.2,1200
2012-01-10,3.2,3.26,3.2,3.25,4000
2012-01-11,3.25,3.25,3.25,3.25,0
2012-01-12,3.24,3.32,3.2,3.2,2900
2012-01-13,3.2,3.22,3.2,3.22,2200
2012-01-17,3.24,3.31,3.2,3.2,2900
2012-01-18,3.21,3.28,3.2,3.2,1500
2012-01-19,3.25,3.29,3.2,3.27,3100
2012-01-20,3.23,3.35,3.22,3.35,2300
2012-01-23,3.25,3.25,3.25,3.25,1000
2012-01-24,3.32,3.32,3.26,3.26,300
2012-01-25,3.33,3.42,3.33,3.4,7100
2012-01-26,3.44,3.52,3.44,3.52,2900
2012-01-27,3.26,3.34,3.26,3.34,700
2012-01-30,3.35,3.47,3.27,3.45,2000
2012-01-31,3.41,3.65,3.31,3.48,2200
2012-02-01,3.65,3.65,3.59,3.63,700
2012-02-02,3.38,3.5,3.37,3.5,1500
2012-02-03,3.5,3.51,3.5,3.51,300
2012-02-06,3.51,3.51,3.51,3.51,0
2012-02-07,3.6,3.76,3.6,3.63,1100
2012-02-08,3.61,3.7,3.6,3.7,500
2012-02-09,3.75,3.76,3.75,3.75,1100
2012-02-10,3.75,3.85,3.55,3.75,5500
2012-02-13,3.65,3.89,3.65,3.66,7700
2012-02-14,3.75,3.78,3.74,3.78,4400
2012-02-15,3.99,3.99,3.78,3.85,2900
2012-02-16,4,4.98,4,4.95,37200
2012-02-17,4.95,5.25,4.95,5.12,4500
2012-02-21,5.47,5.58,5.36,5.5,10000
2012-02-22,5.6,5.6,5.18,5.32,900
2012-02-23,5.31,5.37,5.2,5.37,4600
2012-02-24,5.27,5.3,5.27,5.3,1600
2012-02-27,5.32,5.32,5.02,5.3,1500
2012-02-28,5.3,5.6,5.02,5.33,7600
2012-02-29,5.2,5.31,5.19,5.31,3700
2012-03-01,5.34,5.34,5.16,5.3,5600
2012-03-02,5.28,5.3,5.21,5.3,1600
2012-03-05,5.02,5.25,4.86,5.25,10800
2012-03-06,5.03,5.03,4.95,5.02,2500
2012-03-07,4.76,4.94,4.76,4.94,500
2012-03-08,4.79,4.86,4.76,4.86,1700
2012-03-09,4.82,5.2,4.82,4.9,1600
2012-03-12,4.9,4.95,4.76,4.76,1500
2012-03-13,4.79,5.1,4.79,5.01,600
2012-03-14,5.03,5.1,4.8,5.02,600
2012-03-15,5.02,5.02,5.02,5.02,700
2012-03-16,5.27,5.27,4.92,4.93,1100
2012-03-19,4.97,5.07,4.95,5.06,2100
2012-03-20,5.06,5.06,5.01,5.06,11600
2012-03-21,5.08,5.84,5,5.38,8600
2012-03-22,5.4,5.75,5.4,5.67,27400
2012-03-23,5.75,5.9,5.5,5.65,1400
2012-03-26,5.75,5.8,5.64,5.8,7000
2012-03-27,5.74,5.74,5.62,5.62,400
2012-03-28,5.75,5.75,5.52,5.52,1100
2012-03-29,5.5,5.86,5.5,5.86,600
2012-03-30,5.77,6.48,5.75,6,5000
2012-04-02,6.18,6.5,5.75,6.35,20100
2012-04-03,6.45,6.5,6,6.15,3700
2012-04-04,6.15,6.15,6.15,6.15,0
2012-04-05,6.07,7.92,6.07,7.5,139500
2012-04-09,7.3,7.75,7.26,7.72,26200
2012-04-10,7.83,7.83,7.47,7.5,15100
2012-04-11,7.5,7.6,7.47,7.53,8900
2012-04-12,7.5,7.54,7.5,7.5,11100
2012-04-13,7.59,7.98,7.5,7.67,24600
2012-04-16,7.52,7.84,7.5,7.7,10000
2012-04-17,7.7,7.84,7.13,7.79,5700
2012-04-18,7.8,7.8,7.7,7.7,2100
2012-04-19,7.7,7.75,7.7,7.7,900
2012-04-20,7.7,7.86,7.7,7.86,3200
2012-04-23,7.9,8.5,7.9,8,26800
2012-04-24,8.1,8.1,7.84,8.07,56500
2012-04-25,8.1,8.2,8.1,8.2,39100
2012-04-26,8.6,8.6,8.19,8.24,74500
2012-04-27,8.24,8.26,8.14,8.16,9900
2012-04-30,8.08,8.3,8.08,8.26,49000
2012-05-01,8.29,8.5,8.29,8.4,26000
2012-05-02,8.4,8.4,7.36,8,28400
2012-05-03,8,8,6.76,7.04,29000
2012-05-04,7.06,7.15,6.5,6.8,26800
2012-05-07,6.66,6.66,6.32,6.38,6000
2012-05-08,6.38,6.38,6.1,6.17,15900
2012-05-09,6,6,5.81,5.96,4900
2012-05-10,6.08,6.27,5.81,6.21,9500
2012-05-11,6.3,6.3,6,6,2400
2012-05-14,5.97,6.27,5.97,6.07,6600
2012-05-15,5.94,6.27,5.94,6,3000
2012-05-16,6,6,5.58,5.69,3800
2012-05-17,5.61,6.25,5.32,5.32,3100
2012-05-18,5.34,5.79,5.2,5.41,4300
2012-05-21,5.57,5.57,5.07,5.3,5500
2012-05-22,5.3,5.3,4.97,4.97,1300
2012-05-23,5.16,5.5,5.16,5.29,1900
2012-05-24,5.43,5.75,5.29,5.75,3700
2012-05-25,5.69,5.73,5.69,5.73,1100
2012-05-29,5.59,5.59,5.59,5.59,500
2012-05-30,5.71,5.71,5.39,5.55,4100
2012-05-31,5.45,5.45,5.45,5.45,300
2012-06-01,5.4,5.46,5.07,5.07,5800
2012-06-04,5.09,5.15,5,5.15,11700
2012-06-05,5.11,5.11,4.97,4.97,1600
2012-06-06,4.77,5.05,4.75,4.75,4500
2012-06-07,4.87,4.87,4.55,4.55,3300
2012-06-08,4.44,4.56,4.25,4.26,2300
2012-06-11,4.07,4.82,4.07,4.45,4500
2012-06-12,4.3,4.5,4.27,4.5,1600
2012-06-13,4.32,4.41,4.3,4.36,5400
2012-06-14,4.27,4.49,4.27,4.41,7700
2012-06-15,4.7,4.79,4.53,4.79,32100
2012-06-18,4.78,4.82,4.45,4.52,3400
2012-06-19,4.56,4.56,4.56,4.56,400
2012-06-20,4.47,4.61,4.4,4.54,5100
2012-06-21,4.99,4.99,4.52,4.52,800
2012-06-22,4.52,4.74,4.35,4.35,4000
2012-06-25,4.29,4.29,4.05,4.05,2800
2012-06-26,4.1,4.1,4.06,4.06,2100
2012-06-27,4.2,4.25,4.2,4.25,3800
2012-06-28,4.22,4.22,4.06,4.06,300
2012-06-29,4.23,4.31,4.1,4.31,1000
2012-07-02,4.31,4.52,4.31,4.52,1800
2012-07-03,4.72,5,4.72,5,1600
2012-07-05,5,5,4.66,4.79,900
2012-07-06,4.75,4.75,4.75,4.75,100
2012-07-09,4.86,5,4.59,5,3500
2012-07-10,4.76,5,4.76,5,1400
2012-07-11,5,5,5,5,0
2012-07-12,5,5,5,5,0
2012-07-13,5,5,4.64,4.64,1800
2012-07-16,4.66,4.86,4.66,4.75,1500
2012-07-17,4.7,4.74,4.7,4.74,300
2012-07-18,4.77,5.19,4.77,5.19,9500
2012-07-19,5.25,5.25,5.25,5.25,200
2012-07-20,4.95,5.37,4.95,5.24,3600
2012-07-23,4.96,4.96,4.87,4.87,1000
2012-07-24,4.96,5.02,4.75,4.75,1200
2012-07-25,4.67,4.78,4.67,4.78,700
2012-07-26,4.87,4.87,4.75,4.75,300
2012-07-27,5.5,5.5,4.61,5.14,1500
2012-07-30,4.99,4.99,4.75,4.75,1500
2012-07-31,5.2,5.2,5.2,5.2,200
2012-08-01,5.27,5.4,5.2,5.4,7100
2012-08-02,5.3,5.3,5.04,5.04,600
2012-08-03,5.26,5.26,5.06,5.15,800
2012-08-06,5.31,5.31,5.25,5.26,1300
2012-08-07,5.26,6.22,5.25,6.05,11600
2012-08-08,6,6.93,5.8,6.65,20000
2012-08-09,5.71,6.51,5.7,6.5,1400
2012-08-10,6.5,6.5,6.04,6.25,900
2012-08-13,5.21,5.45,5.21,5.42,600
2012-08-14,5.42,5.42,5.42,5.42,0
2012-08-15,5.81,5.81,5.81,5.81,100
2012-08-16,5.82,5.82,5.5,5.5,1600
2012-08-17,5.61,5.91,5.61,5.63,400
2012-08-20,5.63,5.63,5.63,5.63,0
2012-08-21,5.5,6.09,5.15,5.65,1600
2012-08-22,5.63,5.63,5.63,5.63,300
2012-08-23,5.99,6,5.75,5.79,1600
2012-08-24,5.79,5.79,5.79,5.79,0
2012-08-27,5.33,5.33,5.33,5.33,400
2012-08-28,5.39,5.6,5.16,5.6,400
2012-08-29,5.6,5.6,5.6,5.6,0
2012-08-30,5.33,5.33,5.33,5.33,400
2012-08-31,5.33,5.33,5.33,5.33,0
2012-09-04,5.3,5.52,5.3,5.52,2800
2012-09-05,6,6,5.77,6,5100
2012-09-06,6.24,6.5,6.19,6.25,9900
2012-09-07,5.86,6.03,5.75,6.03,1500
2012-09-10,6.14,6.5,5.81,6.5,1800
2012-09-11,5.81,6.5,5.81,6.5,13500
2012-09-12,6.5,6.78,6.2,6.5,8000
2012-09-13,6.55,6.8,6.42,6.8,4500
2012-09-14,6.26,6.61,6.12,6.12,600
2012-09-17,6.25,6.68,6.25,6.68,2700
2012-09-18,6.74,6.74,6.73,6.73,300
2012-09-19,6.51,6.74,5.75,6.74,15700
2012-09-20,6.74,6.74,6.25,6.34,500
2012-09-21,6.47,6.67,6.47,6.67,1600
2012-09-24,6.73,6.8,6.73,6.8,1400
2012-09-25,6.76,7.25,6.37,6.45,10800
2012-09-26,6.84,6.84,6.3,6.3,1000
2012-09-27,6.32,6.75,6.32,6.75,3500
2012-09-28,6.83,6.83,6.3,6.3,800
2012-10-01,6.63,6.63,6.31,6.6,1300
2012-10-02,6.31,6.99,6.31,6.99,8500
2012-10-03,6.91,7.02,6.9,7.02,900
2012-10-04,7.11,7.22,6.9,6.9,1600
2012-10-05,6.31,6.7,6.31,6.7,400
2012-10-08,6.7,6.7,6.7,6.7,0
2012-10-09,6.5,6.51,6.33,6.33,7800
2012-10-10,6.42,7,6.4,7,5600
2012-10-11,6.75,6.78,6.24,6.75,4700
2012-10-12,6.6,6.62,6.6,6.62,200
2012-10-15,6.61,6.61,6.61,6.61,800
2012-10-16,6.97,6.99,6.97,6.99,400
2012-10-17,7.03,7.13,6.61,7.13,2000
2012-10-18,7.13,7.13,7.13,7.13,0
2012-10-19,7,7.25,7,7.03,1000
2012-10-22,7,7,6.95,6.95,400
2012-10-23,6.79,6.8,6.75,6.75,2100
2012-10-24,6.8,6.8,6.8,6.8,300
2012-10-25,6.75,7,6.5,6.66,5400
2012-10-26,6.74,6.74,6.53,6.71,900
2012-10-31,6.61,6.94,6.61,6.94,3600
2012-11-01,6.75,6.79,6.56,6.56,7100
2012-11-02,6.59,6.98,6.55,6.98,6900
2012-11-05,6.74,6.74,6.5,6.7,5300
2012-11-06,6.96,6.97,6.74,6.74,2200
2012-11-07,6.7,6.8,6.54,6.75,3800
2012-11-08,6.7,6.7,6.55,6.7,1400
2012-11-09,6.22,6.86,6.2,6.86,7000
2012-11-12,6.03,6.7,6.02,6.7,2100
2012-11-13,6.45,6.56,6.42,6.56,500
2012-11-14,6.6,6.6,6.25,6.53,400
2012-11-15,6.55,6.73,6.5,6.6,4600
2012-11-16,6.6,6.6,6.6,6.6,0
2012-11-19,6.7,6.7,6.7,6.7,3200
2012-11-20,6.02,7,6.02,7,7200
2012-11-21,6.64,6.85,6.64,6.77,2700
2012-11-23,6.77,6.77,6.77,6.77,0
2012-11-26,6.37,6.75,6.37,6.75,1500
2012-11-27,6.5,6.85,6.2,6.85,9700
2012-11-28,6.5,6.82,6.4,6.82,11300
2012-11-29,6.55,6.8,6.5,6.8,6400
2012-11-30,6.88,7.43,6.55,7.14,15700
2012-12-03,7.27,7.4,7.2,7.21,1800
2012-12-04,7.33,7.33,6.79,7.25,4100
2012-12-05,7,7.24,6.67,7.24,3300
2012-12-06,6.83,7.24,6.83,7.24,8100
2012-12-07,7.12,7.28,7.01,7.28,9600
2012-12-10,7.03,7.15,7,7,1300
2012-12-11,6.86,7.15,6.65,7.15,13300
2012-12-12,7.17,7.25,6.74,7.25,14000
2012-12-13,7.25,7.25,7.25,7.25,0
2012-12-14,7.25,7.25,7.25,7.25,0
2012-12-17,6.64,7.02,6.64,7.02,2100
2012-12-18,6.67,7,6.67,7,1100
2012-12-19,6.68,6.85,6.68,6.81,2700
2012-12-20,7.25,7.8,6.85,7.07,23700
2012-12-21,6.59,7.23,6.59,7.01,6100
2012-12-24,6.62,6.62,6.62,6.62,700
2012-12-26,6.84,6.99,6.65,6.79,4300
2012-12-27,6.87,6.87,6.62,6.8,6800
2012-12-28,6.6,7.31,6.58,7,30000
2012-12-31,6.71,7.17,6.7,7.17,14600
2013-01-02,7.25,7.5,6.86,7.22,4300
2013-01-03,7.22,7.22,7.22,7.22,0
2013-01-04,7.15,7.15,6.84,6.84,400
2013-01-07,7.1,7.1,6.77,6.77,1700
2013-01-08,6.78,6.78,6.78,6.78,100
2013-01-09,6.73,7.4,6.68,7.25,12600
2013-01-10,6.88,7.25,6.87,7.25,3400
2013-01-11,6.95,7.07,6.87,6.89,17800
2013-01-14,6.95,7.49,6.95,6.95,7000
2013-01-15,6.96,6.96,6.96,6.96,100
2013-01-16,6.93,7.03,6.85,6.98,5500
2013-01-17,7.43,7.44,7.1,7.24,4700
2013-01-18,7,7,7,7,500
2013-01-22,7.25,7.25,7.1,7.12,1500
2013-01-23,7.02,7.25,7.02,7.1,4900
2013-01-24,7.16,7.27,7.05,7.12,7500
2013-01-25,7.09,7.12,7.07,7.1,1400
2013-01-28,7,7.24,7,7.11,3600
2013-01-29,7.2,7.69,7.2,7.5,11000
2013-01-30,7.63,8.45,7.63,7.75,4500
2013-01-31,8.03,8.25,7.97,8.22,6200
2013-02-01,8.5,8.5,7.98,8.1,4900
2013-02-04,8.05,8.32,7.91,8.28,8900
2013-02-05,8.3,8.42,8.02,8.2,16600
2013-02-06,8.07,8.5,8.07,8.5,8900
2013-02-07,8.47,8.62,8.47,8.55,4000
2013-02-08,8.58,8.87,8.31,8.49,3900
2013-02-11,8.35,8.75,8.35,8.48,3000
2013-02-12,8.33,8.6,8.33,8.6,2500
2013-02-13,8.47,8.52,8.38,8.4,3700
2013-02-14,8.32,8.35,7.8,7.93,9600
2013-02-15,7.9,7.95,7.9,7.95,5900
2013-02-19,8.04,8.38,8,8.37,5500
2013-02-20,8.32,8.34,8.08,8.3,8600
2013-02-21,8.18,8.2,8.03,8.03,1000
2013-02-22,7.95,8,7.7,8,1300
2013-02-25,8.2,8.25,8.2,8.25,200
2013-02-26,8.2,8.2,8.2,8.2,500
2013-02-27,8.25,8.27,8.24,8.24,1300
2013-02-28,8.16,8.16,8.03,8.03,5200
2013-03-01,8,8.5,8,8.5,4300
2013-03-04,8.14,8.41,8.02,8.1,8000
2013-03-05,8.11,8.36,8.04,8.04,4500
2013-03-06,8.07,8.28,8.02,8.28,1200
2013-03-07,8.38,8.41,8.03,8.41,700
2013-03-08,8.2,8.7,8.02,8.6,10200
2013-03-11,8.68,8.75,8.25,8.74,11100
2013-03-12,8.5,8.7,8.5,8.5,5100
2013-03-13,8.38,8.75,8.37,8.75,6300
2013-03-14,8.64,8.64,8.6,8.6,1600
2013-03-15,8.69,8.99,8.63,8.99,32300
2013-03-18,8.76,8.76,8.7,8.73,2200
2013-03-19,8.82,9,8.73,8.75,2800
2013-03-20,8.61,8.92,8.61,8.63,900
2013-03-21,8.74,8.81,8.6,8.62,4100
2013-03-22,8.62,8.62,8.62,8.62,0
2013-03-25,8.62,8.62,8.62,8.62,0
2013-03-26,8.73,8.73,8.7,8.72,800
2013-03-27,8.71,8.71,8.65,8.7,3900
2013-03-28,9,9,8.29,8.29,4700
2013-04-01,8.3,8.76,8.3,8.36,4100
2013-04-02,8.5,8.75,8.5,8.75,1100
2013-04-03,8.57,8.7,8.4,8.53,1700
2013-04-04,8.52,8.58,8.19,8.19,2700
2013-04-05,8.45,8.6,8.19,8.33,7400
2013-04-08,8.43,8.43,8.33,8.33,7200
2013-04-09,8.32,8.5,8.09,8.27,7900
2013-04-10,8.5,8.52,8.2,8.34,1900
2013-04-11,8.25,8.9,8.2,8.48,1000
2013-04-12,8.24,8.24,8.22,8.22,35500
2013-04-15,8.13,8.44,8.13,8.44,3100
2013-04-16,8.36,8.43,8.36,8.42,600
2013-04-17,8.42,8.85,8.42,8.67,1700
2013-04-18,8.67,8.67,8.67,8.67,0
2013-04-19,8.65,8.95,8.1,8.55,6200
2013-04-22,8.21,8.6,8.21,8.4,600
2013-04-23,8.15,8.91,8.15,8.91,900
2013-04-24,8.53,8.56,8.11,8.24,1600
2013-04-25,8.61,8.61,8.61,8.61,100
2013-04-26,8.17,8.6,8.17,8.26,1100
2013-04-29,8.24,8.41,8.24,8.41,500
2013-04-30,8.42,8.47,8.4,8.45,1000
2013-05-01,8.32,8.45,8.32,8.45,1600
2013-05-02,8.35,8.41,8.25,8.25,3300
2013-05-03,8.25,8.25,8.25,8.25,0
2013-05-06,8.28,8.41,8.28,8.3,2000
2013-05-07,8.26,8.26,8.26,8.26,300
2013-05-08,8.33,8.33,8.26,8.26,1300
2013-05-09,8.26,8.26,8.26,8.26,100
2013-05-10,8.24,8.29,8.24,8.27,3700
2013-05-13,8.24,8.43,8.24,8.43,1200
2013-05-14,8.43,8.43,8.41,8.41,400
2013-05-15,8.34,8.34,8.24,8.24,400
2013-05-16,8.15,8.3,8.12,8.3,4100
2013-05-17,8.3,8.3,8.1,8.14,7100
2013-05-20,8.11,8.2,8.11,8.11,3500
2013-05-21,8.1,8.1,7.82,7.82,7100
2013-05-22,7.85,7.86,7.3,7.5,13800
2013-05-23,7.8,7.8,7.35,7.37,2500
2013-05-24,7.35,7.74,7.35,7.74,3800
2013-05-28,7.65,7.65,7.35,7.4,3100
2013-05-29,7.42,7.55,7.39,7.4,4300
2013-05-30,7.41,7.42,7.35,7.42,3900
2013-05-31,7.45,7.46,7.35,7.44,5700
2013-06-03,7.8,7.8,7.15,7.37,12600
2013-06-04,7.32,7.73,7.21,7.44,5500
2013-06-05,7.47,7.48,7.37,7.44,3800
2013-06-06,7.49,7.49,7.36,7.37,1900
2013-06-07,7.49,7.49,7.35,7.39,1000
2013-06-10,7.45,7.74,7.4,7.47,12100
2013-06-11,7.47,7.52,7.39,7.5,10500
2013-06-12,7.5,7.7,7.5,7.5,5600
2013-06-13,7.41,7.69,7.16,7.16,29200
2013-06-14,7.19,7.36,7.15,7.35,16100
2013-06-17,7.3,7.34,7.3,7.33,11100
2013-06-18,7.3,7.34,7.2,7.34,14000
2013-06-19,7.3,7.66,7.2,7.36,4600
2013-06-20,7.42,7.69,7.3,7.69,5300
2013-06-21,7.69,7.69,7.54,7.54,2300
2013-06-24,7.65,7.65,7.33,7.47,4000
2013-06-25,7.43,7.68,7.43,7.44,4100
2013-06-26,7.45,7.69,7.4,7.64,5400
2013-06-27,7.63,7.69,7.63,7.66,2300
2013-06-28,7.61,7.61,7.58,7.6,13900
2013-07-01,7.52,7.65,7.52,7.63,1900
2013-07-02,7.45,7.7,7.45,7.7,400
2013-07-03,7.58,7.7,7.45,7.7,1500
2013-07-05,7.63,7.8,7.63,7.65,7100
2013-07-08,7.68,7.69,7.6,7.69,3300
2013-07-09,7.6,7.68,7.55,7.66,5400
2013-07-10,7.59,7.8,7.55,7.6,2400
2013-07-11,7.56,7.78,7.47,7.75,37000
2013-07-12,7.7,7.8,7.7,7.77,2200
2013-07-15,7.71,7.78,7.49,7.5,7400
2013-07-16,7.59,7.8,7.54,7.58,7600
2013-07-17,7.55,7.82,7.55,7.57,5400
2013-07-18,7.78,7.78,7.45,7.47,13800
2013-07-19,7.5,7.73,7.05,7.46,73900
2013-07-22,7.46,7.81,7.46,7.62,8900
2013-07-23,7.59,7.62,7.47,7.48,2700
2013-07-24,7.48,7.48,7.48,7.48,200
2013-07-25,7.58,7.65,7.41,7.6,7900
2013-07-26,7.52,7.52,7.41,7.41,500
2013-07-29,7.41,7.76,7.41,7.76,300
2013-07-30,7.43,7.75,7.42,7.42,2000
2013-07-31,7.5,7.8,7.5,7.5,8000
2013-08-01,7.47,7.73,7.47,7.64,2300
2013-08-02,7.67,7.74,7.56,7.59,4100
2013-08-05,7.56,7.8,7.56,7.79,7200
2013-08-06,7.76,7.9,7.72,7.86,16400
2013-08-07,7.84,8.32,7.75,8.2,7400
2013-08-08,8.2,8.4,7.95,8.34,4700
2013-08-09,8.29,8.52,8.25,8.25,8100
2013-08-12,8.31,8.49,8.05,8.39,3200
2013-08-13,8.44,8.5,8.06,8.06,2900
2013-08-14,8.19,8.27,8.1,8.17,1500
2013-08-15,8.15,8.63,8,8.52,17400
2013-08-16,8.41,8.72,8.3,8.63,14000
2013-08-19,8.6,8.89,8.56,8.66,24800
2013-08-20,8.64,8.98,8.64,8.95,14300
2013-08-21,8.96,9.35,8.95,9.29,23500
2013-08-22,9.22,9.3,9.08,9.26,12700
2013-08-23,9.2,9.2,9.17,9.17,1200
2013-08-26,9.09,9.18,8.75,8.91,15800
2013-08-27,8.6,8.9,8.57,8.8,15300
2013-08-28,8.65,8.94,8.65,8.8,5100
2013-08-29,8.84,8.92,8.66,8.73,3400
2013-08-30,8.67,8.75,8.55,8.55,5000
2013-09-03,8.67,8.96,8.67,8.82,5500
2013-09-04,8.96,8.96,8.8,8.93,3800
2013-09-05,8.9,8.94,8.82,8.82,1000
2013-09-06,8.82,8.89,8.73,8.73,7200
2013-09-09,8.83,8.89,8.55,8.6,5200
2013-09-10,8.55,8.69,8.46,8.58,3000
2013-09-11,8.54,8.63,8.54,8.63,300
2013-09-12,8.58,8.69,8.46,8.69,2300
2013-09-13,8.55,8.65,8.55,8.57,4900
2013-09-16,8.53,8.6,8.53,8.58,900
2013-09-17,8.53,8.7,8.25,8.61,10500
2013-09-18,8.6,8.7,8.55,8.68,2400
2013-09-19,8.62,8.62,7.61,8.22,23300
2013-09-20,8.22,8.37,8.06,8.13,7600
2013-09-23,8.24,8.59,8,8.16,9000
2013-09-24,8.18,8.18,8,8.12,6600
2013-09-25,8.07,8.36,8.07,8.36,2100
2013-09-26,8.01,8.34,8.01,8.1,8800
2013-09-27,8.06,8.1,8.05,8.1,1000
2013-09-30,8.07,8.27,8,8.21,6300
2013-10-01,8.1,8.3,8,8.24,4800
2013-10-02,8.24,8.24,8.24,8.24,0
2013-10-03,8.2,8.36,8,8.25,12400
2013-10-04,8.22,8.38,8.15,8.25,9500
2013-10-07,8.26,8.33,7.86,7.9,19600
2013-10-08,7.96,7.99,7.9,7.99,3700
2013-10-09,8.08,8.08,7.55,7.98,7300
2013-10-10,7.97,8.12,7.9,8.02,8200
2013-10-11,7.98,8.06,7.82,8,10300
2013-10-14,7.96,8.6,7.76,8.6,9300
2013-10-15,8.58,8.92,8.01,8.54,11400
2013-10-16,8.29,8.6,8.12,8.2,5900
2013-10-17,8.14,8.74,8.14,8.26,1600
2013-10-18,8.53,8.78,8.32,8.32,1500
2013-10-21,8.13,8.33,8.01,8.12,3600
2013-10-22,8.2,8.37,8.19,8.3,3600
2013-10-23,8.27,8.33,8.25,8.25,1300
2013-10-24,8.25,8.27,8.25,8.27,300
2013-10-25,8.3,8.45,8.3,8.32,500
2013-10-28,8.27,8.27,8.27,8.27,100
2013-10-29,8.25,8.29,8.25,8.25,700
2013-10-30,8.29,8.3,8.05,8.18,7300
2013-10-31,8.12,8.28,8.1,8.2,500
2013-11-01,8.07,8.07,7.97,7.98,1600
2013-11-04,8.02,8.02,7.85,7.86,1000
2013-11-05,7.84,8.07,7.83,7.86,3800
2013-11-06,7.95,8.08,7.81,7.81,2900
2013-11-07,7.94,8.33,7.9,7.9,5400
2013-11-08,8,8.41,8,8.12,4100
2013-11-11,8.02,8.29,8,8.15,7800
2013-11-12,7.94,8.45,7.94,8.03,3200
2013-11-13,8.1,8.29,8.04,8.08,1200
2013-11-14,7.98,8.28,7.82,8.03,11300
2013-11-15,8,8.07,7.6,7.62,21700
2013-11-18,7.46,7.95,7.31,7.54,40200
2013-11-19,7.51,7.69,7.35,7.35,30600
2013-11-20,7.48,7.68,7.48,7.54,14500
2013-11-21,7.65,7.78,7.56,7.56,29200
2013-11-22,7.61,7.74,7.6,7.65,1700
2013-11-25,7.63,8.09,7.63,8,23100
2013-11-26,8.01,8.01,7.74,7.77,13000
2013-11-27,7.74,8.25,7.74,8,21700
2013-11-29,8,8,8,8,0
2013-12-02,7.98,8.17,7.86,7.86,500
2013-12-03,7.86,8.05,7.86,7.9,700
2013-12-04,8.05,8.2,7.86,8.18,13600
2013-12-05,8.18,8.18,7.87,7.87,400
2013-12-06,8.01,8.24,8,8.01,15000
2013-12-09,8.1,8.1,7.88,7.89,1500
2013-12-10,7.88,8.1,7.76,8,6200
2013-12-11,7.81,8.09,7.81,7.97,4900
2013-12-12,7.91,8.09,7.81,7.9,5600
2013-12-13,7.9,7.97,7.75,7.75,4000
2013-12-16,7.66,7.89,7.59,7.62,4800
2013-12-17,7.57,7.75,7.55,7.56,5800
2013-12-18,7.55,8.1,7.5,7.8,21000
2013-12-19,7.8,8,7.68,7.68,1900
2013-12-20,7.71,7.98,7.53,7.66,7900
2013-12-23,7.67,7.95,7.53,7.79,14200
2013-12-24,7.62,7.85,7.5,7.84,36600
2013-12-26,7.69,7.9,7.62,7.9,8800
2013-12-27,7.79,7.9,7.63,7.63,8000
2013-12-30,7.71,7.87,7.56,7.57,24000
2013-12-31,7.58,7.86,7.58,7.67,8700
2014-01-02,7.87,7.87,7.85,7.85,800
2014-01-03,7.72,7.83,7.67,7.8,1700
2014-01-06,7.71,7.83,7.68,7.83,5800
2014-01-07,7.76,8.08,7.76,8.01,5300
2014-01-08,8.09,8.35,7.9,8.35,12000
2014-01-09,8.05,8.41,8.05,8.3,8600
2014-01-10,8.38,8.93,8.13,8.92,16100
2014-01-13,8.65,9.11,8.65,9,12200
2014-01-14,8.86,8.91,8.86,8.91,900
2014-01-15,8.8,8.8,8.5,8.53,2200
2014-01-16,8.41,8.55,8.2,8.32,3200
2014-01-17,8.36,8.76,8.13,8.66,5200
2014-01-21,8.28,8.48,8.23,8.48,700
2014-01-22,8.33,8.92,8.33,8.41,800
2014-01-23,8.25,8.45,8.21,8.36,1500
2014-01-24,8.88,8.88,8.27,8.3,600
2014-01-27,8.21,8.28,8.21,8.27,1100
2014-01-28,8.21,8.49,8.2,8.35,3500
2014-01-29,8.24,8.46,8.24,8.25,700
2014-01-30,8.2,8.4,8.2,8.21,1200
2014-01-31,8.2,8.27,7.8,7.96,5600
2014-02-03,7.7,8.05,7.56,7.67,21500
2014-02-04,7.93,8.04,7.52,7.96,2300
2014-02-05,7.78,7.95,7.74,7.92,2700
2014-02-06,7.58,7.95,7.52,7.62,12800
2014-02-07,7.65,7.82,7.53,7.53,6100
2014-02-10,7.64,7.69,7.53,7.62,4500
2014-02-11,7.53,7.78,7.53,7.66,2400
2014-02-12,7.56,7.73,7.52,7.52,13500
2014-02-13,7.52,7.6,7.3,7.53,6300
2014-02-14,7.52,7.52,7.5,7.5,4300
2014-02-18,7.41,7.59,7.41,7.49,6100
2014-02-19,7.6,7.6,7.44,7.44,4400
2014-02-20,7.41,7.45,7.35,7.35,4100
2014-02-21,7.41,7.6,7.41,7.47,15900
2014-02-24,7.53,7.6,7.41,7.6,8100
2014-02-25,7.6,7.6,7.58,7.58,300
2014-02-26,7.6,8,7.6,7.94,15900
2014-02-27,7.9,7.93,7.7,7.76,7600
2014-02-28,7.71,7.71,7.65,7.65,2600
2014-03-03,7.5,7.67,7.45,7.65,3800
2014-03-04,7.65,7.75,7.47,7.75,7100
2014-03-05,7.67,7.99,7.67,7.92,2400
2014-03-06,7.75,7.77,7.75,7.77,1600
2014-03-07,8,8,7.84,7.99,2400
2014-03-10,8,8,7.64,7.85,9900
2014-03-11,7.86,8,7.86,7.97,4200
2014-03-12,7.89,8.25,7.85,8,7700
2014-03-13,8,8,7.92,8,4600
2014-03-14,7.98,8.37,7.91,8.37,4500
2014-03-17,8.17,8.21,7.93,8.18,6900
2014-03-18,8.06,8.63,8.06,8.42,13300
2014-03-19,8.7,8.74,8.03,8.27,15600
2014-03-20,8.29,8.5,8.09,8.15,10600
2014-03-21,8.03,8.06,7.76,8.05,68700
2014-03-24,7.81,8.05,7.79,8.03,4800
2014-03-25,7.99,8.05,7.99,8.05,1400
2014-03-26,8.04,8.12,7.92,7.98,4800
2014-03-27,7.81,7.83,7.64,7.7,12700
2014-03-28,7.6,7.62,7.51,7.6,8600
2014-03-31,7.56,7.6,7.56,7.6,1100
2014-04-01,7.6,7.6,7.52,7.54,4900
2014-04-02,7.6,8.1,7.6,8.02,60700
2014-04-03,8.12,8.34,8.05,8.34,31800
2014-04-04,8.3,8.56,8.24,8.32,27500
2014-04-07,8.32,8.41,8.15,8.31,14000
2014-04-08,8.27,8.28,8.19,8.22,20700
2014-04-09,8.2,8.25,8.15,8.22,10200
2014-04-10,8.16,8.22,8.15,8.22,6800
2014-04-11,8.21,8.25,8.13,8.15,9700
2014-04-14,8.21,8.21,8.21,8.21,200
2014-04-15,8.15,8.17,8.13,8.13,6000
2014-04-16,8.15,8.15,8.11,8.14,6400
2014-04-17,8.11,8.14,8.11,8.14,1100
2014-04-21,8.32,8.32,8.11,8.17,14900
2014-04-22,8.16,8.17,8.13,8.13,10100
2014-04-23,8.15,8.15,8.13,8.15,7000
2014-04-24,8.22,8.35,8.12,8.26,11700
2014-04-25,8.12,8.18,8.07,8.07,21500
2014-04-28,8.14,8.27,8.14,8.27,7100
2014-04-29,8.25,8.27,8.2,8.27,12900
2014-04-30,8.25,8.4,8.25,8.26,7100
2014-05-01,8.3,8.36,8.3,8.35,6800
2014-05-02,8.4,8.65,8.34,8.46,29900
2014-05-05,8.44,8.45,8.3,8.39,9200
2014-05-06,8.4,8.64,8.3,8.38,61500
2014-05-07,8.4,8.76,8.32,8.55,41900
2014-05-08,8.44,8.45,8.32,8.32,8500
2014-05-09,8.45,8.5,8.33,8.5,18200
2014-05-12,8.5,8.51,8.39,8.39,4100
2014-05-13,8.54,8.55,8.38,8.53,34700
2014-05-14,8.4,8.55,8.37,8.43,12700
2014-05-15,8.45,8.45,8.44,8.45,3600
2014-05-16,8.41,8.45,8.37,8.39,16800
2014-05-19,8.38,8.38,8.37,8.38,2200
2014-05-20,8.45,8.47,8.38,8.47,9200
2014-05-21,8.41,8.55,8.37,8.46,9200
2014-05-22,8.48,8.48,8.37,8.38,8300
2014-05-23,8.41,8.45,8.37,8.37,6500
2014-05-27,8.53,9.03,8.53,9.02,35700
2014-05-28,9.02,9.03,8.84,8.94,15400
2014-05-29,8.89,9.05,8.52,8.62,72500
2014-05-30,8.7,8.79,8.7,8.71,3000
2014-06-02,9.15,9.15,8.83,9,12800
2014-06-03,8.8,8.9,8.8,8.85,2300
2014-06-04,8.85,8.86,8.81,8.81,4400
2014-06-05,8.88,9.08,8.88,8.99,4200
2014-06-06,9.08,9.08,8.94,8.95,4000
2014-06-09,9.04,9.08,8.96,9.04,17700
2014-06-10,9.04,9.05,8.98,8.98,9300
2014-06-11,8.97,9,8.97,8.97,5000
2014-06-12,8.96,9.05,8.91,8.91,9800
2014-06-13,8.89,8.89,8.84,8.84,8900
2014-06-16,8.9,8.93,8.81,8.81,3700
2014-06-17,8.85,8.85,8.71,8.71,6100
2014-06-18,8.85,9.01,8.85,8.9,2900
2014-06-19,8.77,8.91,8.77,8.84,7600
2014-06-20,8.9,8.9,8.83,8.89,5500
2014-06-23,8.9,8.9,8.86,8.9,8500
2014-06-24,8.99,8.99,8.86,8.86,6300
2014-06-25,8.9,8.9,8.89,8.89,500
2014-06-26,8.91,8.91,8.83,8.84,3100
2014-06-27,8.77,8.77,8.71,8.74,9200
2014-06-30,8.71,8.89,8.71,8.77,1500
2014-07-01,8.95,8.95,8.7,8.7,2100
2014-07-02,8.77,8.85,8.65,8.66,7900
2014-07-03,8.74,8.77,8.74,8.75,5200
2014-07-07,8.6,8.71,8.6,8.7,3800
2014-07-08,8.65,8.88,8.55,8.55,9500
2014-07-09,8.62,8.71,8.61,8.71,3300
2014-07-10,8.87,8.88,8.59,8.88,4300
2014-07-11,8.84,8.84,8.69,8.84,9500
2014-07-14,8.89,8.99,8.75,8.75,5600
2014-07-15,8.94,8.94,8.73,8.73,9000
2014-07-16,8.84,8.95,8.75,8.95,4500
2014-07-17,8.85,8.85,8.72,8.72,3100
2014-07-18,8.77,8.8,8.62,8.78,4700
2014-07-21,8.71,8.8,8.54,8.63,12100
2014-07-22,8.6,8.67,8.53,8.62,4800
2014-07-23,8.56,8.79,8.55,8.56,4900
2014-07-24,8.54,8.66,8.52,8.53,1600
2014-07-25,8.53,8.75,8.52,8.55,1700
2014-07-28,8.55,8.9,8.52,8.69,17900
2014-07-29,8.57,8.73,8.57,8.58,1700
2014-07-30,8.6,8.7,8.51,8.54,10600
2014-07-31,8.51,8.6,8.51,8.53,1900
2014-08-01,8.5,8.52,8.48,8.5,7500
2014-08-04,8.5,8.5,8.5,8.5,0
2014-08-05,8.49,8.59,8.46,8.46,1700
2014-08-06,8.46,8.46,8.46,8.46,900
2014-08-07,8.47,8.47,8.47,8.47,1000
2014-08-08,8.49,8.54,8.48,8.54,2500
2014-08-11,8.48,8.49,8.47,8.47,1800
2014-08-12,8.45,8.77,8.45,8.47,16200
2014-08-13,8.51,8.76,8.51,8.66,8900
2014-08-14,8.57,8.85,8.54,8.6,5500
2014-08-15,8.6,8.64,8.5,8.6,1900
2014-08-18,8.66,8.88,8.5,8.5,8700
2014-08-19,8.99,8.99,8.5,8.59,8400
2014-08-20,8.51,8.54,8.51,8.52,1000
2014-08-21,8.51,8.57,8.51,8.51,400
2014-08-22,8.52,8.57,8.52,8.57,3700
2014-08-25,8.52,8.55,8.46,8.48,9400
2014-08-26,8.47,8.54,8.45,8.48,5700
2014-08-27,8.5,8.8,8.46,8.47,6900
2014-08-28,8.45,8.57,8.45,8.57,3400
2014-08-29,8.45,8.5,8.4,8.41,17900
2014-09-02,8.47,8.71,8.41,8.5,10300
2014-09-03,8.56,8.56,8.4,8.45,14500
2014-09-04,8.4,8.53,8.4,8.45,9200
2014-09-05,8.67,8.77,8.4,8.45,1800
2014-09-08,8.4,8.45,8.4,8.45,3800
2014-09-09,8.4,8.4,8.33,8.36,700
2014-09-10,8.36,8.49,8.36,8.46,2900
2014-09-11,8.49,8.49,8.36,8.36,3100
2014-09-12,8.49,8.5,8.41,8.43,3200
2014-09-15,8.46,8.59,8.4,8.42,2400
2014-09-16,8.42,8.49,8.37,8.41,3800
2014-09-17,8.45,8.5,8.44,8.5,6200
2014-09-18,8.5,8.5,8.38,8.39,8100
2014-09-19,8.36,8.54,8.3,8.54,10800
2014-09-22,8.44,8.44,8.25,8.28,6200
2014-09-23,8.25,8.41,8.25,8.41,900
2014-09-24,8.3,8.32,8.25,8.31,1100
2014-09-25,8.25,8.28,8.15,8.15,9900
2014-09-26,8.25,8.25,7.63,7.95,12600
2014-09-29,8,8.2,7.92,7.92,3700
2014-09-30,7.93,7.95,7.92,7.93,3500
2014-10-01,8.19,8.19,7.93,7.93,14100
2014-10-02,8.01,8.02,7.94,7.99,4700
2014-10-03,8.04,8.05,8,8.02,2800
2014-10-06,8.08,8.09,8,8.08,3800
2014-10-07,8.04,8.09,8.02,8.05,3000
2014-10-08,8.09,8.12,8.03,8.1,3200
2014-10-09,8.18,8.18,8.12,8.14,3000
2014-10-10,8.24,8.24,8.2,8.21,1700
2014-10-13,8.24,8.24,8.11,8.18,3900
2014-10-14,8.24,8.42,8.24,8.42,5800
2014-10-15,8.3,8.41,8.3,8.33,6400
2014-10-16,8.25,8.35,8.17,8.28,2300
2014-10-17,8.25,8.4,8.25,8.39,2500
2014-10-20,8.41,8.41,8.32,8.32,1000
2014-10-21,8.31,8.32,8.3,8.31,2100
2014-10-22,8.25,8.25,8.25,8.25,1100
2014-10-23,8.41,8.41,8.32,8.36,1000
2014-10-24,8.41,8.42,8.28,8.42,5100
2014-10-27,8.42,8.42,8.4,8.4,4300
2014-10-28,8.5,8.5,8.45,8.45,2300
2014-10-29,8.48,8.5,8.47,8.5,2900
2014-10-30,8.48,8.55,8.48,8.55,1500
2014-10-31,8.55,8.55,8.51,8.55,3900
2014-11-03,8.55,8.8,8.55,8.68,11100
2014-11-04,8.75,8.76,8.5,8.52,13000
2014-11-05,8.52,8.52,8.39,8.45,27500
2014-11-06,8.44,8.44,8.35,8.35,7700
2014-11-07,8.35,8.38,8.3,8.32,6300
2014-11-10,8.35,8.37,8.35,8.35,2300
2014-11-11,8.35,8.35,8.31,8.35,2400
2014-11-12,8.35,8.35,8.32,8.35,8800
2014-11-13,8.37,8.37,8.3,8.3,6000
2014-11-14,8.31,8.35,8.3,8.3,8300
2014-11-17,8.28,8.5,8.28,8.49,16400
2014-11-18,8.49,8.57,8.45,8.56,10900
2014-11-19,8.45,8.55,8.45,8.53,15300
2014-11-20,8.55,8.55,8.47,8.55,7900
2014-11-21,8.57,8.59,8.51,8.51,7500
2014-11-24,8.55,8.59,8.51,8.57,5800
2014-11-25,8.57,8.59,8.52,8.59,6200
2014-11-26,8.55,8.59,8.55,8.56,1400
2014-11-28,8.62,8.63,8.57,8.62,1200
2014-12-01,8.6,8.6,8.52,8.53,1900
2014-12-02,8.53,8.61,8.5,8.53,18900
2014-12-03,8.53,8.61,8.53,8.6,600
2014-12-04,8.55,8.75,8.55,8.66,5200
2014-12-05,8.68,8.75,8.62,8.65,4800
2014-12-08,8.66,8.75,8.65,8.75,700
2014-12-09,8.74,8.75,8.65,8.75,1400
2014-12-10,8.65,8.68,8.65,8.66,2400
2014-12-11,8.65,8.74,8.55,8.56,3700
2014-12-12,8.65,8.65,8.65,8.65,1500
2014-12-15,8.58,8.58,8.57,8.57,2900
2014-12-16,8.55,8.73,8.51,8.66,4600
2014-12-17,8.61,8.75,8.55,8.68,8500
2014-12-18,8.63,8.68,8.56,8.61,8200
2014-12-19,8.6,8.73,8.6,8.6,16900
2014-12-22,8.71,8.71,8.55,8.55,2100
2014-12-23,8.56,8.75,8.55,8.75,1600
2014-12-24,8.6,8.64,8.51,8.55,23300
2014-12-26,8.6,8.6,8.51,8.52,2400
2014-12-29,8.58,8.63,8.53,8.62,1100
2014-12-30,8.6,8.6,8.6,8.6,500
2014-12-31,8.72,8.73,8.55,8.55,2400
2015-01-02,8.6,8.6,8.56,8.56,3300
2015-01-05,8.67,8.92,8.62,8.71,12900
2015-01-06,8.76,8.76,8.63,8.63,1900
2015-01-07,8.63,8.79,8.62,8.62,500
2015-01-08,8.65,8.7,8.55,8.55,6100
2015-01-09,8.61,8.61,8.51,8.51,1600
2015-01-12,8.52,8.6,8.52,8.52,900
2015-01-13,8.53,8.71,8.52,8.71,1500
2015-01-14,8.62,8.62,8.52,8.54,1900
2015-01-15,8.52,8.57,8.52,8.52,5000
2015-01-16,8.55,8.55,8.52,8.54,1900
2015-01-20,8.52,8.55,8.5,8.55,5000
2015-01-21,8.5,8.5,8.5,8.5,800
2015-01-22,8.51,8.55,8.5,8.5,5400
2015-01-23,8.5,8.5,8.41,8.43,4200
2015-01-26,8.43,8.59,8.21,8.24,12000
2015-01-27,8.24,8.31,8.24,8.31,1300
2015-01-28,8.47,8.47,8.28,8.42,1800
2015-01-29,8.46,8.5,8.42,8.5,5300
2015-01-30,8.49,8.49,8.35,8.4,3500
2015-02-02,8.5,8.6,8.47,8.54,15400
2015-02-03,8.59,8.75,8.48,8.61,10200
2015-02-04,8.8,8.8,8.71,8.8,5800
2015-02-05,8.79,8.79,8.62,8.79,5400
2015-02-06,8.71,8.8,8.7,8.79,2700
2015-02-09,8.8,8.95,8.8,8.84,3000
2015-02-10,8.85,8.85,8.83,8.83,2900
2015-02-11,8.83,9,8.83,9,4400
2015-02-12,8.88,9,8.84,9,4600
2015-02-13,8.92,8.99,8.83,8.98,4100
2015-02-17,8.85,8.85,8.51,8.8,8400
2015-02-18,8.9,8.9,8.7,8.71,1600
2015-02-19,8.71,8.94,8.7,8.72,12100
2015-02-20,8.8,9.5,8.8,9.26,25300
2015-02-23,9.33,9.33,9.01,9.25,17600
2015-02-24,9.2,9.38,9.13,9.38,3400
2015-02-25,9.41,9.41,9.21,9.29,400
2015-02-26,9.07,9.41,9.07,9.18,9200
2015-02-27,9.3,9.3,9.1,9.1,2200
2015-03-02,9.13,9.13,9,9.03,6400
2015-03-03,9.01,9.02,9,9.02,1100
2015-03-04,9.13,9.13,9.01,9.01,2600
2015-03-05,9,9.48,9,9.17,3400
2015-03-06,9.08,9.2,9.08,9.18,500
2015-03-09,9.37,9.4,9.12,9.15,4800
2015-03-10,9.15,9.15,9.15,9.15,0
2015-03-11,9.06,9.31,9.05,9.05,13700
2015-03-12,9.07,9.08,9.06,9.06,1400
2015-03-13,9.06,9.06,9.06,9.06,0
2015-03-16,9.11,9.11,9.06,9.06,1300
2015-03-17,9.1,9.1,9.06,9.06,1300
2015-03-18,9.18,9.18,8.94,8.94,2200
2015-03-19,9.16,9.16,8.94,8.94,700
2015-03-20,8.99,8.99,8.94,8.94,900
2015-03-23,8.95,9,8.51,8.55,20900
2015-03-24,8.55,8.55,8.55,8.55,0
2015-03-25,8.63,8.63,8.63,8.63,100
2015-03-26,8.57,8.78,8.5,8.57,10500
2015-03-27,8.7,8.74,8.53,8.53,14100
2015-03-30,8.79,9.47,8.79,9.12,6100
2015-03-31,9.12,9.15,8.88,9.14,3400
2015-04-01,9.14,9.15,8.87,9.12,8600
2015-04-02,8.9,8.92,8.75,8.87,4400
2015-04-06,8.87,9.12,8.87,8.9,4400
2015-04-07,8.91,9.11,8.9,9.11,1600
2015-04-08,9.11,9.11,9.11,9.11,0
2015-04-09,9.1,9.1,8.87,9.07,2300
2015-04-10,9,9,8.83,8.94,7200
2015-04-13,8.9,8.9,8.83,8.83,800
2015-04-14,8.83,8.83,8.55,8.65,8100
2015-04-15,8.71,8.71,8.7,8.7,2900
2015-04-16,8.71,8.71,8.7,8.7,1600
2015-04-17,8.71,8.71,8.56,8.7,6700
2015-04-20,8.63,8.65,8.6,8.65,9100
2015-04-21,8.7,8.7,8.55,8.6,1600
2015-04-22,8.61,8.62,8.6,8.61,2800
2015-04-23,8.51,8.66,8.5,8.5,11500
2015-04-24,8.5,8.56,8.36,8.53,7800
2015-04-27,8.51,8.63,8.46,8.63,19700
2015-04-28,8.63,8.63,8.63,8.63,0
2015-04-29,8.6,8.6,8.6,8.6,400
2015-04-30,8.61,8.63,8.53,8.6,3600
2015-05-01,8.58,8.67,8.56,8.62,12400
2015-05-04,8.72,8.72,8.56,8.62,5700
2015-05-05,8.68,8.77,8.51,8.75,32700
2015-05-06,8.7,9.46,8.6,9.05,55000
2015-05-07,9.12,9.21,9.01,9.05,40700
2015-05-08,9.13,9.29,9.1,9.17,16900
2015-05-11,9.15,9.2,9.15,9.17,4900
2015-05-12,9.16,9.16,9.15,9.15,2700
2015-05-13,9.15,9.19,9.15,9.18,1100
2015-05-14,9.17,9.24,9.04,9.04,2100
2015-05-15,9.04,9.04,8.8,8.98,4300
2015-05-18,8.83,8.83,8.81,8.82,2000
2015-05-19,8.89,9.02,8.89,8.97,9900
2015-05-20,8.93,8.93,8.89,8.89,4200
2015-05-21,8.83,8.88,8.81,8.81,5100
2015-05-22,8.91,8.97,8.8,8.97,4500
2015-05-26,8.97,8.97,8.95,8.95,3500
2015-05-27,8.79,8.88,8.78,8.78,1900
2015-05-28,8.77,8.77,8.77,8.77,500
2015-05-29,8.75,8.8,8.75,8.75,1900
2015-06-01,8.75,8.75,8.7,8.7,4300
2015-06-02,8.74,9,8.65,8.65,6000
2015-06-03,8.73,8.74,8.73,8.74,22500
2015-06-04,8.66,8.75,8.6,8.72,3800
2015-06-05,8.74,8.8,8.63,8.8,7900
2015-06-08,8.62,8.83,8.62,8.66,1700
2015-06-09,8.75,8.89,8.63,8.79,7100
2015-06-10,8.69,8.76,8.66,8.73,5200
2015-06-11,8.73,8.96,8.6,8.6,4400
2015-06-12,8.68,8.68,8.57,8.59,9100
2015-06-15,8.56,8.77,8.56,8.59,2100
2015-06-16,8.81,8.81,8.59,8.65,1000
2015-06-17,8.66,8.66,8.57,8.57,3700
2015-06-18,8.59,8.65,8.57,8.58,8300
2015-06-19,8.69,8.69,8.61,8.64,4700
2015-06-22,8.69,8.69,8.61,8.66,3200
2015-06-23,8.6,8.7,8.6,8.7,3700
2015-06-24,8.73,8.73,8.57,8.62,2300
2015-06-25,8.65,8.75,8.65,8.73,1400
2015-06-26,8.67,9,8.67,9,11200
2015-06-29,8.9,8.9,8.67,8.67,7300
2015-06-30,8.67,8.69,8.66,8.66,7800
2015-07-01,8.67,8.67,8.67,8.67,800
2015-07-02,8.75,8.83,8.67,8.69,2200
2015-07-06,8.68,8.75,8.5,8.5,14200
2015-07-07,8.5,8.56,8.39,8.39,8300
2015-07-08,8.3,8.66,8.3,8.33,1900
2015-07-09,8.33,8.33,8.33,8.33,0
2015-07-10,8.56,8.56,8.5,8.5,2600
2015-07-13,8.5,8.5,8.5,8.5,600
2015-07-14,8.38,8.39,8.36,8.39,1500
2015-07-15,8.43,8.43,8.36,8.36,2400
2015-07-16,8.31,8.32,8.31,8.32,1200
2015-07-17,8.37,8.37,8.31,8.31,1600
2015-07-20,8.39,8.42,8.35,8.35,5600
2015-07-21,8.31,8.49,8.31,8.49,2100
2015-07-22,8.35,8.45,8.35,8.41,6100
2015-07-23,8.5,8.52,8.46,8.46,10500
2015-07-24,8.39,8.55,8.38,8.38,2900
2015-07-27,8.38,8.44,8.38,8.43,1900
2015-07-28,8.36,8.42,8.36,8.36,900
2015-07-29,8.36,8.38,8.31,8.31,11200
2015-07-30,8.31,8.41,8.31,8.41,900
2015-07-31,8.36,8.5,8.31,8.4,25200
2015-08-03,8.42,8.42,8.36,8.38,2800
2015-08-04,8.36,8.48,8.36,8.47,1800
2015-08-05,8.54,8.54,8.4,8.46,13700
2015-08-06,8.45,8.49,8.3,8.48,20500
2015-08-07,8.55,8.73,8.31,8.32,33000
2015-08-10,8.33,8.33,8.3,8.32,1200
2015-08-11,8.32,8.32,8.32,8.32,0
2015-08-12,8.39,8.39,8.35,8.35,800
2015-08-13,8.36,8.39,8.33,8.33,8700
2015-08-14,8.3,8.3,8.3,8.3,500
2015-08-17,8.3,8.33,8.27,8.27,1000
2015-08-18,8.29,8.29,8.27,8.27,1800
2015-08-19,8.27,8.37,8.27,8.35,11300
2015-08-20,8.33,8.36,8.25,8.32,21400
2015-08-21,8.23,8.41,8.22,8.33,6700
2015-08-24,8.09,8.22,8.09,8.21,13200
2015-08-25,8.31,8.31,8.06,8.16,6400
2015-08-26,8.3,8.3,8.11,8.21,2100
2015-08-27,8.26,8.26,8.13,8.13,800
2015-08-28,8.11,8.13,8.02,8.12,1600
2015-08-31,8.12,8.12,8.01,8.1,4500
2015-09-01,8.03,8.13,8.03,8.13,800
2015-09-02,8.15,8.15,8.08,8.08,2000
2015-09-03,8.06,8.15,8.06,8.07,3700
2015-09-04,8.06,8.06,8.06,8.06,500
2015-09-08,8.07,8.15,8.06,8.11,5000
2015-09-09,8.12,8.35,8.11,8.11,2200
2015-09-10,8.01,8.22,8.01,8.15,5200
2015-09-11,8.06,8.22,8.06,8.11,3700
2015-09-14,8.11,8.11,8.11,8.11,0
2015-09-15,8.34,8.34,8.16,8.16,1500
2015-09-16,8.23,8.38,8.13,8.2,7700
2015-09-17,8.24,8.24,8.11,8.2,2500
2015-09-18,8.13,8.17,8.06,8.11,9800
2015-09-21,8.18,8.18,8.06,8.16,5400
2015-09-22,8.06,8.23,8.06,8.15,6100
2015-09-23,8.2,8.2,8.06,8.15,15100
2015-09-24,8.09,8.22,8.06,8.08,2300
2015-09-25,8.13,8.35,8.06,8.35,1500
2015-09-28,8.11,8.2,8.11,8.2,4200
2015-09-29,8.14,8.16,8.05,8.11,6800
2015-09-30,8.08,8.2,8.08,8.2,900
2015-10-01,8.16,8.16,8.07,8.07,700
2015-10-02,8.06,8.16,8.01,8.16,3400
2015-10-05,8.16,8.2,8.01,8.2,5900
2015-10-06,8.08,8.15,8.08,8.12,1800
2015-10-07,8.19,8.19,8.1,8.14,1100
2015-10-08,8.14,8.17,8.14,8.17,2800
2015-10-09,8.11,8.11,8.11,8.11,200
2015-10-12,8.11,8.11,8.11,8.11,0
2015-10-13,8.08,8.11,8.06,8.11,3000
2015-10-14,8.06,8.06,8.05,8.05,1500
2015-10-15,8.22,8.22,7.91,8.04,13200
2015-10-16,8.05,8.1,7.96,8.05,4200
2015-10-19,8.1,8.1,8,8.1,8800
2015-10-20,8.02,8.1,8.02,8.1,1600
2015-10-21,8.1,8.1,8.06,8.06,2100
2015-10-22,8.02,8.2,8.02,8.2,7000
2015-10-23,8.22,8.25,8.21,8.24,2000
2015-10-26,8.42,8.44,8.2,8.2,4000
2015-10-27,8.22,8.3,8.2,8.2,1900
2015-10-28,8.45,8.6,8.26,8.6,18700
2015-10-29,8.52,8.64,8.42,8.55,7300
2015-10-30,8.64,8.66,8.55,8.64,8900
2015-11-02,8.64,8.7,8.64,8.65,5000
2015-11-03,8.75,9.29,8.75,9.29,44000
2015-11-04,9.31,9.51,9.15,9.51,9500
2015-11-05,9.5,9.69,9.5,9.66,6500
2015-11-06,9.7,9.9,9.6,9.79,22700
2015-11-09,9.83,9.83,9.51,9.76,6200
2015-11-10,9.54,9.58,9.41,9.57,12700
2015-11-11,9.76,9.95,9.76,9.95,4800
2015-11-12,9.75,9.9,9.75,9.86,3700
2015-11-13,9.79,10.42,9.77,10.08,18600
2015-11-16,10,10.02,9.9,9.96,16300
2015-11-17,9.95,10.03,9.93,9.94,16100
2015-11-18,10.04,10.09,10,10.08,9300
2015-11-19,10.17,10.54,10.08,10.3,17300
2015-11-20,10.3,10.3,10.1,10.21,15900
2015-11-23,10.33,10.4,10.13,10.16,18000
2015-11-24,10.16,10.22,10.01,10.06,11600
2015-11-25,10.01,10.2,10.01,10.1,8100
2015-11-27,10.05,10.18,10.05,10.18,1700
2015-11-30,10.21,10.21,10.05,10.13,5800
2015-12-01,10.13,10.25,10.13,10.19,9600
2015-12-02,10.21,10.29,10.2,10.2,1400
2015-12-03,10.21,10.29,10.13,10.24,2900
2015-12-04,10.2,10.27,10.15,10.18,4200
2015-12-07,10.26,10.26,10.01,10.1,7500
2015-12-08,10.09,10.19,10.01,10.03,4000
2015-12-09,10.09,10.1,10.02,10.05,3400
2015-12-10,10.19,10.19,10.01,10.1,6700
2015-12-11,10.12,10.17,10.01,10.05,10200
2015-12-14,10.12,10.17,10.05,10.09,2600
2015-12-15,10.17,10.2,10.05,10.12,1500
2015-12-16,10.12,10.25,10.05,10.24,18400
2015-12-17,10.22,10.28,10.14,10.15,4600
2015-12-18,10.23,10.29,10.06,10.06,5500
2015-12-21,10.18,10.29,10.02,10.14,8200
2015-12-22,10.27,10.29,10.08,10.14,9200
2015-12-23,10.15,10.52,10.1,10.29,5500
2015-12-24,10.45,10.97,10.3,10.88,15100
2015-12-28,11,11.5,10.8,11.1,22700
2015-12-29,11.14,11.43,11,11.23,10600
2015-12-30,10.73,11.45,10.66,11.35,9100
2015-12-31,11.4,11.89,11.4,11.7,4100
2016-01-04,11.53,11.6,11.5,11.51,11100
2016-01-05,11.55,11.7,10.64,11.59,12900
2016-01-06,11.02,11.55,11.02,11.49,6300
2016-01-07,11.5,11.51,11.18,11.36,9400
2016-01-08,11.35,11.35,11.3,11.33,2600
2016-01-11,11.31,11.31,10.22,10.4,16000
2016-01-12,10.21,10.46,10.21,10.33,5200
2016-01-13,10.26,10.41,10.1,10.19,9300
2016-01-14,10.05,10.16,9.89,9.97,23000
2016-01-15,9.83,9.89,9.76,9.81,12800
2016-01-19,9.8,9.96,9.8,9.87,7100
2016-01-20,9.8,9.8,9.41,9.65,23500
2016-01-21,9.68,9.75,9.6,9.75,7400
2016-01-22,9.8,9.85,9.65,9.85,5400
2016-01-25,10.37,10.37,9.63,9.72,6700
2016-01-26,9.53,9.76,9.51,9.67,4900
2016-01-27,9.72,9.84,9.7,9.7,1100
2016-01-28,9.71,9.75,9.5,9.54,5900
2016-01-29,9.62,9.84,9.62,9.68,2500
2016-02-01,9.67,9.81,9.67,9.77,1400
2016-02-02,9.86,10.15,9.8,9.8,3300
2016-02-03,10.36,10.36,9.66,9.75,4800
2016-02-04,9.75,9.79,9.68,9.68,2500
2016-02-05,9.66,9.68,9.65,9.65,1700
2016-02-08,9.64,9.81,9.26,9.46,13400
2016-02-09,9.8,9.8,9.16,9.23,11700
2016-02-10,9.8,9.8,9.1,9.19,11700
2016-02-11,9.01,9.86,9,9.06,13000
2016-02-12,9,9.1,8.82,8.97,12500
2016-02-16,9.4,9.4,9.03,9.29,2600
2016-02-17,9.32,9.49,9.32,9.44,4300
2016-02-18,9.48,9.48,9.4,9.42,2300
2016-02-19,9.34,9.72,9.34,9.53,6100
2016-02-22,9.53,9.79,9.45,9.57,8000
2016-02-23,9.56,9.93,9.56,9.6,4500
2016-02-24,10.01,10.18,9.75,10.15,12800
2016-02-25,10.13,10.46,9.92,10.08,9500
2016-02-26,10.35,10.39,10.18,10.21,14900
2016-02-29,10.4,10.5,10.31,10.36,13000
2016-03-01,10.51,10.97,10.36,10.73,24100
2016-03-02,10.64,11,10.63,10.75,83800
2016-03-03,10.94,11.24,10.93,11.18,8000
2016-03-04,11.2,11.2,11.03,11.03,26100
2016-03-07,11.06,11.34,11.06,11.33,37900
2016-03-08,11.24,11.27,11.1,11.11,13800
2016-03-09,11.17,11.27,11.15,11.27,5200
2016-03-10,11.19,11.3,11.01,11.07,9200
2016-03-11,11.17,11.25,11.13,11.18,7300
2016-03-14,11.36,11.36,11.19,11.19,1200
2016-03-15,11.27,11.27,11,11,4200
2016-03-16,11.01,11.27,11,11.03,1900
2016-03-17,11,11.21,11,11.21,17200
2016-03-18,11.24,11.24,10.9,10.9,9800
2016-03-21,10.9,11.21,10.46,11.03,39800
2016-03-22,11.03,11.22,10.98,11,12000
2016-03-23,11.08,11.19,10.75,11.03,14200
2016-03-24,10.94,11.11,10.94,11.04,16100
2016-03-28,11.17,11.24,11.1,11.21,8600
2016-03-29,11.13,11.4,11.13,11.29,9600
2016-03-30,11.29,11.34,11.07,11.22,6400
2016-03-31,11.07,11.37,10.91,10.95,10300
2016-04-01,11.24,11.24,11,11.06,8700
2016-04-04,11.19,11.19,10.9,10.96,3200
2016-04-05,10.95,11,10.88,10.88,6700
2016-04-06,10.85,10.88,10.85,10.88,1700
2016-04-07,10.85,11.08,10.85,10.94,1500
2016-04-08,11.04,11.04,10.57,10.97,10600
2016-04-11,10.89,10.89,10.61,10.62,7200
2016-04-12,10.61,10.61,10.6,10.6,900
2016-04-13,10.6,10.72,10.6,10.71,10300
2016-04-14,10.7,11.01,10.7,10.9,11600
2016-04-15,11.12,11.23,11.02,11.1,4900
2016-04-18,11.17,11.17,10.71,10.76,3400
2016-04-19,10.84,10.92,10.77,10.9,18100
2016-04-20,10.99,11.34,10.99,11.23,11600
2016-04-21,11.3,11.34,11.29,11.29,11200
2016-04-22,11.14,11.28,11.11,11.11,4400
2016-04-25,11.23,11.34,11.12,11.26,3400
2016-04-26,11.33,11.34,11.18,11.26,2200
2016-04-27,11.24,11.24,11.24,11.24,400
2016-04-28,11.07,11.32,11.07,11.3,8900
2016-04-29,11.32,11.32,11.23,11.23,1600
2016-05-02,11.27,11.33,11.05,11.19,8300
2016-05-03,11.23,11.25,11.18,11.18,6900
2016-05-04,11.2,11.34,11.08,11.08,9700
2016-05-05,11.2,11.22,11.2,11.2,7200
2016-05-06,11.2,11.27,11.2,11.2,1700
2016-05-09,11.2,11.34,11.2,11.2,2000
2016-05-10,11.2,11.34,11.2,11.34,800
2016-05-11,11.34,11.34,11.1,11.26,1400
2016-05-12,11.11,11.2,11.1,11.1,4000
2016-05-13,11.06,11.06,10.81,10.81,300
2016-05-16,10.81,10.81,10.53,10.53,5300
2016-05-17,10.7,10.74,10.44,10.51,5600
2016-05-18,10.51,10.51,10.51,10.51,0
2016-05-19,10.66,10.75,10.55,10.75,1100
2016-05-20,10.94,10.94,10.71,10.71,400
2016-05-23,10.71,10.72,10.3,10.3,4200
2016-05-24,10.33,10.44,10.24,10.43,8700
2016-05-25,10.21,10.4,10.21,10.4,1900
2016-05-26,10.25,10.39,10.25,10.39,2100
2016-05-27,10.39,10.51,10.39,10.51,700
2016-05-31,10.5,10.5,10.34,10.34,1400
2016-06-01,10.29,10.29,10.29,10.29,600
2016-06-02,10.25,10.36,10.25,10.36,5300
2016-06-03,10.32,10.51,10.32,10.34,3000
2016-06-06,10.37,10.37,10.33,10.36,2100
2016-06-07,10.47,10.65,10.26,10.4,11000
2016-06-08,10.4,10.4,10.4,10.4,0
2016-06-09,10.29,10.29,10.24,10.25,3300
2016-06-10,10.2,10.46,10.2,10.3,3400
2016-06-13,10.23,10.25,10.16,10.25,2500
2016-06-14,10.06,10.15,10.06,10.15,2000
2016-06-15,10.06,10.19,10.03,10.15,4500
2016-06-16,10.01,10.15,10.01,10.07,1200
2016-06-17,10.01,10.08,9.9,10.08,2000
2016-06-20,10.02,10.16,10.01,10.16,7400
2016-06-21,10.01,10.15,10.01,10.15,12300
2016-06-22,10.17,10.19,10.04,10.1,4600
2016-06-23,10.18,10.28,10.15,10.18,4300
2016-06-24,10.13,10.13,9.82,9.93,2600
2016-06-27,9.75,9.84,9.66,9.77,4400
2016-06-28,9.77,9.77,9.65,9.7,1100
2016-06-29,9.83,9.84,9.75,9.75,1000
2016-06-30,9.76,9.84,9.71,9.84,5500
2016-07-01,9.75,9.85,9.58,9.85,10000
2016-07-05,9.67,9.84,9.65,9.84,3600
2016-07-06,9.8,9.82,9.77,9.8,800
2016-07-07,9.69,9.7,9.69,9.7,300
2016-07-08,9.7,9.7,9.7,9.7,500
2016-07-11,9.66,9.9,9.61,9.9,4900
2016-07-12,9.71,9.92,9.71,9.92,3800
2016-07-13,9.92,9.92,9.83,9.91,3000
2016-07-14,9.95,9.99,9.83,9.85,4100
2016-07-15,9.99,9.99,9.99,9.99,200
2016-07-18,9.9,10.21,9.9,9.91,2200
2016-07-19,9.93,10.06,9.9,10.06,2500
2016-07-20,9.89,9.89,9.88,9.88,400
2016-07-21,9.88,10.01,9.88,10,1000
2016-07-22,9.87,9.87,9.87,9.87,300
2016-07-25,9.93,10,9.89,9.89,2500
2016-07-26,9.9,9.91,9.9,9.91,2500
2016-07-27,9.95,10,9.91,10,3700
2016-07-28,9.96,10.23,9.96,10.23,3500
2016-07-29,10.23,10.23,10.23,10.23,0
2016-08-01,10.23,10.23,10.23,10.23,0
2016-08-02,10.02,10.12,10.02,10.12,1100
2016-08-03,10.11,10.34,10.01,10.34,5900
2016-08-04,10.15,10.18,10.11,10.18,5500
2016-08-05,10.16,10.16,10.14,10.14,4500
2016-08-08,10.12,10.14,10.06,10.07,4300
2016-08-09,10.08,10.08,10.02,10.02,200
2016-08-10,10.02,10.02,10.02,10.02,0
2016-08-11,10.01,10.09,9.99,10.01,5200
2016-08-12,9.97,10.05,9.97,9.97,3200
2016-08-15,10,10.1,10,10,1600
2016-08-16,10.1,10.18,10.1,10.1,4800
2016-08-17,10.09,10.09,10.01,10.01,400
2016-08-18,10.07,10.16,10.01,10.16,3300
2016-08-19,10.16,10.3,10.16,10.2,7400
2016-08-22,10.2,10.2,10.2,10.2,500
2016-08-23,10.2,10.2,10.2,10.2,0
2016-08-24,10.26,10.38,10.21,10.38,1400
2016-08-25,10.3,10.52,10.3,10.52,800
2016-08-26,10.45,10.55,10.45,10.45,7000
2016-08-29,10.45,10.55,10.45,10.55,1100
2016-08-30,10.5,10.5,10.45,10.45,600
2016-08-31,10.46,10.46,10.46,10.46,200
2016-09-01,10.45,10.46,10.45,10.46,4800
2016-09-02,10.45,10.46,10.25,10.26,1800
2016-09-06,10.32,10.43,10.32,10.42,1600
2016-09-07,10.25,10.57,10.25,10.36,13800
2016-09-08,10.46,10.46,10.32,10.32,1300
2016-09-09,10.32,10.57,10.16,10.48,16600
2016-09-12,10.46,10.46,10.35,10.4,1800
2016-09-13,10.4,10.61,10.34,10.57,900
2016-09-14,10.46,10.57,10.32,10.54,1500
2016-09-15,10.5,10.57,10.32,10.57,1900
2016-09-16,10.35,10.5,10.3,10.4,7400
2016-09-19,10.45,10.53,10.37,10.53,7200
2016-09-20,10.53,10.57,10.47,10.51,3700
2016-09-21,10.53,10.57,10.53,10.57,1000
2016-09-22,10.48,10.63,10.48,10.5,3500
2016-09-23,10.67,10.79,10.6,10.79,11400
2016-09-26,10.86,11.16,10.86,11.1,16000
2016-09-27,11.2,11.99,11.2,11.9,9500
2016-09-28,11.99,12.29,11.9,12.04,22500
2016-09-29,12.26,12.26,11.9,12,11300
2016-09-30,12.05,12.38,12.05,12.38,3700
2016-10-03,11.96,12.44,11.96,12.43,2500
2016-10-04,12.44,12.44,12.05,12.17,1100
2016-10-05,12.21,12.21,12.01,12.03,2200
2016-10-06,11.96,12.19,11.96,12.19,2200
2016-10-07,11.75,11.95,11.06,11.3,14100
2016-10-10,11.33,11.5,11.33,11.5,2100
2016-10-11,11.5,11.5,11.5,11.5,500
2016-10-12,11.39,11.67,11.39,11.67,2000
2016-10-13,11.48,11.6,11.48,11.5,700
2016-10-14,11.55,11.55,11.55,11.55,1300
2016-10-17,11.64,11.64,11.64,11.64,300
2016-10-18,11.83,11.83,11.73,11.8,1400
2016-10-19,11.74,11.74,11.69,11.69,1800
2016-10-20,11.65,11.65,11.65,11.65,200
2016-10-21,11.4,11.4,11.4,11.4,200
2016-10-24,11.65,11.81,11.64,11.64,3100
2016-10-25,11.65,11.76,11.65,11.76,4500
2016-10-26,11.67,11.67,11.5,11.5,3600
2016-10-27,11.55,11.6,11.31,11.6,12300
2016-10-28,11.59,11.82,11.59,11.82,3100
2016-10-31,11.8,12,11.65,11.65,2200
2016-11-01,11.7,11.7,11.6,11.61,7700
2016-11-02,11.61,11.61,11.61,11.61,500
2016-11-03,11.75,11.8,11.65,11.65,800
2016-11-04,11.89,11.9,11.6,11.6,400
2016-11-07,12.1,12.15,12.05,12.05,2400
2016-11-08,11.85,12.1,11.85,11.95,3100
2016-11-09,12.1,12.3,12.05,12.24,3200
2016-11-10,12.05,12.2,11.75,12,14300
2016-11-11,11.97,11.97,11.86,11.86,300
2016-11-14,12.15,12.2,12.15,12.2,1200
2016-11-15,12,12.35,11.95,12.2,4300
2016-11-16,12.3,12.35,12.3,12.35,3400
2016-11-17,12.5,12.7,12.4,12.5,12400
2016-11-18,12.5,12.74,12.5,12.5,5800
2016-11-21,12.85,13.45,12.85,13.45,10700
2016-11-22,13.5,13.99,13.45,13.5,17700
2016-11-23,13.45,14,13.4,13.45,27800
2016-11-25,13.27,13.27,12.75,12.8,2800
2016-11-28,13.05,13.05,12.85,12.9,2600
2016-11-29,12.9,12.95,12.9,12.9,2100
2016-11-30,13,13.2,12.9,12.95,5200
2016-12-01,13.42,13.59,13.35,13.55,6300
2016-12-02,13.65,13.9,13.65,13.9,6600
2016-12-05,13.9,13.9,12.55,12.8,21900
2016-12-06,12.8,13.65,12.8,13,9900
2016-12-07,13.05,13.5,13,13.35,13800
2016-12-08,13.4,14.25,13.4,13.7,9500
2016-12-09,13.75,14.15,13.75,14.15,14600
2016-12-12,14.4,15.32,14.25,14.35,25700
2016-12-13,14.5,15,14.45,14.55,13100
2016-12-14,14.55,14.6,14.2,14.5,14900
2016-12-15,14.5,14.8,14.3,14.75,15500
2016-12-16,14.75,14.75,14.65,14.65,80100
2016-12-19,14.75,14.85,14.56,14.7,3900
2016-12-20,14.68,14.85,14.68,14.8,2500
2016-12-21,14.85,14.85,14.7,14.75,6500
2016-12-22,14.84,14.85,14.7,14.8,6000
2016-12-23,14.89,14.9,14.75,14.9,6000
2016-12-27,15,15.8,14.87,15.8,5100
2016-12-28,16,16.299999,15.35,15.55,16700
2016-12-29,16,16.75,15.65,16.35,20000
2016-12-30,16.25,16.950001,15.58,15.95,6100
2017-01-03,16.15,16.15,15.7,15.95,10600
2017-01-04,15.81,16.32,14.31,15.3,14000
2017-01-05,14.85,15.8,14.8,15,9000
2017-01-06,15.2,15.2,14.4,14.7,11700
2017-01-09,14.7,14.7,14,14.15,10000
2017-01-10,14.15,14.45,14.15,14.2,3100
2017-01-11,14.3,14.3,13.8,14.15,15300
2017-01-12,14.04,14.39,13.85,14.15,1500
2017-01-13,14.15,14.25,14.15,14.25,800
2017-01-17,14,14.25,13.8,14.15,13100
2017-01-18,14.25,14.79,14.25,14.55,3600
2017-01-19,14.1,14.99,14.1,14.4,2400
2017-01-20,14.45,14.5,14.07,14.4,1900
2017-01-23,14.25,14.25,14.15,14.15,2800
2017-01-24,14.16,14.5,14.16,14.5,2200
2017-01-25,14.35,14.45,14.35,14.4,1500
2017-01-26,14.6,14.85,14.6,14.85,2800
2017-01-27,14.9,14.9,14.15,14.45,3100
2017-01-30,14.55,14.6,14.19,14.28,4000
2017-01-31,14.3,14.3,14.15,14.3,7800
2017-02-01,14.3,14.45,14.3,14.45,2100
2017-02-02,14.55,14.7,14.32,14.55,5900
2017-02-03,14.45,14.95,14.45,14.9,1500
2017-02-06,14.96,15,14.66,14.8,5500
2017-02-07,15,15.1,14.86,14.95,6900
2017-02-08,14.8,15,14.8,14.95,2700
2017-02-09,15.15,15.35,15.15,15.35,1500
2017-02-10,15.35,15.42,15.35,15.42,1400
2017-02-13,15.4,15.4,14.98,15.25,1200
2017-02-14,15.3,15.62,15,15.35,18800
2017-02-15,15.68,15.68,15.45,15.45,1000
2017-02-16,15.41,15.71,15.41,15.55,1900
2017-02-17,15.75,15.75,15.5,15.55,1500
2017-02-21,15.75,15.75,15.1,15.5,5400
2017-02-22,15.1,15.3,14.4,14.8,13600
2017-02-23,14.9,14.97,14.51,14.7,8300
2017-02-24,14.65,14.7,14.5,14.6,4700
2017-02-27,14.7,14.95,14.41,14.75,2700
2017-02-28,14.55,14.7,14.55,14.65,2700
2017-03-01,14.85,15.04,14.65,14.85,5800
2017-03-02,14.8,15.1,14.65,14.65,3200
2017-03-03,14.65,14.65,14.4,14.51,6700
2017-03-06,14.6,14.6,13.96,14.2,13500
2017-03-07,14.2,14.55,13.23,13.5,18000
2017-03-08,13.65,13.65,13.1,13.3,12700
2017-03-09,13.4,13.4,13,13.15,12800
2017-03-10,13.1,13.7,13,13.25,6800
2017-03-13,13.1,13.15,13.05,13.15,5200
2017-03-14,13.05,13.25,13.05,13.25,4500
2017-03-15,13.2,13.45,13.2,13.25,5200
2017-03-16,13.35,13.4,13.05,13.4,7200
2017-03-17,13.05,13.4,13.05,13.4,4000
2017-03-20,13.15,13.25,13.08,13.2,11200
2017-03-21,13.1,13.15,13.06,13.15,1300
2017-03-22,13.05,13.15,13,13.15,13400
2017-03-23,13.2,13.75,13.2,13.75,9400
2017-03-24,13.75,13.8,13.69,13.75,4100
2017-03-27,13.65,14.3,13.65,14.3,7500
2017-03-28,14.26,14.26,14.1,14.1,2400
2017-03-29,14.2,14.4,14,14.06,5600
2017-03-30,14.1,14.7,14.1,14.65,9000
2017-03-31,14.55,14.6,14.35,14.5,6600
2017-04-03,14.45,14.7,14.2,14.35,14600
2017-04-04,14.45,14.5,14.4,14.4,4200
2017-04-05,14.5,14.5,14,14,8300
2017-04-06,14,14.3,14,14.3,2500
2017-04-07,14.2,14.25,13.85,13.9,9900
2017-04-10,14.05,14.05,13.95,14,1800
2017-04-11,14,14.1,13.9,13.9,1800
2017-04-12,13.9,14,13.9,13.9,4300
2017-04-13,13.95,14.03,13.9,13.9,3000
2017-04-17,13.95,14.2,13.9,14.05,1800
2017-04-18,13.9,14,13.9,13.9,1500
2017-04-19,13.9,13.9,13.9,13.9,100
2017-04-20,13.97,13.97,13.97,13.97,400
2017-04-21,13.99,13.99,13.8,13.85,4500
2017-04-24,13.9,14.1,13.9,13.9,3600
2017-04-25,14.05,14.09,14.05,14.05,4500
2017-04-26,14.1,14.1,13.9,13.98,2200
2017-04-27,13.9,13.95,13.9,13.95,800
2017-04-28,13.95,13.95,13.95,13.95,0
2017-05-01,13.9,14,13.9,14,4000
2017-05-02,14.05,14.11,14,14.11,3400
2017-05-03,14.1,14.15,14,14.1,1300
2017-05-04,14.05,14.15,14,14.1,2200
2017-05-05,14.1,14.2,14.05,14.2,2100
2017-05-08,14.2,14.2,14.2,14.2,600
2017-05-09,14.14,14.14,14.14,14.14,300
2017-05-10,14.2,14.27,14.2,14.27,1600
2017-05-11,14.25,14.26,14.25,14.26,400
2017-05-12,14.15,14.36,14.15,14.35,2600
2017-05-15,14.35,14.35,14.15,14.25,1600
2017-05-16,14.2,14.65,14.2,14.6,32000
2017-05-17,14.45,14.7,14.2,14.2,22100
2017-05-18,14.25,14.26,14.1,14.25,10100
2017-05-19,14.7,14.7,14.7,14.7,100
2017-05-22,14.65,14.73,14.65,14.68,6700
2017-05-23,14.4,14.55,14.4,14.45,3500
2017-05-24,14.5,14.5,14.41,14.41,3000
2017-05-25,14.65,15,14.61,14.93,8100
2017-05-26,14.76,14.95,14.75,14.75,6200
2017-05-30,14.76,14.85,14.75,14.85,700
2017-05-31,14.75,15,14.64,15,3800
2017-06-01,15,15,14.9,14.9,1300
2017-06-02,14.75,15,14.75,14.95,2900
2017-06-05,14.81,15,14.8,14.8,5400
2017-06-06,14.76,14.8,14.7,14.8,10900
2017-06-07,14.91,15.05,14.9,15.03,2900
2017-06-08,15.05,15.1,14.95,15.1,3200
2017-06-09,15.15,15.6,15.15,15.6,4900
2017-06-12,15.45,15.45,15.1,15.35,2700
2017-06-13,15.1,15.15,14.9,15.1,4100
2017-06-14,15.1,15.3,15.1,15.2,7400
2017-06-15,15.15,15.6,15.15,15.6,2300
2017-06-16,15.65,15.65,14.85,15.1,22600
2017-06-19,15.8,15.8,14.9,15,15000
2017-06-20,15.25,15.25,14.8,14.88,2600
2017-06-21,15,15,15,15,200
2017-06-22,15,15.15,14.9,15.05,5200
2017-06-23,14.95,15.05,14.6,14.8,14200
2017-06-26,14.95,15.05,14.9,14.9,4100
2017-06-27,14.9,14.9,14.9,14.9,0
2017-06-28,14.85,15.1,14.85,15.05,5500
2017-06-29,15.2,15.2,14.45,14.85,33300
2017-06-30,14.7,14.9,14.65,14.9,7700
2017-07-03,14.9,14.9,14.9,14.9,0
2017-07-05,14.71,15,14.71,14.9,2400
2017-07-06,14.9,14.95,14.9,14.95,3300
2017-07-07,14.95,14.95,14.95,14.95,1600
2017-07-10,14.89,14.9,14.85,14.9,700
2017-07-11,14.85,14.9,14.8,14.8,1100
2017-07-12,14.85,15.15,14.83,15.15,4200
2017-07-13,15.1,15.15,15,15.15,5700
2017-07-14,15.19,15.2,15.15,15.2,1200
2017-07-17,15.05,15.15,15.05,15.05,6300
2017-07-18,15.13,15.13,15.13,15.13,500
2017-07-19,15.13,15.13,15.13,15.13,0
2017-07-20,15.13,15.13,15.05,15.1,1500
2017-07-21,15.15,15.15,15.05,15.15,5500
2017-07-24,15.2,15.2,15.2,15.2,400
2017-07-25,15.2,15.25,15.15,15.25,5900
2017-07-26,15.25,15.25,15.25,15.25,0
2017-07-27,15.1,15.3,15.1,15.25,1800
2017-07-28,15.1,15.3,15.1,15.3,1300
2017-07-31,15.2,15.2,15.1,15.1,900
2017-08-01,15,15,14.9,14.91,4200
2017-08-02,14.8,14.8,14.8,14.8,500
2017-08-03,15,15,14.8,14.8,4600
2017-08-04,14.75,15,14.55,14.9,22500
2017-08-07,14.85,14.97,14.7,14.8,9200
2017-08-08,14.73,15,14.7,14.75,9200
2017-08-09,14.75,14.9,14.75,14.8,6100
2017-08-10,14.75,14.9,14.75,14.85,3600
2017-08-11,14.73,14.9,14.7,14.8,9700
2017-08-14,15.05,15.25,14.95,15.2,16300
2017-08-15,15.1,15.2,15.1,15.2,600
2017-08-16,15.2,15.25,15.2,15.2,5100
2017-08-17,15.15,15.15,14.95,15,7900
2017-08-18,15,15.1,15,15.1,1300
2017-08-21,15.15,15.15,14.8,14.9,4000
2017-08-22,14.9,15.75,14.8,15.55,44700
2017-08-23,15.45,15.7,14.9,15.15,48300
2017-08-24,15.1,15.16,14.95,15,2400
2017-08-25,14.95,15.3,14.85,15.28,2400
2017-08-28,15.05,15.25,15,15.05,7700
2017-08-29,15.15,15.25,15.15,15.25,1600
2017-08-30,15.25,15.35,15.25,15.35,1900
2017-08-31,15.45,15.95,15.45,15.75,11400
2017-09-01,15.75,16.129999,15.75,16.1,4800
2017-09-05,16.15,16.15,15.81,16,11000
2017-09-06,16,16,15.55,15.6,3300
2017-09-07,15.6,15.6,15.2,15.2,12600
2017-09-08,15.25,15.3,15.25,15.3,2700
2017-09-11,15.3,15.65,15.3,15.5,7900
2017-09-12,15.5,15.55,15.5,15.55,2600
2017-09-13,15.4,15.69,15.4,15.4,4300
2017-09-14,15.35,15.4,15.3,15.3,1200
2017-09-15,15.3,15.35,15.1,15.1,6400
2017-09-18,15.1,15.25,15.1,15.25,2600
2017-09-19,15.4,15.5,15.3,15.3,6600
2017-09-20,15.4,15.5,15.3,15.5,5700
2017-09-21,15.4,15.55,15.4,15.55,1800
2017-09-22,15.5,15.8,15.5,15.8,1600
2017-09-25,15.55,15.55,15.2,15.3,8000
2017-09-26,15.3,15.38,15.3,15.3,3700
2017-09-27,15.51,16.049999,15.4,15.4,7700
2017-09-28,15.6,16.299999,15.6,16.299999,4700
2017-09-29,16.4,16.65,16.4,16.65,10900
2017-10-02,16.6,16.85,16.25,16.4,6700
2017-10-03,16.4,17.200001,16.4,17.1,6800
2017-10-04,16.85,17.049999,16.85,16.85,11400
2017-10-05,17.26,17.26,17.1,17.1,500
2017-10-06,17.15,17.15,17.1,17.15,1000
2017-10-09,16.85,16.85,16.6,16.700001,6900
2017-10-10,16.65,16.65,16.65,16.65,200
2017-10-11,16.85,17.1,15.75,16.5,9600
2017-10-12,16.4,17.299999,16.4,16.700001,14100
2017-10-13,16.75,16.959999,16.65,16.65,3300
2017-10-16,16.620001,16.620001,16.27,16.299999,3900
2017-10-17,16.200001,16.4,16.15,16.299999,9300
2017-10-18,16.299999,16.799999,16.299999,16.799999,9000
2017-10-19,16.700001,17.200001,16.700001,17.200001,2800
2017-10-20,17.299999,17.299999,17.1,17.200001,2400
2017-10-23,17.25,17.34,17.200001,17.200001,2500
2017-10-24,17.200001,17.35,17.200001,17.299999,7500
2017-10-25,17.23,17.66,17.23,17.66,3300
2017-10-26,17.5,17.690001,17.299999,17.5,16400
2017-10-27,17.41,17.700001,17.41,17.65,900
2017-10-30,17.6,17.700001,17.6,17.65,4800
2017-10-31,17.549999,17.549999,17.5,17.5,2200
2017-11-01,17.549999,17.549999,17.4,17.5,800
2017-11-02,17.35,17.6,17.35,17.6,2500
2017-11-03,17.799999,18.200001,17.610001,17.700001,9400
2017-11-06,17.799999,18.299999,17.799999,18.1,6200
2017-11-07,18.299999,18.299999,17.65,17.799999,5600
2017-11-08,17.75,17.790001,17.700001,17.700001,1500
2017-11-09,17.700001,17.889999,17.700001,17.700001,1100
2017-11-10,17.700001,17.700001,17.6,17.6,2300
2017-11-13,17.6,17.65,17.6,17.610001,1300
2017-11-14,17.65,17.709999,17.610001,17.65,2300
2017-11-15,17.65,17.700001,17.5,17.5,4000
2017-11-16,17.549999,17.549999,17.299999,17.4,3800
2017-11-17,17.299999,17.299999,17.200001,17.200001,1100
2017-11-20,17.200001,17.299999,17.18,17.200001,7300
2017-11-21,17.15,17.299999,17.1,17.200001,10700
2017-11-22,17.25,17.25,17.25,17.25,400
2017-11-24,17.299999,17.35,17.01,17.35,900
2017-11-27,17.049999,17.15,17.049999,17.15,1300
2017-11-28,17.25,17.25,17.200001,17.25,700
2017-11-29,17.35,17.549999,17.35,17.52,4400
2017-11-30,17.549999,17.549999,17.549999,17.549999,900
2017-12-01,17.15,17.6,17.15,17.6,700
2017-12-04,17.299999,17.5,17.25,17.360001,4400
2017-12-05,17.200001,17.25,17.200001,17.25,1100
2017-12-06,17.15,17.15,17,17.1,5300
2017-12-07,16.93,16.99,16.93,16.99,500
2017-12-08,16.950001,17.129999,16.9,17,12400
2017-12-11,17.129999,17.4,17.129999,17.25,7000
2017-12-12,17.299999,17.299999,16.85,17,7000
2017-12-13,17.15,17.200001,16.950001,17.15,4400
2017-12-14,17.1,17.1,17.1,17.1,200
2017-12-15,17.200001,17.4,17.1,17.4,43400
2017-12-18,16.950001,17.379999,16.950001,17.35,2200
2017-12-19,17.15,18.15,16.940001,18,11200
2017-12-20,17.9,18.049999,17.549999,17.549999,11400
2017-12-21,17.549999,18,17.549999,17.950001,3500
2017-12-22,17.6,17.950001,17.25,17.5,37100
2017-12-26,17.450001,17.5,17.35,17.35,900
2017-12-27,17.299999,17.299999,16.809999,16.809999,2300
2017-12-28,16.799999,17.27,16.75,17.27,3800
2017-12-29,17.6,17.6,17.4,17.4,3000
2018-01-02,17.35,17.4,17,17.4,8000
2018-01-03,17.35,17.35,16.950001,17.35,4200
2018-01-04,17.18,17.450001,17.09,17.450001,22900
2018-01-05,17.35,17.5,17.35,17.5,4700
2018-01-08,17.35,18,17.35,17.950001,8200
2018-01-09,17.5,18.1,17.5,18.07,9200
2018-01-10,18.1,18.15,17.93,17.93,1800
2018-01-11,17.9,18.1,17.9,18.049999,1300
2018-01-12,18.15,18.200001,18.049999,18.049999,2900
2018-01-16,18.200001,18.200001,18.049999,18.049999,2600
2018-01-17,17.73,17.99,17.5,17.84,2400
2018-01-18,17.65,17.66,17.440001,17.530001,3500
2018-01-19,17.35,17.559999,17.35,17.5,3000
2018-01-22,17.450001,17.459999,17.35,17.459999,2600
2018-01-23,17.4,17.4,17.299999,17.35,11100
2018-01-24,17.35,17.4,17.35,17.4,4600
2018-01-25,17.35,17.35,17.35,17.35,800
2018-01-26,17.35,17.450001,17.35,17.43,7600
2018-01-29,17.35,17.370001,17.35,17.35,1000
2018-01-30,17.379999,17.4,17.35,17.4,2300
2018-01-31,17.4,17.65,17.4,17.65,1100
2018-02-01,17.35,17.469999,17.35,17.4,2500
2018-02-02,17.35,17.450001,17.35,17.450001,1800
2018-02-05,17.35,17.4,16.790001,16.799999,5200
2018-02-06,17.030001,17.030001,16.799999,16.85,1600
2018-02-07,16.950001,16.950001,16.6,16.690001,3100
2018-02-08,16.85,16.85,16.6,16.76,208900
2018-02-09,16.92,16.92,16.809999,16.85,2000
2018-02-12,17,17.049999,17,17.049999,3200
2018-02-13,17.1,17.1,17.01,17.1,1600
2018-02-14,16.85,17.25,16.85,17.25,4100
2018-02-15,17.1,17.1,17.1,17.1,600
2018-02-16,17.33,17.33,17.33,17.33,500
2018-02-20,16.959999,17.200001,16.75,16.75,3000
2018-02-21,16.700001,17.1,16.700001,17.1,3600
2018-02-22,17.15,17.15,16.9,17,400
2018-02-23,17.15,17.200001,16.950001,17.200001,30500
2018-02-26,17.200001,17.299999,16.75,17.299999,7600
2018-02-27,17.35,17.450001,17.33,17.450001,700
2018-02-28,17.18,17.25,17.18,17.25,1100
2018-03-01,17.450001,17.450001,17.299999,17.4,2700
2018-03-02,17.4,17.65,17.4,17.65,44000
2018-03-05,17.549999,19,17.549999,18.9,17500
2018-03-06,18.4,19.5,18.049999,19.15,13100
2018-03-07,19.200001,19.950001,19.200001,19.75,11300
2018-03-08,19.6,19.950001,19.549999,19.950001,9700
2018-03-09,19.950001,20.200001,19.200001,19.799999,11700
2018-03-12,19.4,19.950001,19,19,7800
2018-03-13,19.35,19.75,19.1,19.700001,13100
2018-03-14,19.65,20.25,19.549999,19.85,18600
2018-03-15,19.299999,19.950001,19.110001,19.5,17800
2018-03-16,19.25,19.9,18.549999,19,91300
2018-03-19,19.1,19.549999,18.799999,19.1,57800
2018-03-20,19.049999,19.4,19.049999,19.299999,40100
2018-03-21,19.16,19.4,19.16,19.25,2700
2018-03-22,18.950001,19.4,18.85,19.299999,27200
2018-03-23,19.35,19.4,18.66,18.9,3900
2018-03-26,18.700001,19,18.5,18.950001,6400
2018-03-27,19.1,19.1,18.85,18.9,3200
2018-03-28,18.799999,19.15,18.5,18.950001,6000
2018-03-29,18.9,19.200001,18.66,19.200001,4200
2018-04-02,19.15,19.950001,19.129999,19.700001,11400
2018-04-03,19.549999,19.889999,19.15,19.549999,6200
2018-04-04,19.4,19.42,19.219999,19.4,2300
2018-04-05,19.5,19.620001,19.299999,19.4,2800
2018-04-06,19.5,19.75,19.450001,19.700001,25300
2018-04-09,19.700001,19.700001,19.25,19.25,2100
2018-04-10,19.1,19.700001,19.1,19.700001,7000
2018-04-11,19.700001,19.700001,19.299999,19.299999,300
2018-04-12,19.15,19.4,19.15,19.4,2900
2018-04-13,19.200001,19.700001,18.85,19.4,7000
2018-04-16,18.57,19.15,18.57,19.1,4100
2018-04-17,19.1,19.15,19.049999,19.15,3400
2018-04-18,19.25,19.4,19.15,19.35,12400
2018-04-19,19.450001,19.450001,19.4,19.4,1200
2018-04-20,19.110001,19.450001,19.110001,19.450001,3300
2018-04-23,19.15,19.35,19.15,19.35,1500
2018-04-24,19.65,19.65,19.059999,19.299999,2200
2018-04-25,19.25,19.450001,19.25,19.25,4000
2018-04-26,19.35,19.4,19.25,19.25,1000
2018-04-27,19.25,19.25,19.25,19.25,900
2018-04-30,19.35,19.4,19.25,19.25,2000
2018-05-01,19.25,19.4,19.25,19.4,2800
2018-05-02,19.299999,19.35,19.25,19.25,5000
2018-05-03,19.35,19.370001,18.799999,18.799999,6300
2018-05-04,18.75,19.030001,18.65,18.799999,2000
2018-05-07,18.65,18.83,18.549999,18.700001,2900
2018-05-08,18.549999,18.799999,18.549999,18.700001,2200
2018-05-09,18.6,18.700001,18.5,18.700001,2700
2018-05-10,18.6,21.6,18.6,20.75,167100
2018-05-11,20.799999,22.9,20.75,22.549999,277800
2018-05-14,22.5,22.5,20.4,20.4,29500
2018-05-15,20.25,20.6,20.25,20.6,11000
2018-05-16,20.65,20.950001,20.200001,20.35,10700
2018-05-17,20.4,20.950001,20.200001,20.65,4800
2018-05-18,20.799999,20.799999,20.35,20.65,5200
2018-05-21,20.58,20.75,20.360001,20.65,3900
2018-05-22,20.700001,20.700001,20.549999,20.65,1600
2018-05-23,20.65,20.65,20.299999,20.5,3600
2018-05-24,20.41,20.5,20.379999,20.5,3500
2018-05-25,20.540001,20.540001,20.18,20.35,3100
2018-05-29,20.49,20.65,20.35,20.549999,5200
2018-05-30,20.549999,20.65,20.4,20.549999,9300
2018-05-31,20.57,20.57,20.450001,20.5,3600
2018-06-01,20.4,20.42,19.9,20.200001,7600
2018-06-04,20.15,20.299999,20.15,20.15,4700
2018-06-05,20.139999,20.5,20.1,20.450001,3700
2018-06-06,20.5,20.5,20.35,20.4,3500
2018-06-07,20.549999,20.950001,20.35,20.75,8300
2018-06-08,20.65,21,20.360001,20.9,7800
2018-06-11,21.15,23.1,21.15,22.700001,134400
2018-06-12,22.700001,23.75,22.629999,23.65,95600
2018-06-13,24.049999,24.32,23.879999,24.1,107400
2018-06-14,24.299999,24.299999,23.51,24,63800
2018-06-15,23.9,23.9,23.57,23.700001,78600
2018-06-18,23.6,23.6,23.110001,23.48,37100
2018-06-19,23.4,24,22.65,23.799999,48300
2018-06-20,23.799999,23.950001,23.299999,23.5,34000
2018-06-21,23.6,23.6,22.709999,23.299999,65600
2018-06-22,23.5,23.700001,21.15,22.5,784900
2018-06-25,22.299999,22.299999,20.450001,21.1,135300
2018-06-26,21,22.700001,20.860001,22.25,58900
2018-06-27,22.1,22.1,20.6,20.700001,25100
2018-06-28,20.65,20.65,20.15,20.450001,20300
2018-06-29,20.549999,20.73,20.35,20.450001,16800
2018-07-02,20.299999,20.35,19.9,20.35,12700
2018-07-03,20.4,20.4,20.02,20.1,6700
2018-07-05,20.049999,20.049999,19.9,19.950001,15400
2018-07-06,19.950001,19.950001,19.25,19.35,23900
2018-07-09,19.4,19.6,19.25,19.549999,18100
2018-07-10,19.6,19.690001,19.35,19.549999,9400
2018-07-11,19.5,19.52,19.299999,19.299999,9800
2018-07-12,19.35,19.35,19.049999,19.25,13900
2018-07-13,19.15,19.200001,19.02,19.1,5500
2018-07-16,19.1,19.5,19.1,19.35,9500
2018-07-17,19.299999,19.549999,19.200001,19.299999,11700
2018-07-18,19.299999,19.65,19.200001,19.299999,9400
2018-07-19,19.440001,19.440001,19.15,19.15,7500
2018-07-20,19.15,19.549999,19.1,19.15,5900
2018-07-23,19.15,19.299999,19.15,19.25,4100
2018-07-24,19.25,19.25,19.1,19.15,7700
2018-07-25,19.1,19.1,19,19.049999,9300
2018-07-26,19.1,19.4,19.1,19.299999,3400
2018-07-27,18.9,18.93,18.700001,18.85,9400
2018-07-30,18.91,19,18.6,18.700001,7700
2018-07-31,18.700001,18.9,18.65,18.700001,9600
2018-08-01,18.75,19.299999,18.75,19.049999,7600
2018-08-02,19.15,19.299999,19.15,19.25,2200
2018-08-03,19.25,19.75,19.25,19.65,13500
2018-08-06,19.77,19.9,19.66,19.9,4500
2018-08-07,19.9,19.9,19.700001,19.9,4600
2018-08-08,19.620001,19.950001,19.549999,19.9,3400
2018-08-09,20.15,20.6,20.15,20.450001,4900
2018-08-10,20.25,20.35,20.02,20.15,9200
2018-08-13,19.98,20.299999,19.98,20,4500
2018-08-14,20.16,20.16,19.9,20.049999,6900
2018-08-15,19.950001,20,19.65,19.75,7600
2018-08-16,20,20.700001,20,20.700001,5400
2018-08-17,20.549999,20.549999,20,20.25,18900
2018-08-20,20.1,20.700001,20.1,20.700001,2900
2018-08-21,20.700001,20.950001,20.700001,20.700001,5800
2018-08-22,20.540001,20.700001,20.450001,20.5,6300
2018-08-23,20.309999,20.65,20.309999,20.450001,5700
2018-08-24,20.6,20.6,20.35,20.5,2800
2018-08-27,20.6,20.6,20.5,20.5,4500
2018-08-28,20.700001,20.700001,20.1,20.25,2200
2018-08-29,20.25,20.25,19.91,20.049999,4300
2018-08-30,20.049999,20.25,20.049999,20.15,2300
2018-08-31,20.200001,20.200001,19.91,20.15,5300
2018-09-04,20.15,20.17,19.799999,19.799999,6500
2018-09-05,19.65,19.75,19.65,19.700001,3000
2018-09-06,19.549999,19.6,19.450001,19.450001,2600
2018-09-07,19.4,19.4,19.200001,19.200001,4800
2018-09-10,19.15,19.200001,18.98,19,4000
2018-09-11,18.950001,19.1,18.799999,19.1,5000
2018-09-12,18.799999,19,18.799999,19,6200
2018-09-13,18.85,18.950001,18.75,18.799999,5000
2018-09-14,18.799999,18.83,18.75,18.75,11100
2018-09-17,18.75,18.75,18.700001,18.700001,4400
2018-09-18,18.75,18.75,18.5,18.5,2900
2018-09-19,18.450001,18.549999,18.25,18.4,4200
2018-09-20,18.299999,18.59,18.299999,18.5,5800
2018-09-21,18.4,19,18.35,19,29300
2018-09-24,18.9,18.9,18.450001,18.700001,6800
2018-09-25,18.799999,18.9,18.35,18.35,12600
2018-09-26,18.6,18.799999,18.299999,18.4,3700
2018-09-27,18.299999,18.549999,18.299999,18.4,12100
2018-09-28,18.450001,18.799999,18.450001,18.799999,4700
2018-10-01,18.77,18.77,18.51,18.559999,4000
2018-10-02,18.52,18.6,18.299999,18.379999,14000
2018-10-03,18.5,19.129999,18.42,19,46800
2018-10-04,19.17,19.17,18.469999,18.65,6600
2018-10-05,18.790001,18.809999,18.66,18.700001,4300
2018-10-08,18.610001,19.290001,18.610001,19.139999,12800
2018-10-09,19.030001,19.91,19.030001,19.75,7800
2018-10-10,19.77,19.77,19.42,19.42,5000
2018-10-11,19.35,19.35,18.809999,18.809999,5500
2018-10-12,18.799999,18.799999,18.459999,18.459999,7600
2018-10-15,18.5,18.870001,18.35,18.870001,4900
2018-10-16,19,19,18.5,18.75,8600
2018-10-17,18.76,19.02,18.32,18.549999,5600
2018-10-18,18.459999,18.65,18.299999,18.58,3700
2018-10-19,18.469999,18.74,18.309999,18.309999,5600
2018-10-22,18.309999,18.440001,18.059999,18.209999,6900
2018-10-23,17.98,18.799999,17.549999,17.879999,15700
2018-10-24,17.540001,18.1,17.52,17.52,3900
2018-10-25,17.68,17.809999,17.049999,17.52,10300
2018-10-26,17.290001,17.940001,17.16,17.299999,5500
2018-10-29,17.52,17.77,17.440001,17.77,3800
2018-10-30,17.709999,18.17,17.51,18.1,7400
2018-10-31,18.139999,18.15,17.74,18,13300
2018-11-01,18.120001,18.440001,18.120001,18.290001,2700
2018-11-02,18.379999,18.59,18.049999,18.049999,7600
2018-11-05,17.780001,18.190001,17.780001,18.01,3600
2018-11-06,18.200001,18.6,18.200001,18.6,2200
2018-11-07,18.35,18.6,18.35,18.6,6500
2018-11-08,18.6,19.65,18.6,19.559999,62800
2018-11-09,19.139999,19.75,19.139999,19.549999,5300
2018-11-12,19.299999,19.299999,18.07,19.290001,6600
2018-11-13,19.290001,19.49,19.290001,19.49,8000
2018-11-14,19.5,19.5,18.799999,19.01,3200
2018-11-15,18.91,19,18.01,18.43,12900
2018-11-16,18.41,19,18.41,18.559999,4800
2018-11-19,18.700001,18.879999,18.59,18.59,8700
2018-11-20,18.52,18.73,18.200001,18.67,3500
2018-11-21,18.629999,18.639999,18.559999,18.639999,1600
2018-11-23,18.15,18.33,18.129999,18.33,3300
2018-11-26,18.24,18.299999,18.01,18.030001,4100
2018-11-27,18.040001,18.25,18,18.02,6900
2018-11-28,18.200001,18.35,18.030001,18.030001,111800
2018-11-29,18.049999,18.25,18.02,18.120001,4400
2018-11-30,18.25,18.25,18.030001,18.030001,9100
2018-12-03,18.15,18.309999,18.01,18.309999,6600
2018-12-04,18.27,18.27,17.76,17.76,8600
2018-12-06,17.65,18,17.65,17.93,7300
2018-12-07,17.969999,17.969999,17.65,17.73,6700
2018-12-10,17.610001,17.98,17.51,17.950001,5400
2018-12-11,18,18,17.620001,17.709999,4900
2018-12-12,17.51,17.790001,17.51,17.780001,11700
2018-12-13,17.309999,17.5,17,17,7600
2018-12-14,17.280001,17.280001,16.52,16.52,8800
2018-12-17,16.5,16.76,16.030001,16.27,11600
2018-12-18,16.4,16.4,15.86,15.99,12700
2018-12-19,16,16.35,16,16.049999,8300
2018-12-20,15.83,15.95,15.65,15.69,7600
2018-12-21,15.67,15.67,14.75,15.12,50200
2018-12-24,15.11,15.5,15.1,15.19,5000
2018-12-26,15.21,15.48,15.04,15.26,9400
2018-12-27,15.16,15.32,15.1,15.1,6600
2018-12-28,15.07,15.5,15.07,15.3,15600
2018-12-31,15.21,16.25,15.21,15.92,11800
2019-01-02,15.9,16.49,15.45,16.49,2500
2019-01-03,16.23,16.42,15.97,15.97,2900
2019-01-04,16.48,16.49,16.08,16.41,6300
2019-01-07,16.48,16.48,15.85,16.26,6200
2019-01-08,16.26,16.5,16.200001,16.5,4800
2019-01-09,16.5,17.049999,16.309999,17.040001,3700
2019-01-10,16.379999,16.969999,16.309999,16.51,14500
2019-01-11,16.41,16.85,16.379999,16.85,5600
2019-01-14,17.08,17.299999,16.6,16.639999,8800
2019-01-15,16.74,17.309999,16.74,17.309999,7300
2019-01-16,17.309999,17.700001,17.309999,17.610001,13500
2019-01-17,17.51,17.99,17.51,17.530001,5600
2019-01-18,17.530001,17.85,17.530001,17.57,9500
2019-01-22,17.41,17.82,17,17.219999,10000
2019-01-23,17.280001,17.41,17.219999,17.41,12500
2019-01-24,16.75,17.799999,16.75,17.129999,8600
2019-01-25,17.32,17.41,16.75,16.99,5500
2019-01-28,16.75,16.84,16.209999,16.299999,6600
2019-01-29,16.969999,16.969999,16.15,16.24,8400
2019-01-30,16.309999,16.549999,16.15,16.450001,9600
2019-01-31,16.23,16.42,16.059999,16.200001,9800
2019-02-01,16.33,16.5,16.07,16.370001,12100
2019-02-04,16.52,16.690001,16.35,16.59,6800
2019-02-05,16.559999,16.66,16.26,16.280001,12400
2019-02-06,16.07,16.4,16.07,16.200001,16400
2019-02-07,16.290001,17.040001,16.290001,17.040001,14000
2019-02-08,16.870001,17.129999,16.870001,17.01,11900
2019-02-11,17.110001,17.110001,16.66,16.83,4500
2019-02-12,17,17.129999,16.540001,16.99,8500
2019-02-13,17.24,17.34,16.870001,17.219999,11300
2019-02-14,17.4,17.49,17.02,17.15,4000
2019-02-15,17.280001,17.66,17.27,17.540001,12700
2019-02-19,17.35,17.43,16.959999,17.15,25700
2019-02-20,17.120001,17.389999,17.02,17.02,30500
2019-02-21,17.15,17.4,17.15,17.209999,10400
2019-02-22,17.27,17.559999,16.91,17.1,37100
2019-02-25,17.030001,17.360001,17,17.139999,33700
2019-02-26,17.540001,17.610001,17.48,17.48,7600
2019-02-27,17.49,17.73,17.4,17.58,14300
2019-02-28,17.700001,17.700001,17.299999,17.299999,9600
2019-03-01,17.33,17.450001,16.99,17.309999,14100
2019-03-04,17.389999,17.610001,17.08,17.120001,10300
2019-03-05,17.110001,17.129999,17.110001,17.120001,3500
2019-03-06,17.08,17.120001,17,17.110001,12300
2019-03-07,17.01,17.030001,17,17,8900
2019-03-08,16.950001,17.290001,16.85,17.01,5500
2019-03-11,16.91,17.5,16.91,17.299999,5700
2019-03-12,17.299999,17.76,17.25,17.6,6800
2019-03-13,17.59,17.879999,17.209999,17.42,7900
2019-03-14,17.5,17.74,17.190001,17.559999,11700
2019-03-15,17.530001,17.959999,17.48,17.48,27000
2019-03-18,17.51,17.950001,17.299999,17.67,12200
2019-03-19,17.91,17.91,17.5,17.5,3500
2019-03-20,17.5,17.51,17.08,17.42,10000
2019-03-21,17.709999,17.709999,17.370001,17.4,7200
2019-03-22,17.4,17.6,16.76,16.76,15300
2019-03-25,16.959999,16.959999,16.75,16.799999,7800
2019-03-26,16.959999,17.549999,16.940001,17.530001,98800
2019-03-27,17.549999,17.75,17.530001,17.65,11600
2019-03-28,17.389999,17.620001,17.120001,17.49,14900
2019-03-29,17.309999,17.379999,17.25,17.26,6900
2019-04-01,17.33,17.35,17.110001,17.280001,9200
2019-04-02,17.1,17.32,17.1,17.32,11400
2019-04-03,17.33,17.549999,17.309999,17.459999,5300
2019-04-04,17.59,17.59,17.360001,17.459999,3000
2019-04-05,17.48,17.75,17.290001,17.74,11400
2019-04-08,17.379999,17.74,17.379999,17.620001,5100
2019-04-09,17.66,17.99,17.5,17.809999,9200
2019-04-10,18,18.459999,18,18.299999,25700
2019-04-11,18.299999,18.549999,18.08,18.129999,7100
2019-04-12,18.280001,18.530001,18.129999,18.25,5500
2019-04-15,18.540001,18.549999,17.940001,18.5,8300
2019-04-16,18.16,18.700001,18.16,18.43,7700
2019-04-17,18.49,18.690001,18.360001,18.5,32500
2019-04-18,18.450001,18.690001,18.360001,18.48,8600
2019-04-22,18.5,18.66,18.43,18.5,9900
2019-04-23,18.85,19,18.76,18.99,5600
2019-04-24,18.870001,18.9,18.76,18.780001,3800
2019-04-25,18.77,18.77,18.360001,18.52,5400
2019-04-26,18.5,18.92,18.24,18.92,9000
2019-04-29,18.73,19,18.67,18.99,6500
2019-04-30,18.99,19,18.51,18.92,20900
2019-05-01,18.99,19,18.68,18.799999,11200
2019-05-02,18.879999,19,18.58,18.67,13000
2019-05-03,18.219999,18.76,18.219999,18.67,12800
2019-05-06,18.6,18.959999,18.43,18.9,6200
2019-05-07,18.99,19,18.389999,18.639999,10700
2019-05-08,18.73,18.9,18.5,18.74,7200
2019-05-09,18.559999,18.700001,18.41,18.58,8700
2019-05-10,18.65,18.65,18.5,18.6,9500
2019-05-13,18.5,18.57,18.379999,18.5,16800
2019-05-14,18.57,18.99,18.5,18.59,11200
2019-05-15,18.5,18.639999,18.200001,18.639999,7400
2019-05-16,18.540001,18.549999,18.190001,18.389999,8600
2019-05-17,18.27,18.51,18.040001,18.200001,8300
2019-05-20,18.25,18.6,18.02,18.25,14000
2019-05-21,18.33,18.74,17.85,18.299999,7900
2019-05-22,18.299999,18.360001,17.959999,18.25,9200
2019-05-23,18.25,18.25,17.51,17.51,13500
2019-05-24,18.110001,18.18,18,18.16,9300
2019-05-28,18.360001,18.370001,18.01,18.299999,6900
2019-05-29,18.18,18.309999,18,18,8700
2019-05-30,18,18.15,17.950001,18.15,9700
2019-05-31,18.32,18.4,17.620001,18,15400
2019-06-03,17.76,18.459999,17.75,18.459999,10000
2019-06-04,18.370001,18.76,17.92,18.620001,8800
2019-06-05,18.67,18.67,18.1,18.120001,10700
2019-06-06,18.25,18.85,18.200001,18.35,18300
2019-06-07,18.42,18.58,18.25,18.469999,9800
2019-06-10,18.809999,19,18.66,18.9,14600
2019-06-11,19.049999,19.370001,18.77,19.370001,21100
2019-06-12,19.24,19.26,18.9,19.049999,21600
2019-06-13,18.879999,19.219999,18.879999,19.1,22900
2019-06-14,19.059999,19.17,18.83,19.08,17300
2019-06-17,19.08,19.08,18.790001,19,22500
2019-06-18,18.82,19.15,18.82,19.1,12100
2019-06-19,18.950001,18.950001,18.25,18.360001,28800
2019-06-20,18.379999,18.99,18.35,18.98,14900
2019-06-21,18.74,18.799999,18.5,18.5,31100
2019-06-24,18.52,18.76,18.450001,18.5,29800
2019-06-25,18.5,18.68,18.35,18.35,41700
2019-06-26,18.5,18.85,18.440001,18.51,64900
2019-06-27,18.59,19.1,18.540001,19,55700
2019-06-28,18.9,20.49,18.9,19.709999,792200
2019-07-01,19.9,20,19.030001,19.030001,14700
2019-07-02,19.120001,19.65,19.110001,19.41,17000
2019-07-03,19.440001,19.65,19.360001,19.530001,5600
2019-07-05,19.51,19.68,19.5,19.68,9900
2019-07-08,19.51,19.67,19.5,19.639999,16600
2019-07-09,19.68,20,19.5,19.709999,20900
2019-07-10,19.799999,19.99,19.799999,19.860001,4900
2019-07-11,19.77,19.85,19.48,19.549999,10900
2019-07-12,19.6,19.9,19.6,19.73,8500
2019-07-15,19.73,19.969999,19.73,19.889999,4700
2019-07-16,20,20.200001,19.530001,19.530001,15700
2019-07-17,19.629999,19.77,19.26,19.59,10000
2019-07-18,19.59,20.049999,19.59,19.98,18600
2019-07-19,19.98,20.030001,19.67,19.67,9500
2019-07-22,19.799999,20.049999,19.59,19.59,19600
2019-07-23,19.68,20,19.23,19.65,8500
2019-07-24,19.58,20,19.09,19.940001,6100
2019-07-25,20.01,20.01,19.99,20.01,2000
2019-07-26,20.02,20.5,19.99,20.459999,9500
2019-07-29,20.43,21.200001,20.4,21.1,19600
2019-07-30,21.15,21.35,21.01,21.34,28800
2019-07-31,21.379999,21.6,21.290001,21.290001,19600
2019-08-01,21.450001,21.879999,20.780001,20.889999,17400
2019-08-02,20.879999,21.18,20.709999,21,13100
2019-08-05,20.709999,21.209999,20.219999,20.73,15100
2019-08-06,20.620001,21.120001,20.6,21.120001,49600
2019-08-07,20.91,20.99,20.4,20.67,5700
2019-08-08,20.74,20.9,20.389999,20.389999,10700
2019-08-09,20.01,20.99,20.01,20.620001,20300
2019-08-12,20.67,20.940001,20.67,20.84,2700
2019-08-13,20.809999,21.25,20.75,21.08,19500
2019-08-14,20.809999,20.809999,20.459999,20.559999,12600
2019-08-15,20.59,20.91,20.49,20.559999,14800
2019-08-16,20.6,21.1,20.6,21.1,18800
2019-08-19,21.1,21.5,20.99,21.5,14700
2019-08-20,21.389999,21.389999,20.950001,21.02,4500
2019-08-21,21.299999,21.309999,20.9,21.02,13800
2019-08-22,20.98,21.200001,20.620001,20.92,14500
2019-08-23,20.709999,21,20,20.110001,4700
2019-08-26,20.4,21.219999,20.4,21.219999,209200
2019-08-27,21.200001,21.34,21.1,21.15,21000
2019-08-28,21.16,21.459999,21.16,21.33,9600
2019-08-29,21.15,21.74,21.15,21.25,22800
2019-08-30,21.51,21.75,21.360001,21.74,35900
2019-09-03,21.51,21.799999,21.51,21.700001,24000
2019-09-04,21.75,21.75,21.6,21.6,15500
2019-09-05,21.85,22.209999,21.76,22.1,60100
2019-09-06,22,22.559999,22,22.5,11200
2019-09-09,22.76,23.24,22.639999,23.16,40500
2019-09-10,23.16,23.24,22.84,22.969999,14600
2019-09-11,23.129999,23.129999,22.9,22.959999,14900
2019-09-12,22.9,22.99,22.530001,22.870001,19800
2019-09-13,22.98,23.120001,22.809999,23.059999,29900
2019-09-16,23,23.139999,22.65,22.870001,105900
2019-09-17,22.99,23.1,22.709999,22.98,6600
2019-09-18,22.77,22.969999,22.559999,22.75,22900
2019-09-19,22.799999,22.99,21.309999,22.83,49900
2019-09-20,22.4,22.91,21.860001,22.549999,73200
2019-09-23,22.32,22.75,22.120001,22.48,11000
2019-09-24,22.440001,22.67,22.08,22.33,43100
2019-09-25,22.469999,22.549999,22.110001,22.120001,42500
2019-09-26,22.690001,22.719999,21.99,22.280001,83400
2019-09-27,22.27,22.5,22.1,22.1,47100
2019-09-30,22.1,22.1,21.959999,22,44600
2019-10-01,21.860001,22.459999,21.82,22,111500
2019-10-02,21.93,22.25,21.91,21.91,28600
2019-10-03,22,22.49,21.91,22.450001,159400
2019-10-04,22.74,22.780001,22.139999,22.629999,37800
2019-10-07,22.5,22.99,22.5,22.84,43200
2019-10-08,22.799999,23,22.700001,22.879999,17100
2019-10-09,22.950001,23,22.860001,22.93,23500
2019-10-10,22.98,23.01,22.860001,22.860001,13500
2019-10-11,23.200001,23.24,22.799999,23.02,19400
2019-10-14,23.01,23.5,23,23.35,61400
2019-10-15,23.33,23.5,23.17,23.24,27400
2019-10-16,23.35,23.35,22.780001,23.200001,12800
2019-10-17,23.4,23.48,23.01,23.379999,6500
2019-10-18,23.43,23.48,23.200001,23.219999,17700
2019-10-21,23.4,23.5,22.950001,23.459999,12000
2019-10-22,23.18,23.41,22.99,23.23,7400
2019-10-23,23.07,23.4,23,23.25,5400
2019-10-24,23.389999,23.389999,22.959999,23.35,14000
2019-10-25,23.200001,23.450001,23.200001,23.370001,29300
2019-10-28,23.370001,23.860001,23.370001,23.549999,27000
2019-10-29,23.65,23.65,23.299999,23.450001,24500
2019-10-30,23.4,23.48,23.26,23.4,15000
2019-10-31,23.17,23.4,23,23.4,15400
2019-11-01,23.4,23.879999,23.16,23.370001,61600
2019-11-04,23.540001,23.799999,23.540001,23.790001,28900
2019-11-05,23.84,23.879999,23.370001,23.68,52400
2019-11-06,23.6,23.799999,23.6,23.75,11500
2019-11-07,23.75,23.809999,23.27,23.450001,55100
2019-11-08,23.450001,23.690001,23.4,23.530001,8500
2019-11-11,23.4,23.540001,23.1,23.540001,8400
2019-11-12,23.51,23.74,23.469999,23.74,41800
2019-11-13,23.620001,23.799999,23.610001,23.790001,11300
2019-11-14,23.68,23.83,23.629999,23.83,8400
2019-11-15,23.84,24.08,23.799999,24.049999,26700
2019-11-18,23.780001,24.27,23.780001,24.09,7000
2019-11-19,23.93,24.799999,23.93,24.48,8500
2019-11-20,24.65,24.65,24.190001,24.190001,12200
2019-11-21,24.440001,24.440001,23.57,23.799999,14600
2019-11-22,24,24.129999,23.809999,24.01,15300
2019-11-25,24.15,24.389999,24,24.209999,10600
2019-11-26,24.34,24.5,23.83,23.9,8200
2019-11-27,24.049999,24.200001,23.950001,24,23500
2019-11-29,23.92,24,23.889999,23.889999,1900
2019-12-02,24.17,24.32,23.92,23.92,10900
2019-12-03,23.9,24.4,23.76,24.4,23800
2019-12-04,24.209999,24.440001,24.209999,24.26,76800
2019-12-05,24.25,24.25,24.01,24.120001,17100
2019-12-06,24.299999,24.299999,24,24.059999,11300
2019-12-09,24.049999,24.24,23.85,24.030001,73700
2019-12-10,24.08,24.139999,23.969999,24.139999,17900
2019-12-11,24.139999,24.139999,23.91,24.059999,21600
2019-12-12,24.1,24.299999,23.9,23.99,24700
2019-12-13,23.99,24.5,23.879999,24.5,47100
2019-12-16,24.43,24.5,23.870001,24.23,41200
2019-12-17,24.120001,24.120001,23.879999,24,27500
2019-12-18,24.01,24.299999,23.870001,24.200001,37200
2019-12-19,24.040001,24.379999,24.01,24.26,30100
2019-12-20,24.43,24.709999,24.209999,24.49,48600
2019-12-23,24.4,24.629999,24.059999,24.200001,16300
2019-12-24,24.32,24.450001,24.26,24.450001,2800
2019-12-26,24.459999,24.48,24.02,24.27,14100
2019-12-27,23.950001,24.389999,23.950001,24.030001,3600
2019-12-30,24.219999,24.290001,23.950001,24.219999,9200
2019-12-31,24.15,24.299999,24,24.09,23100
2020-01-02,24,24.379999,23.950001,24.379999,20800
2020-01-03,24.15,24.370001,23.99,24,9400
2020-01-06,24.190001,24.25,23.9,23.93,8900
2020-01-07,24,24,23.809999,23.809999,14900
2020-01-08,23.98,24,23.809999,24,19500
2020-01-09,23.950001,24,23.799999,23.82,33700
2020-01-10,23.9,24.200001,23.83,24.200001,17300
2020-01-13,24.110001,24.209999,23.969999,23.99,9800
2020-01-14,23.9,24.01,23.870001,23.940001,15000
2020-01-15,24.01,24.139999,23.870001,24.030001,18800
2020-01-16,23.950001,24,23.91,24,13600
2020-01-17,23.98,24.049999,23.93,24.049999,14700
2020-01-21,24.040001,24.08,23.799999,23.860001,15200
2020-01-22,24,24.25,23.969999,24.16,19100
2020-01-23,24.18,24.23,24.040001,24.15,19200
2020-01-24,24.049999,24.209999,23.969999,24.09,4900
2020-01-27,23.9,24.18,23.9,24.09,12000
2020-01-28,24.139999,24.190001,24.030001,24.030001,14100
2020-01-29,24.059999,24.120001,23.98,24.120001,5700
2020-01-30,24.200001,24.219999,23.950001,24.01,9300
2020-01-31,23.91,24.16,23.9,23.91,19200
2020-02-03,23.9,23.91,23.85,23.9,38900
2020-02-04,23.889999,24.99,23.85,23.940001,57100
2020-02-05,23.99,24.15,23.99,24.139999,14300
2020-02-06,24.17,24.25,24.02,24.25,19100
2020-02-07,24.09,24.25,24.059999,24.190001,23100
2020-02-10,24.07,24.190001,23.9,23.92,8900
2020-02-11,23.799999,24.040001,23.799999,23.91,6800
2020-02-12,23.969999,23.99,23.77,23.98,5900
2020-02-13,23.83,23.969999,23.83,23.969999,4700
2020-02-14,23.959999,23.99,23.950001,23.99,9400
2020-02-18,23.82,23.99,23.82,23.99,21100
2020-02-19,23.940001,24.15,23.93,23.98,22200
2020-02-20,23.98,24.17,23.969999,24.15,9300
2020-02-21,24.040001,24.219999,23.9,24.17,9400
2020-02-24,23.92,24.040001,23.799999,24.01,33900
2020-02-25,24.02,24.02,23.41,23.41,45000
2020-02-26,23.52,23.92,23.370001,23.389999,14500
2020-02-27,23.209999,23.67,21.92,21.92,23900
2020-02-28,21.58,21.9,20.200001,21.629999,27500
2020-03-02,21.469999,22.17,21.469999,21.469999,8200
2020-03-03,21.5,21.969999,21.08,21.83,16800
2020-03-04,21.889999,22.17,21.65,21.65,8100
2020-03-05,21.43,22.09,20.01,20.02,37200
2020-03-06,19.73,20.92,19.49,20.52,75000
2020-03-09,20,20,19.75,19.780001,108300
2020-03-10,20.17,21.4,19.75,20.15,16700
2020-03-11,19.879999,20.07,18.93,19.01,31300
2020-03-12,18.129999,18.129999,16.16,16.16,68900
2020-03-13,16.16,16.629999,16.129999,16.16,56000
2020-03-16,16.35,16.35,12.76,13.35,69400
2020-03-17,13.4,16.370001,13.4,13.62,13300
2020-03-18,13.2,13.39,12.5,12.5,226300
2020-03-19,12.43,12.8,12.12,12.16,28900
2020-03-20,12.45,12.89,12.41,12.77,22100
2020-03-23,13.11,13.11,11.09,11.52,40500
2020-03-24,11.66,12.53,11.42,11.57,33500
2020-03-25,12,13.07,12,12.88,26900
2020-03-26,12.88,13,12.51,12.79,9200
2020-03-27,12.7,14.5,12.61,14.06,5800
2020-03-30,13.85,14.71,13.85,13.95,11500
2020-03-31,14.15,14.35,13.95,14.29,13100
2020-04-01,14,14.24,13.62,14.1,4900
2020-04-02,13.56,13.84,13.33,13.38,13000
2020-04-03,13.63,13.63,12.89,13.4,12800
2020-04-06,13.5,13.77,12.62,12.62,10000
2020-04-07,13.45,13.45,12,12,9700
2020-04-08,12.04,12.79,11,12.79,34300
2020-04-09,13.07,14.12,12.97,13.81,27000
2020-04-13,14.15,14.53,13.11,14.28,15900
2020-04-14,13.99,14.67,13.83,14.37,5600
2020-04-15,14.19,14.19,13.78,13.79,3400
2020-04-16,13.72,13.87,12.82,13.21,12700
2020-04-17,13.49,13.7,13.23,13.7,6100
2020-04-20,13.52,13.68,12.61,13.59,5100
2020-04-21,13.52,13.52,13.02,13.15,6900
2020-04-22,13.19,13.19,12.5,12.62,15100
2020-04-23,12.85,13.61,12.5,12.68,10100
2020-04-24,12.55,12.55,12.4,12.43,11500
2020-04-27,12.86,13.86,12.85,13.5,8600
2020-04-28,13.7,14.75,13.36,14.5,9700
2020-04-29,14.75,15.7,14.08,15.4,21900
2020-04-30,15.41,15.41,15.08,15.35,2900
2020-05-01,15.7,15.75,14.13,15.6,13400
2020-05-04,15.26,15.26,14.54,15.1,2300
2020-05-05,15.26,15.26,14.13,14.94,21100
2020-05-06,14.73,15.05,14.2,15.05,8500
2020-05-07,15.05,15.05,14.2,14.47,12800
2020-05-08,14.17,14.95,13.78,14.95,9300
2020-05-11,14.63,15.24,14.08,14.5,5900
2020-05-12,14.11,14.7,14.07,14.58,6000
2020-05-13,14.8,15.22,14.21,14.21,10600
2020-05-14,14.17,14.51,14.17,14.47,8900
2020-05-15,14.22,14.8,14.18,14.6,6000
2020-05-18,14.53,14.99,14.15,14.99,13000
2020-05-19,14.29,14.99,14.29,14.96,8100
2020-05-20,14.57,15,14.57,14.95,11800
2020-05-21,14.54,14.54,14,14,16200
2020-05-22,14.16,14.16,13.59,13.8,10800
2020-05-26,13.84,14.54,13.75,14.43,8300
2020-05-27,14.51,14.8,14.34,14.79,7900
2020-05-28,14.36,14.8,14.06,14.08,6500
2020-05-29,14.23,14.76,13.56,13.76,13000
2020-06-01,13.76,14.61,13.76,14.24,5200
2020-06-02,14.28,14.6,14.28,14.45,14800
2020-06-03,14.28,14.4,14.05,14.14,21500
2020-06-04,14.05,14.05,13.66,13.87,27500
2020-06-05,13.9,14.05,13.87,13.95,44800
2020-06-08,14.12,14.8,13.95,14.59,43500
2020-06-09,14.47,14.8,14.06,14.6,15700
2020-06-10,14.2,14.75,14.1,14.49,13100
2020-06-11,14.23,14.43,13.58,13.65,35000
2020-06-12,13.83,14.75,13.78,14.32,25300
2020-06-15,13.82,14.4,13.79,14.4,23500
2020-06-16,14.4,14.75,14.29,14.58,26000
2020-06-17,14.45,14.75,14.31,14.75,20600
2020-06-18,15,15,14.33,14.34,25800
2020-06-19,14.5,14.6,14.02,14.41,72100
2020-06-22,14.31,15.94,14.31,15.5,50100
2020-06-23,15.77,15.95,15.22,15.42,38200
2020-06-24,15.41,15.5,14.65,14.9,48000
2020-06-25,14.88,15.5,14.33,15.26,42200
2020-06-26,15.02,15.5,14.27,14.59,795600
2020-06-29,14.95,14.95,13.5,13.76,22300
2020-06-30,13.7,13.74,13.25,13.34,28400
2020-07-01,13.35,13.49,12.84,13.19,18500
2020-07-02,13.88,13.88,13.12,13.61,9900
2020-07-06,13.58,13.74,13.07,13.28,27600
2020-07-07,13.02,13.02,12.26,12.26,23200
2020-07-08,12.32,12.36,12,12.07,14900
2020-07-09,12.01,12.71,11.08,11.27,32800
2020-07-10,11.5,11.82,11.26,11.61,19200
2020-07-13,11.76,12,11.58,11.64,18700
2020-07-14,11.63,11.64,11.13,11.48,8700
2020-07-15,11.72,11.99,11.44,11.49,47200
2020-07-16,12.06,12.06,11.42,11.47,22800
2020-07-17,11.34,11.79,11.22,11.22,27400
2020-07-20,11.19,11.24,10.99,11.22,14000
2020-07-21,11.17,11.38,11.06,11.19,12300
2020-07-22,11,11.36,11,11.17,7800
2020-07-23,11,11.19,10.91,10.92,8900
2020-07-24,11.06,11.18,10.93,10.96,10100
2020-07-27,10.99,11.03,10.88,10.99,17400
2020-07-28,11,11.7,11,11.5,19000
2020-07-29,11.5,11.6,11.21,11.35,34200
2020-07-30,11.35,11.58,11.05,11.05,11800
2020-07-31,11.25,11.25,10.81,10.81,17000
2020-08-03,11.29,11.5,11.01,11.04,12200
2020-08-04,11.12,11.13,10.76,10.81,17100
2020-08-05,10.85,10.94,10.75,10.86,17600
2020-08-06,11.15,11.15,10.87,10.9,9200
2020-08-07,10.93,11.17,10.93,11.07,7100
2020-08-10,11.03,11.45,11.03,11.29,25600
2020-08-11,11.41,11.5,11.31,11.34,13900
2020-08-12,11.45,11.5,11.38,11.5,13000
2020-08-13,11.51,12.01,11.51,11.75,15500
2020-08-14,11.75,12.03,11.55,11.98,26300
2020-08-17,11.98,12.05,11.52,11.52,6400
2020-08-18,11.57,11.68,11.05,11.06,11500
2020-08-19,11.18,11.2,11,11,17600
2020-08-20,11.08,11.11,10.91,10.91,5900
2020-08-21,11,11,10.76,10.76,24100
2020-08-24,10.86,11.28,10.74,11.18,15600
2020-08-25,11.14,11.34,11.1,11.3,13500
2020-08-26,11.31,11.59,11.3,11.31,15100
2020-08-27,11.56,11.57,11.38,11.38,26400
2020-08-28,11.38,11.6,11.37,11.6,19400
2020-08-31,11.5,11.65,11.45,11.45,18900
2020-09-01,11.49,11.55,11.11,11.32,12700
2020-09-02,11.27,11.27,10.99,11.02,13600
2020-09-03,11.04,11.15,10.82,10.97,11200
2020-09-04,11.07,11.15,10.83,11.15,22600
2020-09-08,11.07,11.15,10.97,11.1,5900
2020-09-09,11.02,11.15,11.02,11.15,5800
2020-09-10,11.08,11.25,11,11,9000
2020-09-11,11.17,11.17,10.81,10.91,16300
2020-09-14,11,11.12,10.97,11.11,9600
2020-09-15,11.02,11.14,10.97,11.04,9700
2020-09-16,11.01,11.33,11,11.26,15100
2020-09-17,11.17,11.32,11.17,11.32,11600
2020-09-18,11.4,11.89,11.18,11.54,136400
2020-09-21,11.31,11.87,11.3,11.39,17000
2020-09-22,11.47,11.61,11.25,11.35,19500
2020-09-23,11.4,11.56,11.37,11.37,20300
2020-09-24,11.39,11.55,11.37,11.4,28400
2020-09-25,11.42,11.68,11.38,11.56,9900
2020-09-28,11.6,11.93,11.6,11.72,10400
2020-09-29,11.85,11.89,11.62,11.73,7600
2020-09-30,11.81,11.81,11.71,11.71,2200
2020-10-01,11.6,12.13,11.6,11.78,26000
2020-10-02,11.68,11.87,11.66,11.81,5500
2020-10-05,11.94,12.12,11.91,12.07,12300
2020-10-06,12.08,12.7,12.02,12.38,12800
2020-10-07,12.5,12.71,12.07,12.69,8500
2020-10-08,12.13,12.84,12.13,12.75,11500
2020-10-09,12.46,12.72,12.46,12.57,1200
2020-10-12,12.39,13.06,12.39,13.05,11200
2020-10-13,12.92,13.19,12.82,13.13,7200
2020-10-14,13.11,13.12,12.86,12.88,4300
2020-10-15,12.86,13.13,12.8,13.06,4700
2020-10-16,12.93,13.65,12.66,13.45,20800
2020-10-19,13.56,13.56,13.01,13.04,2000
2020-10-20,13.18,13.36,13.18,13.3,2600
2020-10-21,13.15,13.25,13.1,13.25,2500
2020-10-22,13.09,13.29,13.09,13.13,6700
2020-10-23,13.3,13.53,13.3,13.47,3700
2020-10-26,12.92,13.19,12.82,13.13,5700
2020-10-27,13.01,13.06,12.84,12.86,3000
2020-10-28,12.81,13.21,11.82,11.93,8500
2020-10-29,11.99,12.19,11.51,11.99,7700
2020-10-30,12,12.29,11.92,11.92,3500
2020-11-02,12.3,12.51,11.99,12.51,11500
2020-11-03,12.86,13.69,12.83,13.69,25900
2020-11-04,13.42,13.64,13.24,13.5,6900
2020-11-05,13.06,13.51,13.06,13.18,5700
2020-11-06,13.28,13.79,13.19,13.19,3500
2020-11-09,14.04,14.3,13.29,13.34,13500
2020-11-10,13.5,14.3,13.5,14.21,36100
2020-11-11,14.3,14.3,13.55,14.21,10100
2020-11-12,13.93,13.93,12.93,13.24,21400
2020-11-13,13.46,13.88,13.33,13.33,12900
2020-11-16,13.65,14.56,13.61,14.56,16900
2020-11-17,14.55,15.43,14.55,15.06,16700
2020-11-18,15.12,15.41,14.88,15.16,6000
2020-11-19,15.19,15.2,14.8,15.15,3200
2020-11-20,14.81,14.98,14.75,14.76,5000
2020-11-23,15.06,15.32,14.9,15.2,5800
2020-11-24,15.35,15.88,15.12,15.6,24200
2020-11-25,15.35,15.83,15.35,15.5,22900
2020-11-27,15.3,15.69,15.28,15.69,2500
2020-11-30,15.56,15.56,15.28,15.28,7400
2020-12-01,15.44,15.61,15.4,15.5,8100
2020-12-02,15.45,15.59,15.45,15.51,10900
2020-12-03,15.63,16.379999,15.63,16,25000
2020-12-04,16.25,16.5,16.059999,16.35,9300
2020-12-07,16.35,16.93,16.120001,16.690001,16300
2020-12-08,16.459999,16.559999,16.42,16.49,11700
2020-12-09,16.629999,16.629999,15.96,15.96,15600
2020-12-10,15.92,16.5,15.79,16.41,16800
2020-12-11,16.1,16.1,15.97,15.97,5800
2020-12-14,16.059999,16.23,15.97,15.97,8400
2020-12-15,16.08,16.639999,16.08,16.459999,8900
2020-12-16,16.6,16.6,16.16,16.459999,9300
2020-12-17,16.290001,16.48,16.139999,16.459999,5700
2020-12-18,16.5,17.51,16.219999,17.440001,82400
2020-12-21,17.16,17.16,16.52,16.549999,12700
2020-12-22,16.52,16.52,16,16.09,10400
2020-12-23,16.110001,16.190001,16.040001,16.040001,6100
2020-12-24,16.040001,16.139999,16,16,2000
2020-12-28,16.1,16.58,16.049999,16.09,14900
2020-12-29,16.27,16.27,15.36,15.36,6600
2020-12-30,15.45,15.65,15.37,15.49,9000
2020-12-31,15.37,15.76,15.37,15.5,5800
2021-01-04,15.59,15.86,15.45,15.6,16800
2021-01-05,15.43,16.27,15.43,16.25,4500
2021-01-06,16.469999,17.15,16.35,16.4,26100
2021-01-07,16.690001,16.950001,16.51,16.57,13900
2021-01-08,16.780001,17.1,16.59,16.92,13400
2021-01-11,17.129999,17.440001,17.129999,17.15,15500
2021-01-12,17.25,17.9,17.25,17.9,13700
2021-01-13,17.41,17.450001,17.110001,17.120001,14100
2021-01-14,17.129999,17.51,17.02,17.219999,7900
2021-01-15,17.049999,17.440001,16.940001,17.049999,10000
2021-01-19,17.25,17.25,16.540001,16.610001,13500
2021-01-20,16.75,16.790001,16.200001,16.290001,13900
2021-01-21,16.290001,16.700001,15.77,15.97,12400
2021-01-22,15.92,16.200001,15.89,16.15,11200
2021-01-25,16.110001,16.34,15.93,16,13400
2021-01-26,16.309999,16.309999,15.62,15.92,16500
2021-01-27,15.72,15.83,15.3,15.69,20900
2021-01-28,15.84,15.84,15.74,15.78,12200
2021-01-29,15.78,16.24,15.63,15.63,12100
2021-02-01,15.55,16.059999,15.55,15.72,18100
2021-02-02,15.93,16.469999,15.77,16.440001,11000
2021-02-03,16.49,16.530001,16.15,16.25,10700
2021-02-04,16.25,16.9,16.25,16.639999,8300
2021-02-05,16.75,16.860001,16.68,16.860001,9500
2021-02-08,16.77,17.209999,16.66,17.209999,7200
2021-02-09,17.459999,17.459999,16.450001,16.450001,7900
2021-02-10,16.77,16.77,16.41,16.57,5600
2021-02-11,16.68,16.93,16.290001,16.290001,6800
2021-02-12,16.25,16.6,16.16,16.5,7700
2021-02-16,17.1,17.1,16.5,16.549999,8100
2021-02-17,16.51,16.74,16.51,16.65,9800
2021-02-18,16.65,16.690001,16.610001,16.65,6400
2021-02-19,16.65,17.1,16.6,17.1,10000
2021-02-22,17.139999,17.559999,17.139999,17.5,10900
2021-02-23,17.5,18.280001,17.5,18,12200
2021-02-24,18.1,18.5,18.02,18.27,28700
2021-02-25,18.49,18.559999,18.299999,18.299999,9700
2021-02-26,18.299999,18.48,18.1,18.1,10500
2021-03-01,18.34,18.6,18.34,18.469999,6000
2021-03-02,18.35,18.5,18.35,18.5,8600
2021-03-03,18.5,19.23,18.5,18.940001,9900
2021-03-04,18.790001,19.049999,18.780001,18.879999,12600
2021-03-05,19.049999,19.049999,18.85,19.040001,24400
2021-03-08,19.1,20,19.1,19.959999,18600
2021-03-09,19.870001,20,19.4,19.99,17700
2021-03-10,20.25,20.48,19.73,19.940001,12800
2021-03-11,20.049999,20.049999,19.41,19.700001,13000
2021-03-12,19.6,19.690001,19.4,19.68,7700
2021-03-15,19.549999,19.73,19.370001,19.66,13100
2021-03-16,19.530001,19.530001,18.82,18.959999,48700
2021-03-17,19.059999,19.309999,18.950001,19.049999,29500
2021-03-18,19.190001,19.51,19.01,19.1,28800
2021-03-19,19.299999,19.459999,19,19.35,87800
2021-03-22,19.35,19.66,18.690001,18.690001,35900
2021-03-23,18.76,18.959999,18.15,18.34,26400
2021-03-24,18.58,18.85,18.01,18.01,13500
2021-03-25,18.01,18.059999,17.440001,17.940001,11100
2021-03-26,17.940001,18.620001,17.440001,17.75,6500
2021-03-29,17.76,18.66,17.709999,18,12400
2021-03-30,18.18,19.139999,18.110001,19,23200
2021-03-31,18.83,19.01,17.620001,17.620001,18500
2021-04-01,18.129999,19.18,18.049999,18.24,6600
2021-04-05,18.860001,18.860001,17.82,18.02,15400
2021-04-06,18,18.33,17.32,17.32,15700
2021-04-07,17.559999,17.700001,17.08,17.09,20800
2021-04-08,17.200001,17.440001,17.08,17.139999,8100
2021-04-09,17.440001,17.440001,17.209999,17.209999,9600
2021-04-12,17.370001,17.49,16.809999,16.809999,34800
2021-04-13,16.879999,17.17,16.809999,16.940001,15900
2021-04-14,17.129999,17.379999,16.92,17.08,13200
2021-04-15,17.200001,17.68,17.110001,17.139999,21300
2021-04-16,17.040001,17.1,16.870001,16.9,24100
2021-04-19,16.870001,16.969999,16.35,16.51,35100
2021-04-20,16.5,17.190001,16.5,17.030001,43400
2021-04-21,17.030001,17.5,17,17.450001,30200
2021-04-22,17.459999,17.809999,17.450001,17.450001,22800
2021-04-23,17.57,17.940001,17.57,17.6,17000
2021-04-26,17.620001,17.98,17.549999,17.549999,34200
2021-04-27,17.639999,17.639999,16.76,16.85,16200
2021-04-28,16.940001,17.389999,16.57,16.870001,28100
2021-04-29,17.059999,17.200001,16.889999,17.08,12700
2021-04-30,16.91,17.51,16.85,16.92,32000
2021-05-03,17.209999,17.549999,17.139999,17.549999,42700
2021-05-04,17.559999,18.309999,17.559999,18.040001,30700
2021-05-05,18,18.49,17.780001,18.219999,27800
2021-05-06,18.040001,18.23,17.76,18.040001,19100
2021-05-07,18.48,18.48,17.799999,17.959999,17700
2021-05-10,17.959999,18.5,17.780001,18.190001,18700
2021-05-11,18.09,18.41,17.82,17.969999,6600
2021-05-12,17.969999,18.27,17.77,17.9,20700
2021-05-13,17.82,18.379999,17.77,18.16,16100
2021-05-14,18.23,18.5,17.99,18.42,10700
2021-05-17,18.23,19.139999,18.07,19.049999,8200
2021-05-18,18.92,19,18.450001,18.450001,14700
2021-05-19,18.450001,18.67,18.450001,18.450001,10700
2021-05-20,18.67,18.940001,18.450001,18.940001,16700
2021-05-21,19.02,19.139999,18.620001,18.940001,8800
2021-05-24,19.15,19.15,18.57,18.719999,7700
2021-05-25,18.450001,19.219999,17.77,17.799999,46500
2021-05-26,17.98,18.450001,17.860001,18.1,7100
2021-05-27,18.629999,18.639999,18.309999,18.540001,17300
2021-05-28,18.74,18.74,17.98,18.18,10500
2021-06-01,18.280001,18.49,18.27,18.299999,8500
2021-06-02,18.620001,18.65,18.24,18.5,15500
2021-06-03,18.41,18.76,18.200001,18.59,21400
2021-06-04,18.58,18.98,18.540001,18.85,15400
2021-06-07,19.08,19.23,19,19.030001,23300
2021-06-08,18.959999,19.23,18.6,18.67,9700
2021-06-09,18.780001,19.07,18.559999,18.959999,17600
2021-06-10,19.110001,19.110001,18.809999,19.01,16500
2021-06-11,18.9,19,18.9,19,26200
2021-06-14,19,19.01,18.719999,18.940001,20600
2021-06-15,19.200001,19.219999,18.73,19.030001,33400
2021-06-16,18.92,19.299999,18.91,19.049999,35900
2021-06-17,19.09,19.42,18.799999,18.799999,41200
2021-06-18,18.799999,19.190001,18.6,18.66,48700
2021-06-21,19.01,19.33,18.129999,18.129999,89200
2021-06-22,18.07,18.139999,18,18.040001,43400
2021-06-23,18.02,18.389999,17.99,18.1,31800
2021-06-24,18.15,18.299999,17.809999,18.17,55500
2021-06-25,18.16,19.09,17.68,18.26,926600
2021-06-28,18.450001,18.75,18.16,18.290001,18800
2021-06-29,18.379999,18.379999,17.469999,17.6,31100
2021-06-30,17.75,17.77,17.4,17.43,19700
2021-07-01,17.52,17.870001,17.43,17.49,18400
2021-07-02,17.49,17.98,17.49,17.57,4300
2021-07-06,17.65,17.65,16.950001,17.4,17500
2021-07-07,17.290001,17.43,16.9,16.9,30900
2021-07-08,16.790001,16.870001,16.49,16.809999,19200
2021-07-09,16.82,17.120001,16.799999,16.950001,5300
2021-07-12,17.120001,17.559999,16.959999,17.299999,17900
2021-07-13,17.16,17.549999,16.889999,16.889999,10300
2021-07-14,16.93,17.530001,16.93,16.950001,7900
2021-07-15,17.07,17.27,17,17.27,12100
2021-07-16,17.059999,17.129999,16.549999,16.549999,10100
2021-07-19,16.73,16.92,16.26,16.309999,11600
2021-07-20,16.389999,17.15,16.389999,16.530001,29100
2021-07-21,16.67,17.25,16.67,17.25,10600
2021-07-22,17.120001,17.49,17.120001,17.23,4800
2021-07-23,17.200001,17.200001,16.85,17,5400
2021-07-26,17.030001,17.290001,16.98,17.290001,6000
2021-07-27,17.139999,17.299999,17.1,17.299999,4500
2021-07-28,17.299999,17.459999,17.25,17.459999,5100
2021-07-29,17.26,17.65,17.219999,17.219999,27100
2021-07-30,17.370001,17.370001,17.209999,17.309999,4700
2021-08-02,17.49,17.49,17.15,17.26,22000
2021-08-03,17.290001,17.6,17.110001,17.51,17200
2021-08-04,17.5,17.74,17.5,17.5,6600
2021-08-05,17.67,17.92,17.5,17.92,8700
2021-08-06,17.940001,17.940001,17.610001,17.809999,10300
2021-08-09,17.82,17.85,17.77,17.77,1400
2021-08-10,17.75,17.83,17.65,17.65,5200
2021-08-11,17.809999,18,17.76,17.799999,8200
2021-08-12,17.82,18,17.799999,17.809999,8700
2021-08-13,17.799999,18,17.799999,17.799999,4700
2021-08-16,17.799999,18,17.799999,18,6100
2021-08-17,17.780001,18,17.75,17.969999,5000
2021-08-18,17.799999,18,17.799999,17.83,11200
2021-08-19,17.950001,18,17.75,17.77,5200
2021-08-20,17.92,17.92,17.73,17.860001,1400
2021-08-23,17.879999,17.879999,17.76,17.85,4500
2021-08-24,17.790001,17.83,17.790001,17.83,500
2021-08-25,17.82,17.959999,17.82,17.92,3700
2021-08-26,17.860001,18,17.860001,17.950001,5100
2021-08-27,17.950001,18.440001,17.870001,17.9,5400
2021-08-30,17.860001,18.26,17.860001,18.059999,7500
2021-08-31,18.139999,18.5,17.92,18.42,7900
2021-09-01,18.01,19.450001,18.01,19.049999,17500
2021-09-02,18.98,19.1,18.459999,18.76,7000
2021-09-03,18.98,19.059999,18.52,18.52,9200
2021-09-07,18.49,18.49,18,18.049999,4500
2021-09-08,17.940001,18.35,17.940001,18.26,3700
2021-09-09,18.41,18.65,17.9,17.9,4100
2021-09-10,18.32,18.32,17.93,17.950001,2600
