date,open,high,low,close,volume
2017-11-17,5.16,5.88,5.16,5.55,297400
2017-11-20,5.48,5.5,5.25,5.408,52000
2017-11-21,5.3,5.5,5.2,5.44,50900
2017-11-22,5.489,5.5,5.401,5.5,13700
2017-11-24,5.5,5.5,5.37,5.5,15300
2017-11-27,5.4,5.4,5.05,5.05,32000
2017-11-28,5,5.07,4.5,4.88,165900
2017-11-29,4.9,5.08,4.8,5.08,29000
2017-11-30,5.1,5.2,5.1,5.2,3700
2017-12-01,5.25,5.25,5,5.23,2800
2017-12-04,5.32,5.32,4.89,4.9,5900
2017-12-05,4.913,4.93,4.85,4.85,800
2017-12-06,4.86,4.86,4.75,4.85,1400
2017-12-07,4.93,4.94,4.93,4.933,2600
2017-12-08,5,5.05,4.8,4.8,9400
2017-12-11,4.85,5,4.715,4.776,4500
2017-12-12,4.705,4.8,4.57,4.57,5200
2017-12-13,4.5,4.7,4.35,4.7,20200
2017-12-14,4.65,4.65,4.4,4.4,9400
2017-12-15,4.5,4.614,4.5,4.614,8300
2017-12-18,4.65,4.65,4.4,4.4,15600
2017-12-19,4.349,4.4,4,4.15,35200
2017-12-20,4.169,4.169,4.12,4.12,3000
2017-12-21,4.13,4.14,4.12,4.12,2300
2017-12-22,4.11,4.14,4.1,4.13,6400
2017-12-26,4.13,4.169,4.13,4.169,5900
2017-12-27,4.177,4.36,4.176,4.25,17200
2017-12-28,4.263,4.386,4.249,4.25,7700
2017-12-29,4.272,4.35,4.267,4.35,5700
2018-01-02,4.305,4.305,4.3,4.3,1600
2018-01-03,4.38,4.38,4.38,4.38,1600
2018-01-04,4.42,4.55,4.42,4.5,10400
2018-01-05,4.481,4.63,4.481,4.624,5300
2018-01-08,4.75,5.25,4.75,5.25,48500
2018-01-09,5.25,5.25,5,5.06,2700
2018-01-10,5.06,5.06,5,5,9700
2018-01-11,5.04,5.04,4.9,4.949,17600
2018-01-12,4.949,4.949,4.949,4.949,0
2018-01-16,4.95,5.029,4.95,5.029,2400
2018-01-17,5.092,5.092,5.092,5.092,300
2018-01-18,5.14,5.14,5.14,5.14,900
2018-01-19,5.101,5.101,5.101,5.101,400
2018-01-22,5.2,5.25,5.15,5.25,3200
2018-01-23,5.25,5.25,5.1,5.1,3900
2018-01-24,5,5,4.75,4.785,7500
2018-01-25,4.79,4.9,4.719,4.9,6800
2018-01-26,5,5.065,4.956,5.065,9100
2018-01-29,5.1,5.1,4.86,5.05,8800
2018-01-30,5.003,5.003,4.85,4.85,4600
2018-01-31,4.932,4.932,4.932,4.932,300
2018-02-01,5,5,4.83,4.9,5900
2018-02-02,4.8,4.8,4.55,4.65,6800
2018-02-05,4.55,4.55,4.35,4.4,6000
2018-02-06,4.3,4.4,4.2,4.4,14100
2018-02-07,4.324,4.45,4.324,4.365,4600
2018-02-08,4.39,4.39,4.249,4.249,8800
2018-02-09,4.249,4.249,4.249,4.249,0
2018-02-12,4.28,4.385,4.25,4.3,1800
2018-02-13,4.323,4.35,4.22,4.34,41700
2018-02-14,4.3,4.3,3.91,3.91,13300
2018-02-15,3.96,4.031,3.96,4.005,12900
2018-02-16,3.98,3.98,3.9,3.9,2700
2018-02-20,3.845,3.855,3.58,3.58,9900
2018-02-21,3.64,4.311,3.64,4.26,42700
2018-02-22,4.28,4.37,4.15,4.15,7800
2018-02-23,4.147,4.2,4,4.05,12700
2018-02-26,4.02,4.07,3.985,4.07,21500
2018-02-27,4.01,4.01,3.75,3.95,13200
2018-02-28,3.9,4,3.9,4,9500
2018-03-01,3.992,4,3.992,4,1100
2018-03-02,4,4,3.95,3.95,2500
2018-03-05,4,4,3.98,4,700
2018-03-06,3.9,3.91,3.71,3.76,23500
2018-03-07,3.799,3.8,3.73,3.8,3900
2018-03-08,3.85,3.85,3.7,3.737,15500
2018-03-09,3.74,3.74,3.5,3.68,8000
2018-03-12,3.75,3.9,3.7,3.73,29000
2018-03-13,3.84,3.84,3.67,3.72,18000
2018-03-14,3.77,3.77,3.51,3.51,7000
2018-03-15,3.555,4,3.555,3.87,25700
2018-03-16,3.92,3.97,3.72,3.72,9800
2018-03-19,3.7,3.78,3.7,3.78,6900
2018-03-20,3.71,3.83,3.7,3.71,3800
2018-03-21,3.75,3.85,3.73,3.85,10900
2018-03-22,3.95,3.95,3.8,3.89,4400
2018-03-23,3.9,3.9,3.85,3.9,4100
2018-03-26,3.9,3.9,3.84,3.84,2500
2018-03-27,3.85,4.1,3.75,4.1,19300
2018-03-28,4.16,4.2,4.1,4.134,10200
2018-03-29,4.19,4.19,4.19,4.19,3800
2018-04-02,4.173,4.19,4.151,4.163,2300
2018-04-03,4.19,4.19,3.96,3.96,2200
2018-04-04,3.98,3.98,3.86,3.91,2100
2018-04-05,3.93,4,3.86,3.86,12400
2018-04-06,3.829,4.06,3.829,4.029,13900
2018-04-09,4.13,4.19,4.11,4.16,5900
2018-04-10,4.16,4.89,4.107,4.165,93800
2018-04-11,4.37,4.42,4.211,4.233,28100
2018-04-12,4.49,4.49,4.279,4.36,25600
2018-04-13,4.41,4.49,4.28,4.49,13300
2018-04-16,4.5,4.5,4.3,4.48,12700
2018-04-17,4.449,4.673,4.407,4.673,66600
2018-04-18,4.75,4.79,4.66,4.66,13600
2018-04-19,4.66,5,4.66,4.95,47400
2018-04-20,5.05,5.15,5,5.11,51600
2018-04-23,5.2,5.2,4.9,5.054,27600
2018-04-24,5.1,5.19,4.95,5.134,24900
2018-04-25,5.13,5.13,5.031,5.12,28500
2018-04-26,5.11,5.4,5.1,5.4,28400
2018-04-27,5.45,5.524,5.35,5.39,14700
2018-04-30,5.28,5.38,4.8,4.984,40400
2018-05-01,4.969,5.055,4.7,4.99,12600
2018-05-02,4.95,4.95,4.6,4.6,20500
2018-05-03,4.687,4.74,4.5,4.5,8500
2018-05-04,4.45,4.949,4.3,4.949,67100
2018-05-07,4.65,4.74,4.49,4.49,16500
2018-05-08,4.7,4.979,4.61,4.83,35600
2018-05-09,4.92,4.92,4.67,4.83,25000
2018-05-10,4.88,5.27,4.88,5.27,18800
2018-05-11,5.3,5.42,5.22,5.27,20400
2018-05-14,5.27,5.27,5.15,5.21,3400
2018-05-15,5.31,5.375,4.91,4.95,62300
2018-05-16,5.05,5.323,4.8,5.15,64300
2018-05-17,5.1,5.1,4.75,4.76,41700
2018-05-18,4.69,4.75,4.66,4.68,23500
2018-05-21,4.7,4.8,4.48,4.8,43600
2018-05-22,4.81,5.314,4.6,5.04,201100
2018-05-23,4.95,5.05,4.7,4.93,106200
2018-05-24,4.84,4.949,4.68,4.9,78000
2018-05-25,4.85,4.85,4.75,4.78,15700
2018-05-29,4.65,4.9,4.433,4.72,56400
2018-05-30,4.61,4.704,4.55,4.62,33800
2018-05-31,4.55,4.78,4.55,4.72,35100
2018-06-01,4.75,4.85,4.57,4.7,12000
2018-06-04,4.77,4.77,4.55,4.7,33800
2018-06-05,4.7,4.7,4.59,4.65,14300
2018-06-06,4.59,4.69,4.56,4.58,24100
2018-06-07,4.66,4.7,4.3,4.51,47400
2018-06-08,4.45,4.45,4.35,4.37,25100
2018-06-11,4.36,4.5,4.2,4.3,85600
2018-06-12,4.42,4.42,4.22,4.25,20200
2018-06-13,4.32,4.35,3.85,4.16,62300
2018-06-14,4.15,4.15,4,4.05,16000
2018-06-15,4.1,4.3,3.91,4.16,93700
2018-06-18,4.19,4.2,4.08,4.1,18000
2018-06-19,4.18,4.18,4.07,4.16,27500
2018-06-20,4.15,4.249,3.85,3.87,16100
2018-06-21,4.009,4.16,3.66,4.13,90600
2018-06-22,4.06,4.3,4,4.3,23700
2018-06-25,4.15,4.177,3.95,4.15,10400
2018-06-26,4.118,4.15,4.117,4.15,8500
2018-06-27,4.23,4.23,3.85,3.95,44000
2018-06-28,3.99,3.99,3.65,3.78,28200
2018-06-29,3.75,3.84,3.65,3.7,15200
2018-07-02,3.67,3.85,3.66,3.8,16200
2018-07-03,3.8,3.81,3.72,3.795,4600
2018-07-05,3.795,3.795,3.795,3.795,0
2018-07-06,3.73,3.746,3.65,3.707,42200
2018-07-09,3.65,3.79,3.55,3.75,11100
2018-07-10,3.75,3.867,3.75,3.8,10400
2018-07-11,3.86,3.86,3.75,3.75,3600
2018-07-12,3.75,3.78,3.7,3.7,19600
2018-07-13,3.732,3.732,3.4,3.65,36700
2018-07-16,3.63,3.63,3.477,3.5,6300
2018-07-17,3.47,3.5,3.27,3.5,43300
2018-07-18,3.46,3.46,3.38,3.43,8500
2018-07-19,3.4,3.45,3.27,3.35,17200
2018-07-20,3.42,3.45,3.35,3.35,5000
2018-07-23,3.31,3.4,3.25,3.35,6600
2018-07-24,3.4,3.7,3.4,3.45,19000
2018-07-25,3.44,3.46,3.3,3.3,7500
2018-07-26,3.3,3.34,3.3,3.34,2300
2018-07-27,3.339,3.381,3.33,3.38,1800
2018-07-30,3.42,3.42,3.28,3.37,6800
2018-07-31,3.39,3.42,3.36,3.41,2600
2018-08-01,3.41,3.41,3.25,3.26,12900
2018-08-02,3.29,3.29,3.16,3.21,35000
2018-08-03,3.16,3.21,3.06,3.06,7100
2018-08-06,3.07,3.11,3.01,3.05,28100
2018-08-07,3.069,3.09,2.74,2.77,38600
2018-08-08,2.76,2.9,2.76,2.9,8900
2018-08-09,2.95,3.4,2.828,3.08,116800
2018-08-10,3.03,3.1,2.95,3.05,20500
2018-08-13,3.1,3.1,2.814,2.92,23700
2018-08-14,2.88,3.75,2.87,3.75,209000
2018-08-15,3.31,3.542,3.301,3.34,33600
2018-08-16,3.298,3.55,3.15,3.15,16700
2018-08-17,3.2,3.2,2.95,2.96,16100
2018-08-20,2.956,3.443,2.86,2.89,66600
2018-08-21,2.95,3.049,2.89,2.95,7400
2018-08-22,2.948,3.2,2.948,3.17,30100
2018-08-23,3.184,3.3,2.915,2.975,31400
2018-08-24,3.01,3.15,3.01,3.14,9400
2018-08-27,3.23,3.9,3.05,3.65,305500
2018-08-28,3.85,3.85,3.45,3.63,151600
2018-08-29,3.58,3.827,3.391,3.82,104700
2018-08-30,3.95,3.97,3.51,3.57,91800
2018-08-31,3.589,3.65,3.42,3.49,38800
2018-09-04,3.49,3.49,3.151,3.324,59500
2018-09-05,3.3,3.32,3.05,3.17,34100
2018-09-06,3.25,3.25,3.1,3.15,15500
2018-09-07,3.12,3.14,3.01,3.1,6800
2018-09-10,3.1,3.3,3.08,3.17,55100
2018-09-11,3.25,3.25,3.1,3.16,36500
2018-09-12,3.1,3.655,3.096,3.5,105800
2018-09-13,3.525,3.525,3.228,3.3,23100
2018-09-14,3.24,3.332,3,3.05,38000
2018-09-17,3.095,3.43,3.095,3.39,21800
2018-09-18,3.35,3.95,3.3,3.89,100300
2018-09-19,3.95,4.41,3.69,4.28,224200
2018-09-20,4.6,6.2,4.35,6.19,918200
2018-09-21,6.83,7.68,5.25,5.47,1409400
2018-09-24,5.01,5.25,4.76,5.22,131700
2018-09-25,5.21,5.45,5.01,5.25,49300
2018-09-26,5.05,5.05,3.92,4,343300
2018-09-27,4.05,4.05,3.4,3.6,332800
2018-09-28,3.7,3.93,3.52,3.63,821900
2018-10-01,4.2,5.99,4.02,5.99,5815500
2018-10-02,6.65,8.48,5.2,6.01,8473900
2018-10-03,5.35,5.67,4.82,5.09,1603700
2018-10-04,5.01,5.25,4.43,4.55,852100
2018-10-05,4.58,5.5,4.55,5.09,1471700
2018-10-08,5.02,5.7,4.82,4.88,915500
2018-10-09,4.92,5.13,4.374,4.56,782400
2018-10-10,4.56,5.25,4.42,4.97,722400
2018-10-11,4.89,4.95,4.6,4.73,210400
2018-10-12,4.73,5.07,4.66,4.99,473000
2018-10-15,5.05,5.25,4.66,4.93,479800
2018-10-16,4.96,5.05,4.43,4.5,364800
2018-10-17,4.49,4.65,4.35,4.44,145800
2018-10-18,4.48,4.551,4.159,4.34,171200
2018-10-19,4.31,4.31,3.95,4.01,172900
2018-10-22,3.96,3.96,3.66,3.72,357000
2018-10-23,3.26,3.75,3.25,3.68,256200
2018-10-24,3.63,3.73,3.44,3.44,128400
2018-10-25,3.39,3.732,3.31,3.59,105800
2018-10-26,3.6,3.694,3.55,3.64,32500
2018-10-29,3.58,3.83,3.54,3.56,105700
2018-10-30,3.56,3.71,3.45,3.67,100900
2018-10-31,3.71,3.774,3.57,3.74,76200
2018-11-01,3.77,3.967,3.68,3.87,84400
2018-11-02,3.9,4.05,3.86,3.89,106200
2018-11-05,3.93,4.39,3.85,4.28,156000
2018-11-06,4.35,4.53,4.25,4.36,161300
2018-11-07,4.42,4.79,4.12,4.57,253800
2018-11-08,4.47,4.47,4.12,4.25,79500
2018-11-09,4.19,4.341,4.08,4.13,64800
2018-11-12,4.09,4.45,4.01,4.11,73900
2018-11-13,4.039,4.35,3.756,3.82,145800
2018-11-14,3.91,4.11,3.71,3.71,54800
2018-11-15,3.71,4.13,3.71,3.83,38300
2018-11-16,3.8,3.871,3.7,3.72,79300
2018-11-19,3.71,3.99,3.71,3.72,32900
2018-11-20,3.69,3.92,3.63,3.66,54400
2018-11-21,3.66,4,3.66,3.85,32200
2018-11-23,3.831,4,3.83,4,13400
2018-11-26,3.98,3.985,3.79,3.85,40900
2018-11-27,3.81,3.925,3.73,3.81,16800
2018-11-28,3.8,4.23,3.7,3.97,349000
2018-11-29,3.92,3.981,3.62,3.75,152200
2018-11-30,3.7,4.35,3.62,4.15,268600
2018-12-03,4.3,4.3,3.82,3.86,279800
2018-12-04,4.85,4.89,3.9,4.07,3210800
2018-12-06,3.98,4.03,3.77,3.91,219100
2018-12-07,4.25,4.25,3.81,3.88,276800
2018-12-10,3.95,4,3.77,3.85,194400
2018-12-11,3.98,4.15,3.68,3.88,349200
2018-12-12,3.98,4.09,3.82,3.96,279200
2018-12-13,4.23,4.25,3.295,3.4,593500
2018-12-14,3.59,3.59,3.3,3.42,131500
2018-12-17,3.46,3.46,2.91,3.06,175600
2018-12-18,3.09,3.21,2.83,3.12,213000
2018-12-19,3.1,3.506,2.985,3.02,210900
2018-12-20,3.05,3.23,2.9,3.11,281400
2018-12-21,3.61,3.61,2.8,2.88,370900
2018-12-24,2.85,2.93,2.66,2.83,77900
2018-12-26,2.94,2.97,2.74,2.79,297800
2018-12-27,2.89,2.89,2.54,2.66,217900
2018-12-28,2.85,3,2.75,2.94,252700
2018-12-31,3.02,3.11,2.75,3.09,141500
2019-01-02,3.01,3.32,3,3.15,141500
2019-01-03,3.28,3.38,3.12,3.22,129000
2019-01-04,3.25,3.35,3.142,3.27,59600
2019-01-07,3.4,3.4,3.25,3.26,69100
2019-01-08,3.12,3.284,3.12,3.24,63700
2019-01-09,3.27,3.48,3.14,3.3,110400
2019-01-10,3.3,3.93,3.3,3.77,312300
2019-01-11,3.88,4.33,3.73,4.16,317600
2019-01-14,4.17,4.3,3.82,4.25,172700
2019-01-15,4.24,4.24,3.97,4.2,89100
2019-01-16,4.15,4.37,4.11,4.25,160200
2019-01-17,4.27,4.64,4.104,4.61,336500
2019-01-18,4.72,4.883,4.37,4.55,302700
2019-01-22,4.55,4.56,4.391,4.47,57300
2019-01-23,4.44,4.471,4.03,4.1,76100
2019-01-24,4.08,4.38,4.08,4.37,107100
2019-01-25,4.38,4.52,4.37,4.49,55100
2019-01-28,4.38,4.75,4.38,4.65,184500
2019-01-29,4.7,4.8,4.3,4.44,187100
2019-01-30,4.5,4.6,4.3,4.6,77600
2019-01-31,4.66,4.75,4.46,4.74,187000
2019-02-01,4.74,5.103,4.7,4.86,320500
2019-02-04,4.87,5.21,4.8,5.05,384800
2019-02-05,5.2,5.35,4.59,4.66,436200
2019-02-06,4.66,4.85,4.51,4.85,103600
2019-02-07,4.86,4.88,4.54,4.6,77900
2019-02-08,4.51,4.678,4.27,4.44,78500
2019-02-11,4.49,4.8,4.41,4.74,50000
2019-02-12,4.8,4.91,4.6,4.79,74100
2019-02-13,4.84,5.063,4.77,4.96,137800
2019-02-14,5,5,4.71,4.87,59800
2019-02-15,5,5.238,4.69,5.05,169200
2019-02-19,5.05,5.28,4.83,5.28,158500
2019-02-20,5.37,5.38,5,5.12,121900
2019-02-21,4.98,5.15,4.71,4.76,145200
2019-02-22,4.85,5.02,4.76,4.98,81400
2019-02-25,4.98,4.98,4.31,4.56,196300
2019-02-26,4.53,4.725,4.12,4.35,194200
2019-02-27,4.3,4.45,4.11,4.28,162700
2019-02-28,4.27,4.5,4.21,4.37,106500
2019-03-01,4.39,4.5,4.21,4.46,110400
2019-03-04,4.49,4.49,4.18,4.21,99800
2019-03-05,4.26,4.46,4.1,4.16,85000
2019-03-06,4.22,4.22,4.02,4.1,94900
2019-03-07,4.08,4.1,3.95,4.05,51300
2019-03-08,3.94,4.18,3.9,4,76400
2019-03-11,3.95,4.3,3.915,4.26,151700
2019-03-12,4.27,4.312,4.038,4.09,115100
2019-03-13,4.07,4.18,4.047,4.07,100100
2019-03-14,4.05,4.16,4.01,4.08,91500
2019-03-15,4.08,4.48,4.01,4.48,170000
2019-03-18,4.52,4.8,4.47,4.6,132500
2019-03-19,4.58,4.64,4.31,4.41,99600
2019-03-20,4.32,4.72,4.27,4.27,73600
2019-03-21,4.23,4.719,4.23,4.68,141400
2019-03-22,4.69,4.88,4.51,4.57,135800
2019-03-25,4.57,4.7,4.46,4.53,64900
2019-03-26,4.56,4.7,4.35,4.37,94400
2019-03-27,4.37,4.6,4.21,4.53,83500
2019-03-28,4.51,4.637,4.37,4.44,33300
2019-03-29,4.4,4.5,4.176,4.42,69200
2019-04-01,4.39,4.8,4.39,4.67,145300
2019-04-02,4.68,4.68,4.25,4.57,126300
2019-04-03,4.57,4.68,4.5,4.63,44900
2019-04-04,4.57,4.57,4.27,4.37,107000
2019-04-05,4.22,4.44,4.22,4.36,35800
2019-04-08,4.38,4.54,4.29,4.48,56900
2019-04-09,4.52,4.52,4.25,4.38,49300
2019-04-10,4.35,4.35,4.06,4.2,143800
2019-04-11,4.2,4.299,4.1,4.14,25400
2019-04-12,4.14,4.258,4.06,4.15,79500
2019-04-15,4.19,4.255,4,4.12,43300
2019-04-16,4.11,4.27,4.07,4.14,37400
2019-04-17,4.13,4.45,4.1,4.4,98600
2019-04-18,4.47,4.75,4.3,4.58,152600
2019-04-22,4.69,4.74,4.41,4.7,105000
2019-04-23,4.66,4.9,4.605,4.7,188500
2019-04-24,4.67,5.48,4.67,5.42,263500
2019-04-25,5.38,5.5,5,5.47,221200
2019-04-26,5.49,5.85,5.28,5.77,246500
2019-04-29,5.71,5.784,5.381,5.55,90800
2019-04-30,5.54,6.17,5.31,6.08,604700
2019-05-01,6.25,6.26,5.61,5.994,310100
2019-05-02,6.31,6.35,5.75,5.89,433600
2019-05-03,6.07,6.07,5.7,5.88,212700
2019-05-06,5.88,6.76,5.87,6.73,390300
2019-05-07,7.24,7.24,6.05,6.18,736200
2019-05-08,6.2,6.2,5.16,5.41,526700
2019-05-09,5.31,6.08,5.18,6.04,356400
2019-05-10,6.25,6.9,5.848,6.77,933800
2019-05-13,5.99,6.5,5.85,6.4,833500
2019-05-14,6.24,6.7,6.12,6.53,511600
2019-05-15,6.5,6.647,6.03,6.35,383700
2019-05-16,6.49,6.499,6.02,6.19,435400
2019-05-17,6.2,6.5,6.05,6.15,388300
2019-05-20,6.18,6.7,6.18,6.44,408900
2019-05-21,6.57,6.57,6.23,6.39,224100
2019-05-22,6.4,6.685,6.19,6.57,617100
2019-05-23,6.54,6.54,6.16,6.32,245900
2019-05-24,6.35,6.35,6.16,6.19,252800
2019-05-28,6.38,6.38,5.75,6.16,314200
2019-05-29,6.1,6.35,6.01,6.29,149200
2019-05-30,6.32,6.55,6.2,6.43,267200
2019-05-31,6.29,6.31,5.9,6.12,215700
2019-06-03,6.26,6.26,5.75,5.88,202100
2019-06-04,6.08,6.08,5.612,5.9,255700
2019-06-05,5.99,6.04,5.01,5.64,465300
2019-06-06,5.58,5.73,5.445,5.6,185600
2019-06-07,5.51,5.77,5.5,5.75,107600
2019-06-10,5.78,6,5.76,5.95,160800
2019-06-11,5.96,6,5.87,5.93,76200
2019-06-12,5.9,6.303,5.83,6.15,282400
2019-06-13,6.22,6.34,6.07,6.22,224200
2019-06-14,6.21,6.38,6.12,6.22,113600
2019-06-17,6.26,6.35,5.89,6.03,256400
2019-06-18,6.07,6.2,6.007,6.15,150000
2019-06-19,6.15,6.35,5.96,6.21,128100
2019-06-20,6.2,6.36,6.11,6.3,291900
2019-06-21,6.3,6.34,6,6.06,281900
2019-06-24,6.15,6.155,5.77,5.92,235200
2019-06-25,5.92,5.92,5.49,5.9,274400
2019-06-26,5.87,5.89,5.62,5.64,175500
2019-06-27,5.65,5.86,5.55,5.62,157600
2019-06-28,5.7,5.99,5.53,5.9,1349400
2019-07-01,6,6.031,5.73,5.84,167400
2019-07-02,5.78,5.839,5.5,5.56,137100
2019-07-03,5.66,5.66,5.435,5.48,110000
2019-07-05,5.49,5.518,5.21,5.21,160800
2019-07-08,5.21,5.23,4.9,5.01,298400
2019-07-09,5,5.065,4.89,4.9,127200
2019-07-10,4.99,4.99,4.6,4.9,253500
2019-07-11,4.87,4.98,4.55,4.65,175600
2019-07-12,4.8,4.8,4.34,4.36,312200
2019-07-15,4.42,4.48,3.63,4.46,658500
2019-07-16,4.5,4.51,4.08,4.19,182500
2019-07-17,4.23,4.5,4.03,4.41,273400
2019-07-18,4.41,4.41,4.13,4.32,204900
2019-07-19,4.31,4.363,4.08,4.1,115700
2019-07-22,4.11,4.22,3.94,4,154200
2019-07-23,4.04,4.15,3.93,3.97,153300
2019-07-24,4.01,4.13,3.96,3.99,116000
2019-07-25,4.01,4.06,3.86,4,97200
2019-07-26,4.04,4.29,4.04,4.22,151000
2019-07-29,4.29,4.3,4.03,4.04,122900
2019-07-30,4,4.65,4,4.52,451800
2019-07-31,4.59,4.72,4.32,4.35,382000
2019-08-01,4.4,4.59,4.15,4.25,163900
2019-08-02,4.35,4.58,4.34,4.58,189400
2019-08-05,4.48,4.68,4.29,4.53,213000
2019-08-06,4.55,5.22,4.55,5.14,303800
2019-08-07,5.19,5.19,4.757,4.99,213400
2019-08-08,5.07,5.12,4.78,4.89,267900
2019-08-09,4.96,5.15,4.86,5.11,152200
2019-08-12,5.11,5.35,4.74,4.78,288900
2019-08-13,4.78,5.1,4.72,4.98,177800
2019-08-14,4.89,4.966,4.67,4.7,180600
2019-08-15,4.64,4.87,4.44,4.51,182700
2019-08-16,4.58,4.58,4.2,4.27,125900
2019-08-19,4.35,4.46,3.92,4.4,250100
2019-08-20,4.38,4.38,4.05,4.1,95900
2019-08-21,4.11,4.14,3.96,3.99,135100
2019-08-22,4.11,4.189,4.03,4.04,78500
2019-08-23,4.05,4.09,4,4.03,90600
2019-08-26,3.93,4.25,3.93,4.19,84600
2019-08-27,4.21,4.27,4.04,4.12,111500
2019-08-28,4.11,4.37,4.11,4.35,59000
2019-08-29,4.37,4.425,4.15,4.27,88200
2019-08-30,4.26,4.32,4.06,4.1,58500
2019-09-03,4.13,4.17,3.93,3.99,149500
2019-09-04,4,4.11,3.95,4,71400
2019-09-05,4.04,4.093,3.92,3.97,50700
2019-09-06,4,4.06,3.93,4,75200
2019-09-09,4.05,4.15,3.98,4.11,118800
2019-09-10,4.18,4.3,4,4.1,141500
2019-09-11,4.1,4.778,4.1,4.54,241200
2019-09-12,4.64,4.65,4.32,4.53,108100
2019-09-13,4.45,4.53,4.38,4.41,75900
2019-09-16,4.36,4.65,4.36,4.65,93500
2019-09-17,4.62,5.085,4.62,5.02,210500
2019-09-18,4.91,5.19,4.12,5.08,244600
2019-09-19,5.08,5.08,4.45,4.7,155100
2019-09-20,4.74,5.05,4.61,4.68,352800
2019-09-23,4.63,4.63,4.25,4.41,124100
2019-09-24,4.38,4.5,4.125,4.18,73100
2019-09-25,4.14,4.25,4.01,4.02,111000
2019-09-26,4.01,4.1,3.75,4.01,258200
2019-09-27,3.99,4.05,3.66,3.84,241600
2019-09-30,3.84,4,3.84,3.96,105900
2019-10-01,4,4,3.4,3.46,218000
2019-10-02,3.5,3.68,3.32,3.51,178800
2019-10-03,3.53,3.582,3.41,3.49,120900
2019-10-04,3.55,3.565,3.45,3.56,117300
2019-10-07,3.62,3.7,3.56,3.69,65600
2019-10-08,3.7,3.73,3.476,3.5,92300
2019-10-09,3.58,3.64,3.38,3.42,89000
2019-10-10,3.45,3.62,3.08,3.13,242200
2019-10-11,3.22,3.54,3.22,3.45,132300
2019-10-14,3.45,3.67,3.31,3.4,56000
2019-10-15,3.37,3.6,3.34,3.55,66500
2019-10-16,3.65,3.9,3.51,3.89,90300
2019-10-17,3.95,3.979,3.7,3.8,90900
2019-10-18,3.76,3.853,3.61,3.73,52900
2019-10-21,3.78,3.98,3.78,3.89,73400
2019-10-22,3.9,4.01,3.75,4.01,93400
2019-10-23,4,4.17,3.96,4.15,88800
2019-10-24,4.08,4.08,3.74,3.95,127900
2019-10-25,3.93,3.991,3.76,3.8,46300
2019-10-28,3.88,4.03,3.81,3.99,78200
2019-10-29,4.03,4.03,3.63,3.63,94000
2019-10-30,3.7,3.73,3.55,3.66,95200
2019-10-31,3.62,3.72,3.4,3.52,72200
2019-11-01,3.46,3.8,3.44,3.75,52700
2019-11-04,3.74,3.92,3.74,3.9,77900
2019-11-05,3.94,3.95,3.61,3.79,41400
2019-11-06,3.8,3.995,3.8,3.85,90100
2019-11-07,4,4.05,3.852,4.01,197100
2019-11-08,4,4,3.87,3.99,76800
2019-11-11,3.98,3.98,3.75,3.78,114000
2019-11-12,3.75,4.02,3.75,3.81,49000
2019-11-13,3.83,3.84,3.65,3.74,210800
2019-11-14,3.72,3.75,3.17,3.36,308600
2019-11-15,3.42,3.45,3.15,3.18,109600
2019-11-18,3.08,3.55,3.06,3.44,134400
2019-11-19,3.51,3.515,3.17,3.2,90500
2019-11-20,3.26,3.341,3.14,3.14,169200
2019-11-21,3.2,3.45,3.2,3.3,110300
2019-11-22,3.4,3.423,3.2,3.23,85600
2019-11-25,3.3,3.35,3.169,3.2,93900
2019-11-26,3.12,3.2,2.85,2.98,246500
2019-11-27,3.09,3.15,2.99,3.06,96100
2019-11-29,3.13,3.32,3.1,3.25,137400
2019-12-02,3.251,3.32,2.98,3.03,212700
2019-12-03,3.05,3.43,2.99,3.03,217000
2019-12-04,3,3.07,2.92,2.94,141600
2019-12-05,3.05,3.05,2.83,2.86,214100
2019-12-06,3,3,2.74,2.8,158200
2019-12-09,2.83,2.88,2.7,2.76,90200
2019-12-10,2.77,2.9,2.75,2.86,130000
2019-12-11,2.81,2.91,2.77,2.85,54000
2019-12-12,2.88,2.88,2.71,2.87,131200
2019-12-13,2.81,2.99,2.81,2.84,111700
2019-12-16,2.91,2.99,2.86,2.93,203600
2019-12-17,2.88,2.98,2.88,2.88,122500
2019-12-18,2.93,3.2,2.88,3.11,199000
2019-12-19,3,3,2.66,2.86,387900
2019-12-20,2.94,2.99,2.863,2.95,165300
2019-12-23,3.01,3.01,2.8,2.84,161500
2019-12-24,2.8,2.84,2.792,2.8,48100
2019-12-26,2.8,2.87,2.72,2.74,75700
2019-12-27,2.7,2.73,2.51,2.59,247100
2019-12-30,2.59,2.62,2.46,2.46,164100
2019-12-31,2.49,2.54,2.196,2.26,402900
2020-01-02,2.33,2.54,2.29,2.34,249000
2020-01-03,2.31,2.44,2.25,2.27,120900
2020-01-06,2.3,2.34,2.2,2.22,182100
2020-01-07,2.2,2.24,1.81,1.84,321100
2020-01-08,1.9,1.91,1.58,1.59,434900
2020-01-09,1.5,1.89,1.4,1.51,1499900
2020-01-10,1.02,1.18,1,1.12,6229000
2020-01-13,1.15,1.15,0.99,1.02,1482300
2020-01-14,1.1,1.1,0.99,1.05,1924000
2020-01-15,1.1,1.14,1.06,1.09,1982500
2020-01-16,1.19,1.19,1.08,1.11,2194800
2020-01-17,1.16,1.169,1.1,1.16,1385500
2020-01-21,1.21,1.3,1.16,1.23,3041600
2020-01-22,1.27,1.27,1.11,1.13,1895200
2020-01-23,1.18,1.19,1.11,1.14,831500
2020-01-24,1.15,1.15,1.03,1.07,1796800
2020-01-27,1.03,1.11,1,1.11,1090400
2020-01-28,1.13,1.14,1.06,1.1,603500
2020-01-29,1.08,1.1,0.99,1.05,1012400
2020-01-30,1.03,1.065,1.01,1.06,584300
2020-01-31,1.06,1.07,1.021,1.04,525900
2020-02-03,1.1,1.15,1.05,1.15,1301200
2020-02-04,1.15,1.24,1.12,1.21,1114800
2020-02-05,1.22,1.26,1.08,1.14,1127800
2020-02-06,1.14,1.2,1.1,1.2,447600
2020-02-07,1.17,1.188,1.12,1.13,503900
2020-02-10,1.2,1.2,1.1,1.13,967900
2020-02-11,1.18,1.18,1.06,1.1,776500
2020-02-12,1.12,1.176,1.055,1.16,1137800
2020-02-13,1.15,1.16,1.07,1.15,1137000
2020-02-14,1.15,1.2,1.11,1.19,1047300
2020-02-18,1.2,1.2,1.13,1.16,701400
2020-02-19,1.17,1.17,1.13,1.16,389500
2020-02-20,1.16,1.19,1.15,1.18,505000
2020-02-21,1.19,1.19,1.09,1.11,715900
2020-02-24,1.1,1.13,1.05,1.09,911300
2020-02-25,1.11,1.11,1.063,1.09,624200
2020-02-26,1.1,1.11,1.05,1.06,550000
2020-02-27,1.04,1.07,1.01,1.05,657400
2020-02-28,1.01,1.03,1,1.02,624700
2020-03-02,1.03,1.06,1,1.03,414400
2020-03-03,1.04,1.05,1,1.02,449900
2020-03-04,1.02,1.04,1,1.02,347900
2020-03-05,1.01,1.02,0.874,0.99,1027900
2020-03-06,0.965,0.965,0.899,0.9,899600
2020-03-09,0.78,0.82,0.63,0.798,926200
2020-03-10,0.838,0.86,0.77,0.822,238700
2020-03-11,0.85,0.85,0.76,0.82,240400
2020-03-12,0.71,0.785,0.7,0.718,303400
2020-03-13,0.735,0.8,0.65,0.686,645400
2020-03-16,0.64,0.64,0.502,0.584,633100
2020-03-17,0.59,0.666,0.53,0.666,441400
2020-03-18,0.67,0.69,0.56,0.581,330300
2020-03-19,0.585,0.8,0.585,0.77,723700
2020-03-20,0.793,0.84,0.69,0.777,1419300
2020-03-23,0.777,0.8,0.611,0.727,668800
2020-03-24,0.75,0.79,0.71,0.78,366700
2020-03-25,0.827,0.96,0.79,0.919,1016700
2020-03-26,0.92,0.98,0.832,0.93,869700
2020-03-27,0.95,0.95,0.855,0.888,321300
2020-03-30,0.92,0.95,0.831,0.851,481300
2020-03-31,0.87,0.93,0.84,0.93,624800
2020-04-01,0.91,0.92,0.819,0.862,387900
2020-04-02,0.86,0.867,0.8,0.81,229400
2020-04-03,0.85,0.858,0.739,0.765,363700
2020-04-06,0.803,0.869,0.74,0.869,387900
2020-04-07,0.89,0.927,0.76,0.76,413700
2020-04-08,0.918,1.19,0.79,0.846,11198200
2020-04-09,0.8,0.914,0.78,0.9,1571000
2020-04-13,0.91,0.91,0.83,0.869,927300
2020-04-14,0.91,0.92,0.855,0.874,634900
2020-04-15,0.86,0.864,0.8,0.855,415200
2020-04-16,0.855,0.855,0.814,0.827,275900
2020-04-17,0.845,0.88,0.82,0.856,272100
2020-04-20,0.89,0.89,0.81,0.82,373800
2020-04-21,0.81,0.839,0.781,0.799,368000
2020-04-22,0.82,0.84,0.777,0.777,336900
2020-04-23,0.816,0.85,0.8,0.824,375500
2020-04-24,0.85,0.85,0.8,0.815,207900
2020-04-27,0.84,0.95,0.82,0.902,924800
2020-04-28,0.93,0.93,0.8,0.895,702600
2020-04-29,0.93,0.93,0.878,0.906,360400
2020-04-30,0.9,0.97,0.87,0.963,1011700
2020-05-01,0.96,0.97,0.88,0.946,497600
2020-05-04,0.96,0.98,0.925,0.952,387600
2020-05-05,0.948,0.96,0.92,0.925,389200
2020-05-06,0.94,0.95,0.93,0.932,173800
2020-05-07,0.977,0.977,0.93,0.947,246600
2020-05-08,0.954,0.96,0.922,0.95,486400
2020-05-11,0.945,0.966,0.9,0.9,349400
2020-05-12,0.91,0.927,0.841,0.875,621800
2020-05-13,0.895,0.895,0.82,0.84,520600
2020-05-14,0.85,0.852,0.807,0.849,230200
2020-05-15,0.88,1,0.85,0.97,1155900
2020-05-18,1.4,1.95,1.23,1.76,38423700
2020-05-19,2.1,2.19,1.6,1.65,16447300
2020-05-20,1.53,1.6,1.34,1.55,3789000
2020-05-21,1.58,1.73,1.52,1.7,3146700
2020-05-22,1.67,1.68,1.56,1.66,2129300
2020-05-26,1.62,1.64,1.5,1.57,1836800
2020-05-27,1.51,1.7,1.41,1.5,1321300
2020-05-28,1.54,1.6,1.5,1.53,724200
2020-05-29,1.5,1.508,1.39,1.47,1020000
2020-06-01,1.43,1.49,1.42,1.44,572300
2020-06-02,1.43,1.6,1.39,1.55,1463500
2020-06-03,1.63,1.67,1.51,1.59,2632800
2020-06-04,1.65,1.7,1.52,1.54,1505200
2020-06-05,1.56,1.6,1.51,1.58,871600
2020-06-08,1.59,1.67,1.51,1.65,1311700
2020-06-09,1.65,1.78,1.59,1.67,1439500
2020-06-10,1.75,1.78,1.6,1.64,981300
2020-06-11,1.51,1.6,1.41,1.45,1209100
2020-06-12,1.52,1.56,1.45,1.56,535400
2020-06-15,1.51,1.56,1.46,1.55,574200
2020-06-16,1.59,1.64,1.51,1.55,850900
2020-06-17,1.51,1.54,1.5,1.5,472600
2020-06-18,1.48,1.55,1.45,1.55,528000
2020-06-19,1.52,2,1.503,1.9,4337600
2020-06-22,1.89,1.96,1.66,1.87,1773700
2020-06-23,1.82,1.9,1.75,1.84,785400
2020-06-24,1.78,1.84,1.61,1.74,1191200
2020-06-25,1.56,1.68,1.52,1.64,822100
2020-06-26,1.71,1.76,1.6,1.75,3639400
2020-06-29,1.75,1.84,1.71,1.77,900900
2020-06-30,1.78,1.91,1.77,1.91,993600
2020-07-01,1.86,1.98,1.81,1.9,1116600
2020-07-02,1.92,2.04,1.82,1.95,1296600
2020-07-06,2.03,2.45,2,2.41,5203800
2020-07-07,2.32,2.58,2.21,2.33,2909100
2020-07-08,2.34,2.47,2.28,2.34,980900
2020-07-09,2.35,2.477,2.23,2.43,1539500
2020-07-10,2.43,2.53,2.32,2.39,1116000
2020-07-13,2.48,2.81,2.37,2.48,1638600
2020-07-14,2.49,2.66,2.41,2.55,938900
2020-07-15,2.74,2.74,2.56,2.6,683400
2020-07-16,2.6,2.8,2.56,2.74,1081900
2020-07-17,2.77,2.907,2.702,2.72,837900
2020-07-20,2.73,2.8,2.55,2.64,757400
2020-07-21,2.61,2.698,2.55,2.64,565700
2020-07-22,2.69,2.71,2.623,2.66,293700
2020-07-23,2.7,2.85,2.65,2.7,773700
2020-07-24,2.65,2.84,2.6,2.75,515100
2020-07-27,2.81,3,2.76,2.98,1243000
2020-07-28,3.05,3.18,3,3.06,1070400
2020-07-29,3.13,3.473,3.093,3.38,1618400
2020-07-30,3.43,3.49,3.22,3.24,1352500
2020-07-31,3.25,3.42,3.21,3.3,1162600
2020-08-03,3.39,3.43,3.25,3.33,797900
2020-08-04,3.29,3.44,3.12,3.41,959800
2020-08-05,3.36,3.6,3.356,3.6,1049800
2020-08-06,3.62,3.62,3.47,3.56,706400
2020-08-07,3.52,3.68,3.45,3.67,720000
2020-08-10,3.75,4.1,3.72,3.94,1427800
2020-08-11,4,4.05,3.46,3.56,1187200
2020-08-12,3.28,3.53,2.7,3.36,3948100
2020-08-13,3.42,3.58,3.36,3.43,1049400
2020-08-14,3.43,3.56,3.09,3.19,1594600
2020-08-17,3.14,3.19,2.85,3.02,1281400
2020-08-18,3.02,3.06,2.8,2.92,716200
2020-08-19,2.92,2.99,2.64,2.69,1463800
2020-08-20,2.66,3.12,2.61,2.89,1397700
2020-08-21,2.91,3.04,2.77,2.82,834400
2020-08-24,2.86,2.88,2.62,2.73,875300
2020-08-25,2.69,2.97,2.63,2.88,1036700
2020-08-26,2.9,2.93,2.77,2.83,534100
2020-08-27,2.79,2.87,2.65,2.78,749700
2020-08-28,2.78,2.78,2.65,2.71,730000
